v2_target_id,split_role,target_delta_x_m,target_delta_y_m,target_yaw_offset_rad,canonical_position_key,source_candidate_count,source_candidate_ids,source_dataset_roles,source_outcome_delta_yaw_min_rad,source_outcome_delta_yaw_max_rad,split_hash_sha256
T0000,training,-0.3208,0.0000,0.00000000,-0.3208|0.0000,1,1727,train,0.00000000,0.00000000,7badf754fd33b8ae918712953b2c5473236b9da648b2f1e8686cd95777da2b79
T0001,training,-0.3019,-0.2808,0.00000000,-0.3019|-0.2808,1,2213,test_iid,0.06579476,0.06579476,1e9688833c1e5b738f162f1c936f2d1ef49f63164696d6aa2a444a7b5bee79ec
T0002,training,-0.3019,0.2808,0.00000000,-0.3019|0.2808,1,1241,train,-0.06579476,-0.06579476,3efaeadeba0534da198a77edf3710208990e809f7882666da399e83720a7c55c
T0003,training,-0.2985,0.0000,0.00000000,-0.2985|0.0000,1,1721,val_iid,0.00000000,0.00000000,5bb51f5c88acee4c2ce03a632d8a2bf04f18dc16f93b72cbf55444cd22500425
T0004,training,-0.2917,-0.1782,0.00000000,-0.2917|-0.1782,1,2159,val_iid,1.23705787,1.23705787,33bbc3c071add27c74aa6542556e8dcbd2fc7335031f0200489c6b86d35a2c45
T0005,validation,-0.2917,0.1782,0.00000000,-0.2917|0.1782,1,1295,val_iid,-1.23705787,-1.23705787,d256a42a24c9ff1400946314c2ce807323710727773075406f71af08330beba6
T0006,training,-0.2911,0.0000,0.00000000,-0.2911|0.0000,1,1726,train,-0.00000000,-0.00000000,725157159f03db5523e3618d40ae5b05ee1148f3911168756f4e96b9e19d17ec
T0007,training,-0.2867,-0.1483,0.00000000,-0.2867|-0.1483,1,1781,train,-0.73886668,-0.73886668,6b5391e3a33185d106145cef19126f25be18499e40625ecab7f9d0ae0056926b
T0008,training,-0.2867,0.1483,0.00000000,-0.2867|0.1483,1,1673,train,0.73886668,0.73886668,539bf67c1979fc87eedf1eb9b41abef079f13ccaf2204e428f83a19e19eedf6a
T0009,training,-0.2815,-0.2590,0.00000000,-0.2815|-0.2590,1,2207,train,0.08091798,0.08091798,17d02406d3006843d643cb7124a42ebd9d8beae60105aa046e255533ce43f954
T0010,test,-0.2815,0.2590,0.00000000,-0.2815|0.2590,1,1235,train,-0.08091798,-0.08091798,e8dd0ab67d1c519f327f78d29c21199b9a09ffaa5c4da7b77d06e100ede5b16e
T0011,training,-0.2808,-0.3019,0.00000000,-0.2808|-0.3019,1,8801,train,-0.06579476,-0.06579476,5091eb0f0fd50f39ce7721bcbe83fa4445ba2e37f9d74f25b186ae3322255662
T0012,validation,-0.2808,0.3019,0.00000000,-0.2808|0.3019,1,12419,train,0.06579476,0.06579476,dc2c7d3ffc1db174d8fa7ff34eaffc8c65a322f6908cdb0c599266e5667df7d4
T0013,training,-0.2736,-0.2538,0.00000000,-0.2736|-0.2538,1,2212,train,0.07042840,0.07042840,70b50b50534aecba308812dd5d2b89ad4e35d3018e21d6ddfa5c6a07c0148c57
T0014,training,-0.2736,0.2538,0.00000000,-0.2736|0.2538,1,1240,train,-0.07042840,-0.07042840,057cfb437ae45cb093754495024633375459383ec102379c8add79bf61e49e19
T0015,training,-0.2708,0.0000,0.00000000,-0.2708|0.0000,1,1715,train,-0.00000000,-0.00000000,95fc2c8ed4fd5b6dffef782cbe73f8c3b88901b30c232eee6c2deb8a1ac82eb0
T0016,validation,-0.2705,-0.1635,0.00000000,-0.2705|-0.1635,1,2153,val_iid,1.28263731,1.28263731,e1173aacad34a006b90397acab79e646390b853201281f9047435d4c8e92e1f4
T0017,validation,-0.2705,0.1635,0.00000000,-0.2705|0.1635,1,1289,train,-1.28263731,-1.28263731,dda0100d02e9666e0d52840d4f05e6ad7816309b8986ac6e123abb9824460970
T0018,training,-0.2670,0.0000,0.00000000,-0.2670|0.0000,1,1720,train,-0.00000000,-0.00000000,7be63a650a8f67a81cd317759daf620c53682d0af881f973dc9621bb724ed709
T0019,training,-0.2599,-0.1347,0.00000000,-0.2599|-0.1347,1,1775,train,-0.66532755,-0.66532755,3e952e622e73b1238fb505e9d94824793868d420a09acfb67a537364d37eb895
T0020,training,-0.2599,0.1347,0.00000000,-0.2599|0.1347,1,1667,train,0.66532755,0.66532755,6dbbdfe297c16ef043e7caf1dab33c51651c0efcf6de09ed3649fc15bcabdf7d
T0021,training,-0.2590,-0.2815,0.00000000,-0.2590|-0.2815,1,8795,val_iid,-0.08091798,-0.08091798,2ea44160a1bddc9c1fabd0234a719183c4f180ca54b0c85a1b44d07d86f40e58
T0022,training,-0.2590,0.2815,0.00000000,-0.2590|0.2815,1,12413,train,0.08091798,0.08091798,4cdfd6a488d563a7545e6f4bf88c1a6127c84852f41a793305c8dca08a392ed2
T0023,training,-0.2578,-0.1355,0.00000000,-0.2578|-0.1355,1,1780,val_iid,-0.67643995,-0.67643995,65c18a4dd5d02f527d44be33ad82cb134262389909cf2deae063388855eb474c
T0024,training,-0.2578,0.1355,0.00000000,-0.2578|0.1355,1,1672,val_iid,0.67643995,0.67643995,afa444805c92f26de0dd765830a77fdffc1801691f88d9961a87588101ad5153
T0025,training,-0.2538,-0.2736,0.00000000,-0.2538|-0.2736,1,8800,train,-0.07042840,-0.07042840,bcf4f7948e4ff5ce7d7a2632490fce09e0ecb852326013f903dbcfc5426f2aae
T0026,training,-0.2538,-0.2314,0.00000000,-0.2538|-0.2314,1,2201,train,0.09033668,0.09033668,872b98ab0e0603f635b0be909eb9ba55d8c09962764ebce820ad86e2bbe22d25
T0027,validation,-0.2538,0.2314,0.00000000,-0.2538|0.2314,1,1229,test_iid,-0.09033668,-0.09033668,d7deb19c4b4fcf661f16752a8ee5f9e89300f0aafbb7052d5b7dec8871c4ea9f
T0028,training,-0.2538,0.2736,0.00000000,-0.2538|0.2736,1,12418,train,0.07042840,0.07042840,65842b15737067d0804743c40381e21b863bc314f945f56f1fd7494bb96a3d0c
T0029,training,-0.2504,-0.2297,0.00000000,-0.2504|-0.2297,1,2206,train,0.08122750,0.08122750,a51af100d745d287a6405c310c58030ec492d2cf0cfd7ad5b659ed945fe2b876
T0030,training,-0.2504,0.2297,0.00000000,-0.2504|0.2297,1,1234,train,-0.08122750,-0.08122750,4d0cbb4219c2f61eed4501bafffab1685ec85ffd22f30bc59887d04976532988
T0031,training,-0.2440,-0.1257,0.00000000,-0.2440|-0.1257,1,1769,test_iid,-0.62697137,-0.62697137,63d324cbef2e0b46b8f160176667a5b89e36caecb2096d9237111911e57821c2
T0032,training,-0.2440,0.1257,0.00000000,-0.2440|0.1257,1,1661,train,0.62697137,0.62697137,b0b2707a6458d230192449414c053e25486e2587763beb85845ff9368df93c24
T0033,training,-0.2415,0.0000,0.00000000,-0.2415|0.0000,1,1714,train,-0.00000000,-0.00000000,b3d8796231efd4ae3c8ec15ec8d2885c421028c2f5d38c8c3659f8c03506eb71
T0034,training,-0.2395,-0.1231,0.00000000,-0.2395|-0.1231,1,1774,train,-0.60434185,-0.60434185,af807faa66690ffc8565f3181416424c0aebc73ebe0e82ca861292180e9a7da9
T0035,test,-0.2395,0.1231,0.00000000,-0.2395|0.1231,1,1666,train,0.60434185,0.60434185,ec59b0ea886a9acc66abbaf54f7d15aa43126e5bb29cd077d9248a97993d9842
T0036,training,-0.2314,-0.2538,0.00000000,-0.2314|-0.2538,1,8789,train,-0.09033668,-0.09033668,bb1c4314bbd5b00dbf7f093184c55f0bf8e76d1fc0a671f49cdbc42ea6f7fa1d
T0037,training,-0.2314,0.2538,0.00000000,-0.2314|0.2538,1,12407,train,0.09033668,0.09033668,c4e00173ff7dcc5481fec36154ce571ab42431cf65faa78e93ad86fd6f7f544b
T0038,training,-0.2297,-0.2504,0.00000000,-0.2297|-0.2504,1,8794,train,-0.08122750,-0.08122750,4e061e73c0496376be06d627d0e9634e7ad29e802c6aed0ee96c07958ec20234
T0039,training,-0.2297,-0.1286,0.00000000,-0.2297|-0.1286,1,2158,train,1.13618514,1.13618514,07e11a4a2c9e988e1222b362995415e6127e5187aeca7b4e2708d961e31bd02b
T0040,training,-0.2297,0.1286,0.00000000,-0.2297|0.1286,1,1294,train,-1.13618514,-1.13618514,7d6077f5115d342154c5ad9152a1765169bcd8cf4e7f0c5661d9cdb4f614bfa2
T0041,test,-0.2297,0.2504,0.00000000,-0.2297|0.2504,1,12412,train,0.08122750,0.08122750,fb2b9ca0e4c8f09f2c7497b52a12cb5c36725274862e5254234ba73ce6b8db0f
T0042,training,-0.2264,-0.2058,0.00000000,-0.2264|-0.2058,1,2200,train,0.08708042,0.08708042,00f72521dc09fa2282ca99131d6a26f16629f24a11ddf92d7ee63e3e591d20ce
T0043,validation,-0.2264,0.2058,0.00000000,-0.2264|0.2058,1,1228,train,-0.08708042,-0.08708042,d0726d23b5dcad020b372bf8c3f97e2224ac432fad78d5a3992aba744e5f4cd2
T0044,test,-0.2184,-0.1108,0.00000000,-0.2184|-0.1108,1,1768,train,-0.53081573,-0.53081573,fcf40a64213a4346704fff2e58bfc62c75bb5c3c91905cd7aeab451699b4b844
T0045,training,-0.2184,0.1108,0.00000000,-0.2184|0.1108,1,1660,train,0.53081573,0.53081573,3a6041171554491c27f3fec10ffa6bffaa720ba67ee6999aa29d47bc6a542b18
T0046,training,-0.2161,-0.1200,0.00000000,-0.2161|-0.1200,1,2147,train,1.11578530,1.11578530,7064740f20c049678356ef8fdf3114d64682e9761becf7f46302b6f6e382fc35
T0047,test,-0.2161,0.1200,0.00000000,-0.2161|0.1200,1,1283,train,-1.11578530,-1.11578530,e8357af46567c6a5d55230b79f30b79238eee658088562cbe4822bf4e6716e63
T0048,training,-0.2159,-0.1189,0.00000000,-0.2159|-0.1189,1,2152,train,1.15131863,1.15131863,ca017e7d730a658165ca896666e02d4e7cc835d2384beb2255a08d2162cc6d9c
T0049,test,-0.2159,0.1189,0.00000000,-0.2159|0.1189,1,1288,train,-1.15131863,-1.15131863,f1de637bebb8e014d89bf447e697cd1ee95081762fbb5017fca4227329a00b42
T0050,training,-0.2058,-0.2264,0.00000000,-0.2058|-0.2264,1,8788,val_iid,-0.08708042,-0.08708042,8e0885bfe90d43e8ea7c3c6627780cf383093394d3903ae9fb4981156f7a6a04
T0051,validation,-0.2058,0.2264,0.00000000,-0.2058|0.2264,1,12406,train,0.08708042,0.08708042,dde6776ef5dddb0637a06a8b5d199c12200434caba3937575379f43c21b7ee52
T0052,test,-0.2019,-0.1791,0.00000000,-0.2019|-0.1791,1,1835,train,-0.71725588,-0.71725588,ed343140f82f7ad1d0aa00c1ff2e788d8ba4e08ee842063ecdbbdfbe0d9ba484
T0053,training,-0.2019,-0.1790,0.00000000,-0.2019|-0.1790,1,1834,train,-0.71723425,-0.71723425,2362e8c4fb781ff6ddcfa79de1642c863fed11fc48ab8fbe93b3ed9c50e6e909
T0054,training,-0.2019,0.1790,0.00000000,-0.2019|0.1790,1,1618,val_iid,0.71723425,0.71723425,91581f213f1a01e52bd7f85b51176ba8dd8460b2aa72e39895c4a2ecb23d7d64
T0055,training,-0.2019,0.1791,0.00000000,-0.2019|0.1791,1,1619,train,0.71725588,0.71725588,881ff5ab249be70ea9ce1f2d0d9934bc436cd7daf2731614a17ffc022b833c76
T0056,training,-0.1972,-0.1094,0.00000000,-0.1972|-0.1094,1,2146,test_iid,0.98981661,0.98981661,070282922ed6ed8d3eae5d9faa4a8c43381b91fad52405a2a8f519550bf98585
T0057,training,-0.1972,0.1094,0.00000000,-0.1972|0.1094,1,1282,train,-0.98981661,-0.98981661,7277f8b24aeaa758cdee735a631759f273c85165418bc90a3097de5c6ac02fa7
T0058,validation,-0.1949,-0.1705,0.00000000,-0.1949|-0.1705,1,1829,train,-0.75873726,-0.75873726,d8546ff7418ba04f24dc83e16017bf238aabd348fbe9e70368f68d21fbe457d2
T0059,training,-0.1949,0.1705,0.00000000,-0.1949|0.1705,1,1613,train,0.75873726,0.75873726,5a872301efefe9ba9f8f3f4e3de909d45fe554d6481ddfb188b730975a4e854a
T0060,test,-0.1939,-0.1696,0.00000000,-0.1939|-0.1696,1,1828,train,-0.75838761,-0.75838761,e5d9da96a3b0814660f5376f43f65de0198925d5272aab8d8eee41a953dec3dd
T0061,training,-0.1939,0.1696,0.00000000,-0.1939|0.1696,1,1612,test_iid,0.75838761,0.75838761,7ba95c37a9fa898ac67e4cb6cdf30bc4392b02cc3454af80dea73143f18e2f58
T0062,training,-0.1872,-0.1621,0.00000000,-0.1872|-0.1621,1,1823,train,-0.78503153,-0.78503153,a5b8c2a7079c071a17f7de9b29ec7098c5f48945c08194f0e930b0148527cfb8
T0063,training,-0.1872,0.1621,0.00000000,-0.1872|0.1621,1,1607,train,0.78503153,0.78503153,5b75a180b85e92f3712cc5b60af58e1d64d0047468237b89e0dc5c6b7334605c
T0064,training,-0.1867,-0.1829,0.00000000,-0.1867|-0.1829,1,2267,train,-0.41605196,-0.41605196,83ddd0e5caffef736cd70f3d2dfec0c7b79ce601a70a0b8b3affa3442c656d47
T0065,training,-0.1867,0.1829,0.00000000,-0.1867|0.1829,1,1187,train,0.41605196,0.41605196,a1ab2dbd90acb9bc2d4f3287c9c8ed760f43639c3e282d070f099bf6c285d663
T0066,validation,-0.1851,-0.1814,0.00000000,-0.1851|-0.1814,1,2266,train,-0.40644882,-0.40644882,ce44c84193057ed0c37bdbf37d0e104abec4b459ed08b1996776ee8f7fbb8b89
T0067,training,-0.1851,0.1814,0.00000000,-0.1851|0.1814,1,1186,train,0.40644882,0.40644882,3ec0c1771838e668540f622f78e9fe60a4131114ae2cd7f6ca8189d3fd323b88
T0068,training,-0.1848,0.0000,0.00000000,-0.1848|0.0000,1,1725,train,-0.00000000,-0.00000000,0c4305b1def116e55d3bac7315d1a4441be631eeea44bc8db5b88f8965b0ccd0
T0069,training,-0.1836,-0.1805,0.00000000,-0.1836|-0.1805,1,2261,train,-0.36836004,-0.36836004,737a598f06b8bd68caf64d191b9136d34aca95f56d9f73a19492810f61577ed3
T0070,validation,-0.1836,0.1805,0.00000000,-0.1836|0.1805,1,1181,train,0.36836004,0.36836004,d4744fb52c68ec01a11b8a4119d039ae50752944206ab84d03096f2b68c4436c
T0071,test,-0.1830,-0.1588,0.00000000,-0.1830|-0.1588,1,1822,train,-0.76992751,-0.76992751,fe645fbcb2e332a324b725da6a21d624c32cf9302338ffcf2fcf80efcd145d0d
T0072,training,-0.1830,0.1588,0.00000000,-0.1830|0.1588,1,1606,train,0.76992751,0.76992751,666e769f891ae0914ed5147cd62ada4eba37aca113b28e080cf4201a5665d15b
T0073,training,-0.1829,-0.1867,0.00000000,-0.1829|-0.1867,1,8747,train,0.41605196,0.41605196,648ed2058904db443eac453fd6587870bdb98d85b324a555045a60c58bdec07a
T0074,training,-0.1829,0.1867,0.00000000,-0.1829|0.1867,1,12473,train,-0.41605196,-0.41605196,7aebf4b0a0f0a0157273aa797c1976a840bdc5798b56aefd07a4404580b716f0
T0075,training,-0.1814,-0.1851,0.00000000,-0.1814|-0.1851,1,8746,train,0.40644882,0.40644882,6ffb03c66f277bbb10413d1c9a25e4f134a03f47e3f87d87d3fcb85b391d9f14
T0076,training,-0.1814,0.1851,0.00000000,-0.1814|0.1851,1,12472,train,-0.40644882,-0.40644882,88d90b6c5e679506de665796576900239065c6c46818c882dda1df2f4c66cc4f
T0077,training,-0.1805,-0.1836,0.00000000,-0.1805|-0.1836,1,8741,test_iid,0.36836004,0.36836004,2be4bd3d2b0b18c82de814d577e92286dc43f01d012604db27c7602dbc31a91c
T0078,training,-0.1805,0.1836,0.00000000,-0.1805|0.1836,1,12467,train,-0.36836004,-0.36836004,7e36017c13a1ebe06b98026e68924473cff5ff804221859f202ab28028c5b602
T0079,training,-0.1791,-0.2019,0.00000000,-0.1791|-0.2019,1,8423,train,0.71725588,0.71725588,2def450c6cce07292199fff73b86c5ccbf069d07eb91a917162ed09a44083d0e
T0080,training,-0.1791,0.2019,0.00000000,-0.1791|0.2019,1,12041,train,-0.71725588,-0.71725588,4d300982da88dbe4dab6c87fcedf61adae4d83e8d289b873ca38122c44c29613
T0081,test,-0.1790,-0.2019,0.00000000,-0.1790|-0.2019,1,8422,test_iid,0.71723425,0.71723425,f418ba9f2f1cd2ba0cc4275ab5de3b1c24a4bb232a87d14607be0cf0172166f1
T0082,validation,-0.1790,0.2019,0.00000000,-0.1790|0.2019,1,12040,val_iid,-0.71723425,-0.71723425,e1ffec65c9da13d1899e105117c704a10938aa758bc6e8039f70240068351cca
T0083,training,-0.1782,-0.2917,0.00000000,-0.1782|-0.2917,1,8855,train,-1.23705787,-1.23705787,17273b33fc029e10e12e0f79115f029754f627f3fdc9cf9501b0e2bd895351dc
T0084,training,-0.1782,0.2917,0.00000000,-0.1782|0.2917,1,12365,train,1.23705787,1.23705787,851c77cf13438c8a6fd47da78b27462cde461b2edc8d50b3feb623e2960b7126
T0085,training,-0.1775,-0.0901,0.00000000,-0.1775|-0.0901,1,1779,train,-0.40516384,-0.40516384,22d924d944d7b22c80f18933703a91393921e7f69fd12bf11319249c48522e08
T0086,training,-0.1775,0.0901,0.00000000,-0.1775|0.0901,1,1671,test_iid,0.40516384,0.40516384,2b78092de028e8629b0ff4872898bbd71efeb3502f615cde736fd7f6c4c34946
T0087,training,-0.1754,-0.1725,0.00000000,-0.1754|-0.1725,1,2255,val_iid,-0.33304434,-0.33304434,191cebc58e9bb3d7b8d66602445913eb63d6534b3f56f66ac0f149a3ae68462e
T0088,training,-0.1754,0.1725,0.00000000,-0.1754|0.1725,1,1175,train,0.33304434,0.33304434,4a992fa535af089278f2663759f714c043902a2d2ef3ec85feccdc29f5ee8382
T0089,training,-0.1752,-0.1612,0.00000000,-0.1752|-0.1612,1,2211,train,0.06810583,0.06810583,77aebd4614b5fa95d97b86c400268822d6b2202ab246b31bc3b42c301383bf9d
T0090,training,-0.1752,0.1612,0.00000000,-0.1752|0.1612,1,1239,train,-0.06810583,-0.06810583,9e5d00bf05a0abb14515f4c996081268e3f6e5d8432fb7dffda32c8743a69ec7
T0091,training,-0.1732,-0.1707,0.00000000,-0.1732|-0.1707,1,2260,train,-0.30701820,-0.30701820,17fd20689c83d3d40e3567a81cb6fe3d200b7991a290421945b567876f7e2070
T0092,training,-0.1732,0.1707,0.00000000,-0.1732|0.1707,1,1180,train,0.30701820,0.30701820,56e592cfcfdee1dc40e727113e51424049abe772f1b80c2897b975ffa075bc3f
T0093,training,-0.1725,-0.1754,0.00000000,-0.1725|-0.1754,1,8735,train,0.33304434,0.33304434,55c7dcb53b8ea2e63e18be5063e19f06478617725390453d48344e423a95de90
T0094,training,-0.1725,0.1754,0.00000000,-0.1725|0.1754,1,12461,test_iid,-0.33304434,-0.33304434,6446a1e032c9742a271db574d43d0dfe8996f3f5a526988e337ef52953d9249d
T0095,training,-0.1707,-0.1732,0.00000000,-0.1707|-0.1732,1,8740,train,0.30701820,0.30701820,3c9d1b1458bd76724741ccbfdde974f51a63743898f3a3259788c1fdaaf5f32f
T0096,training,-0.1707,0.1732,0.00000000,-0.1707|0.1732,1,12466,train,-0.30701820,-0.30701820,5cfa58acfb55f958518ea6cfd76721dee6270fb4bd983a392e2380efdb6baf0a
T0097,training,-0.1705,-0.1949,0.00000000,-0.1705|-0.1949,1,8417,train,0.75873726,0.75873726,a3b2af4091839f6c0d4e080c6e8a4d5bb94b2963c4c92cfa79f494e87ca11688
T0098,training,-0.1705,0.1949,0.00000000,-0.1705|0.1949,1,12035,train,-0.75873726,-0.75873726,1886cf4f7ef123f784ae4da93fc67148d0c667026c2302af3be371e64a188aff
T0099,training,-0.1696,-0.1939,0.00000000,-0.1696|-0.1939,1,8416,train,0.75838761,0.75838761,553b999fc0c1559b66f3f848c58737fb065228bc80759215ceba3c09c5aabc13
T0100,training,-0.1696,0.1939,0.00000000,-0.1696|0.1939,1,12034,train,-0.75838761,-0.75838761,086537ce31bfb3cfe22e227a2d73c0caede731e46fd3a85227cda0bfcef791ba
T0101,training,-0.1675,0.0000,0.00000000,-0.1675|0.0000,1,1719,train,0.00000000,0.00000000,6c63a82d8607380b68d4d19c92f0c1793dd11a20e0b9c0cc1d440c8d291e2b5a
T0102,training,-0.1651,-0.1626,0.00000000,-0.1651|-0.1626,1,2254,val_iid,-0.28576229,-0.28576229,3b8e6d73827062aa488c8900eafdaf4b702ca9e2ab25cd14ae8b62b233687ce2
T0103,training,-0.1651,0.1626,0.00000000,-0.1651|0.1626,1,1174,train,0.28576229,0.28576229,5974e6b9b1d5e5770be2fee60b9bb083662864b80e841f443c3a727bdfbcd169
T0104,training,-0.1636,0.0000,0.00000000,-0.1636|0.0000,1,1724,train,0.00000000,0.00000000,cb4869fc9175e423e1b681be3372016811ce478cefb06f231085b6aa4b2d76d2
T0105,training,-0.1635,-0.2705,0.00000000,-0.1635|-0.2705,1,8849,train,-1.28263731,-1.28263731,89e64fc1d4d5c0e29ce0502dc7094af909fdea8d9f608f11582a152bca8773aa
T0106,training,-0.1635,0.2705,0.00000000,-0.1635|0.2705,1,12359,train,1.28263731,1.28263731,227c247f2ced5eca5b9373b609d2d8770bc38eb2a0d2ccfd0f1bc52fbfc7dfa7
T0107,training,-0.1631,-0.0920,0.00000000,-0.1631|-0.0920,1,2157,test_iid,0.69326080,0.69326080,af13dc63eb0e7f7ef87298f5d6f22abc772c789932dec8a18858d50621fc087a
T0108,training,-0.1631,0.0920,0.00000000,-0.1631|0.0920,1,1293,train,-0.69326080,-0.69326080,c975dbc8de58a1d69c821429d36527a9cc5c8c81d80ce4be5ca8d75ede4b4b2a
T0109,training,-0.1626,-0.1651,0.00000000,-0.1626|-0.1651,1,8734,train,0.28576229,0.28576229,1bc2922f9a4d742c50fea38ff18e673f9054e560c41f22cd55b1031dbac734cb
T0110,training,-0.1626,0.1651,0.00000000,-0.1626|0.1651,1,12460,train,-0.28576229,-0.28576229,9b9aa0f87630fd05cc138afb0364c1bcbd2b8d2f12df23825ed927967e6155ad
T0111,test,-0.1621,-0.1872,0.00000000,-0.1621|-0.1872,1,8411,train,0.78503153,0.78503153,e9712a887a8b046077a06959a825eddc6f6d08068871cfd24107b2de6727e9b9
T0112,training,-0.1621,0.1872,0.00000000,-0.1621|0.1872,1,12029,train,-0.78503153,-0.78503153,4077db36516299ef7ee7d58643391df982dad9919099dce8b86304e404167944
T0113,training,-0.1612,-0.1752,0.00000000,-0.1612|-0.1752,1,8799,train,-0.06810583,-0.06810583,7c31f383e366a377c5e5969e8a47dc37d8dd6d541ae932761a3755642a797933
T0114,training,-0.1612,0.1752,0.00000000,-0.1612|0.1752,1,12417,train,0.06810583,0.06810583,a720510149b9cb8b3767411892803b0ce496a8d91c361c2035def6e8daf8e171
T0115,training,-0.1599,-0.0793,0.00000000,-0.1599|-0.0793,1,1773,test_iid,-0.35343410,-0.35343410,a4fc826295865acf1506bec59889f87b857a7c991969e5313510caf8c7d140ce
T0116,training,-0.1599,0.0793,0.00000000,-0.1599|0.0793,1,1665,train,0.35343410,0.35343410,80ee3fd1817ab47d2f6cdcff44dcd57177c55bbd7de0860f895bb5887e50ee0d
T0117,training,-0.1588,-0.1830,0.00000000,-0.1588|-0.1830,1,8410,train,0.76992751,0.76992751,09d9745b304e5448b23b0cfc401c326be515cc2b24a0883992997452e353b0c7
T0118,training,-0.1588,0.1830,0.00000000,-0.1588|0.1830,1,12028,test_iid,-0.76992751,-0.76992751,cb702451a4214cdf3bb75abd79b1ba428b250c46df2a75ea0b3ba6d7d8db278d
T0119,training,-0.1578,-0.1434,0.00000000,-0.1578|-0.1434,1,2205,train,0.07278598,0.07278598,82bdeb56a8ea6f18b0d55aa772c71d03b7ebf193d9147ead6f385f093be30df7
T0120,training,-0.1578,0.1434,0.00000000,-0.1578|0.1434,1,1233,train,-0.07278598,-0.07278598,4c23fd413e390858ca3b6fb55ff903248f5d900059be58d5bd71398e384575fe
T0121,test,-0.1548,0.0000,0.00000000,-0.1548|0.0000,1,1709,train,0.00000000,0.00000000,fc1dbe4d27078b9a3f2b081569580de6d434b8dd358317f08bcdd543a25ac2f2
T0122,test,-0.1533,-0.1406,0.00000000,-0.1533|-0.1406,1,2210,train,0.06511928,0.06511928,f8ba69f4a516ca16c6955b55f1c85297f096ab89e8bead4d1674361c0d22ee1f
T0123,training,-0.1533,-0.0768,0.00000000,-0.1533|-0.0768,1,1778,train,-0.33916234,-0.33916234,914ce40fa4bc556d13d91ed03c7b5307dec259834422238548a39616f19be0ee
T0124,training,-0.1533,0.0768,0.00000000,-0.1533|0.0768,1,1670,train,0.33916234,0.33916234,9f6e41d4d89fef6223a60564dc150920d4e1554038f4f17ddc2a62d259252f97
T0125,training,-0.1533,0.1406,0.00000000,-0.1533|0.1406,1,1238,train,-0.06511928,-0.06511928,352172c68c0e4191bc0f36baba8329107bb6f3e110ca4201fea8b75f4cc41855
T0126,training,-0.1483,-0.2867,0.00000000,-0.1483|-0.2867,1,8477,test_iid,0.73886668,0.73886668,300afe3256fa2991cc311919cb0c35864427f240754ad2854877c31eb393226d
T0127,training,-0.1483,0.2867,0.00000000,-0.1483|0.2867,1,11987,train,-0.73886668,-0.73886668,a9592341017f48ada584a72c6be4d7e5750bee17e9f9aa76e9a583c95101f03d
T0128,training,-0.1475,-0.0827,0.00000000,-0.1475|-0.0827,1,2151,train,0.66551426,0.66551426,25602ea4694c466ff3eb4af5e24969f26c25966231c455f041da5a6444d0fcb5
T0129,training,-0.1475,0.0827,0.00000000,-0.1475|0.0827,1,1287,val_iid,-0.66551426,-0.66551426,ad32cc31f2ce81ff5934ddfda81677c397e0db44a821a9442f5afba87d9326d1
T0130,training,-0.1471,-0.0283,0.00000000,-0.1471|-0.0283,2,2104;2105,train,1.77448409,1.77448409,bdbd6c179a0818980233bdcbf97f61ddc04abdbac9ab3499deae5ae900adfa05
T0131,training,-0.1471,0.0283,0.00000000,-0.1471|0.0283,2,1348;1349,train,-1.77448409,-1.77448409,604ef57d26359a0131ea89ccae91d42e8f585cbc2414eb0eb57b55f67addcffb
T0132,training,-0.1470,0.0000,0.00000000,-0.1470|0.0000,1,1713,train,-0.00000000,-0.00000000,3a4b0cb55f93d752d064289883331c6908eb3961fe261c0d3c7dd6b4bc3e82af
T0133,test,-0.1459,-0.0312,0.00000000,-0.1459|-0.0312,2,2098;2099,train;val_iid,1.77796041,1.77796041,fd070d27bda86c669ee3ad77c3b3de3dc837cbe5256c609fdac69f19ea72ee17
T0134,training,-0.1459,0.0312,0.00000000,-0.1459|0.0312,2,1342;1343,train,-1.77796041,-1.77796041,bd7d19078cbf2790a299bc93ba937ef03b732c0040a189869acadcc2093b6278
T0135,training,-0.1456,-0.0834,0.00000000,-0.1456|-0.0834,1,1763,train,-0.29072880,-0.29072880,87024716918c26121b55a04882dada3d6ac9fd598e2e4c4ca772b0c90150d22f
T0136,validation,-0.1456,0.0834,0.00000000,-0.1456|0.0834,1,1655,train,0.29072880,0.29072880,dc70c1d0d9afce69b1e561e101fca06de66bd077e8fcd73c2daf82b3d5ebebd6
T0137,validation,-0.1455,-0.1375,0.00000000,-0.1455|-0.1375,1,2195,train,0.01247585,0.01247585,df37d44c2f6b52028f2bf862170be5461733e76847fb1283698d520dd9c8979a
T0138,validation,-0.1455,0.1375,0.00000000,-0.1455|0.1375,1,1223,train,-0.01247585,-0.01247585,e3783954ecf8858dbb51cf64322fb0d2f6d79706603c2794f969ace1feb33918
T0139,training,-0.1451,-0.0820,0.00000000,-0.1451|-0.0820,1,2156,val_iid,0.61453934,0.61453934,b5f3033d4fba0c63ddc98ade915a24ce7751516e005ccb9e7b63bf7be5ca77b3
T0140,training,-0.1451,0.0820,0.00000000,-0.1451|0.0820,1,1292,train,-0.61453934,-0.61453934,be9da0e36376fe991b8bf6bc7374394a35b69c66897a147d32bbb9fed1831f69
T0141,training,-0.1437,0.0000,0.00000000,-0.1437|0.0000,2,1708;1718,train,0.00000000,0.00000000,bf9dce3685202480aafe9d2fe0cefb0e10eaea8a6a978e4af37650b7daaa441c
T0142,training,-0.1434,-0.1578,0.00000000,-0.1434|-0.1578,1,8793,val_iid,-0.07278598,-0.07278598,8c69ca2513651caf6d9e7adac5a027652dec12ffb916ca3f5fd4c910b5029a83
T0143,training,-0.1434,0.1578,0.00000000,-0.1434|0.1578,1,12411,train,0.07278598,0.07278598,a65ff32bc682540f2e563a1d98fa468daa459fe749b3793fbf3fc816a43aa1a3
T0144,training,-0.1432,0.0000,0.00000000,-0.1432|0.0000,1,1703,test_iid,-0.00000000,-0.00000000,4207534543391e963a7809be2bd00d08c1184a7f31b6a675dd94414edbd1e50c
T0145,training,-0.1415,-0.0274,0.00000000,-0.1415|-0.0274,1,2093,train,1.69611149,1.69611149,1d4402f6e753fb7f134b62e597853e119e0bcde79d089451de35e848d6a2c586
T0146,training,-0.1415,0.0274,0.00000000,-0.1415|0.0274,1,1337,train,-1.69611149,-1.69611149,05ba9d4c3f0f86077c33229bbcad897156fa9afc85e6f376c3d9363959703e29
T0147,training,-0.1412,-0.0272,0.00000000,-0.1412|-0.0272,1,2092,val_iid,1.69627880,1.69627880,6250bcab7865cadfbe9dd3ff9295f8d0c07c2a65f60a9942f2f8fb3313403a56
T0148,training,-0.1412,0.0272,0.00000000,-0.1412|0.0272,1,1336,train,-1.69627880,-1.69627880,9b834b915adfac89109c9044b39429e6746b97a3e211cd90dc4cb286cd378a1b
T0149,test,-0.1408,-0.0868,0.00000000,-0.1408|-0.0868,1,2141,train,0.39168495,0.39168495,f52d177a3cce292dc25438c04020510ee35725a27f70266400d67d8a820d58cd
T0150,training,-0.1408,0.0868,0.00000000,-0.1408|0.0868,1,1277,train,-0.39168495,-0.39168495,9ec43c0d07c9effcb4ca74b61440b96b603df787b3fa1276e4aeeb9611415fcc
T0151,training,-0.1406,-0.1533,0.00000000,-0.1406|-0.1533,1,8798,train,-0.06511928,-0.06511928,718ed44c57ff97496aeb76ecfffca3d51b8737b59f69a4304a0ea8aaca304b67
T0152,test,-0.1406,0.1533,0.00000000,-0.1406|0.1533,1,12416,train,0.06511928,0.06511928,fd85f4a0c54ec3985453948f86b87d5475fc77043fda3b6b4936c0a4dda298f4
T0153,training,-0.1398,-0.0674,0.00000000,-0.1398|-0.0674,1,1767,train,-0.29796225,-0.29796225,519326659ef25a15f816c7553d150e3f72a6a283ec5c5682bd0c7b40ec1fbc65
T0154,training,-0.1398,0.0674,0.00000000,-0.1398|0.0674,1,1659,train,0.29796225,0.29796225,7d8b0bf0254ee2a94fdf76562fadf52f54eadb180060766f396ccd2f28e313e8
T0155,training,-0.1390,-0.1299,0.00000000,-0.1390|-0.1299,1,2189,train,0.03913211,0.03913211,51a3c71edde0f070427b09d6ec4375defec9d1713cb11c956193fe0d5ba18abc
T0156,training,-0.1390,0.1299,0.00000000,-0.1390|0.1299,1,1217,train,-0.03913211,-0.03913211,0b936ffe0029bc475e57876a1f663c1105850857dd10e501b40bace3dde95d4c
T0157,training,-0.1388,-0.1370,0.00000000,-0.1388|-0.1370,1,2265,train,-0.21454647,-0.21454647,7325bb6e0adda43da4ed324b6560aaf0d7e3f5f0706de3300a22da971e864a62
T0158,test,-0.1388,0.1370,0.00000000,-0.1388|0.1370,1,1185,train,0.21454647,0.21454647,fe0955d6327114b7b907bcce9e219e316d1e24b22470cc63efd9b7eb31aa123e
T0159,training,-0.1385,-0.1247,0.00000000,-0.1385|-0.1247,1,2199,train,0.06898663,0.06898663,b726eeab0289115e519516549139345ea4dd6cdb667643c53a22f01513e6441f
T0160,training,-0.1385,0.1247,0.00000000,-0.1385|0.1247,1,1227,train,-0.06898663,-0.06898663,6f9fe43a931768b3c34a1f5f24a42c1ec0fa2a866cd4e182475549db72d8893c
T0161,training,-0.1375,-0.1455,0.00000000,-0.1375|-0.1455,1,8783,val_iid,-0.01247585,-0.01247585,a482402878218a1844fb9e526c48282b693f41290fc6a4e9cff57fad30fb1c5b
T0162,training,-0.1375,0.1455,0.00000000,-0.1375|0.1455,1,12401,train,0.01247585,0.01247585,8072441b5ff2b892620ba401dd929b9d9a7141c3dd0a8ba44e5d0a238c985699
T0163,training,-0.1370,-0.1388,0.00000000,-0.1370|-0.1388,1,8745,train,0.21454647,0.21454647,6d901f7d42f4005bc07b667d72314dbc70acee8f4f5be8bd262e1661f39565bb
T0164,training,-0.1370,0.1388,0.00000000,-0.1370|0.1388,1,12471,train,-0.21454647,-0.21454647,6110e9f46c8315e2d670c0aca517afe72bd5a4041e11b4b29d98aeea7b9f6ab3
T0165,training,-0.1367,-0.1238,0.00000000,-0.1367|-0.1238,1,2204,train,0.06598547,0.06598547,957e29f4da7c7f8312fc64e5fab0038f4525918fa89b1f4c454579c6a19437ed
T0166,training,-0.1367,0.1238,0.00000000,-0.1367|0.1238,1,1232,test_iid,-0.06598547,-0.06598547,2c6789de05a17f1b113f81e0cc097a6b3a72eaa50bb2e436bb8cb191aa48b9de
T0167,training,-0.1363,-0.0671,0.00000000,-0.1363|-0.0671,1,1772,train,-0.29621541,-0.29621541,b06d7f31c8852e4443766e041a50556ff8d8e0a3d05266f90e6d4d08b8d67901
T0168,validation,-0.1363,0.0671,0.00000000,-0.1363|0.0671,1,1664,train,0.29621541,0.29621541,e2cc89fc5963a28aab27797a89a167fc91e9c013101fce370a69a5bb39114042
T0169,training,-0.1355,-0.2578,0.00000000,-0.1355|-0.2578,1,8476,val_iid,0.67643995,0.67643995,ae123be8943b89b0ba7a926e58bd73e9fde6b441f1d363744698e7f3cb3eb2f1
T0170,training,-0.1355,0.2578,0.00000000,-0.1355|0.2578,1,11986,val_iid,-0.67643995,-0.67643995,c76ac5ff471ec7b996bf89515a6940530ebf42bf7cf63b7594f97631ace6c09c
T0171,training,-0.1347,-0.2599,0.00000000,-0.1347|-0.2599,1,8471,val_iid,0.66532755,0.66532755,98e354ef42c581ff97cd68de2e619e4bbd294c75069d454e6626a29f24ab1226
T0172,training,-0.1347,0.2599,0.00000000,-0.1347|0.2599,1,11981,train,-0.66532755,-0.66532755,0b9339cfee8c0dacc9e245c40dc0afb641e29bddd96f51c70807848411fac4f1
T0173,test,-0.1338,-0.1209,0.00000000,-0.1338|-0.1209,1,1833,train,-0.55202432,-0.55202432,f78f49778608823eaa1c1bcd4d8d8442427336d854d62d5fc02f1f259617d3a7
T0174,training,-0.1338,0.1209,0.00000000,-0.1338|0.1209,1,1617,train,0.55202432,0.55202432,93bd9faa7edf0cdf19a4d8d8d7d134719b3b64619665e355c5db45215c216d33
T0175,training,-0.1325,-0.0751,0.00000000,-0.1325|-0.0751,1,1762,train,-0.25688191,-0.25688191,397a06bc7ff69c6df929ba578fb91d30e97362f6c5f7284a841f6449f7405ea1
T0176,training,-0.1325,0.0751,0.00000000,-0.1325|0.0751,1,1654,train,0.25688191,0.25688191,65a35cc7754dea87dff631b2dd837f9f63183604bd1541d2f52b775bc127860a
T0177,training,-0.1320,-0.0743,0.00000000,-0.1320|-0.0743,1,1757,train,-0.24717062,-0.24717062,2777988933784d34eba44e8574e88ac5a5d85921fbb49e3d8e0eaba3bc03b881
T0178,test,-0.1320,0.0743,0.00000000,-0.1320|0.0743,1,1649,train,0.24717062,0.24717062,faf3f336215bb3d19534e673fa9a793648c225627c1762e7eb85f2b096dbb1a4
T0179,training,-0.1316,-0.1239,0.00000000,-0.1316|-0.1239,1,2194,test_iid,0.01893722,0.01893722,32652c9eced852c8d6fe3e4b69519ca6ead87d9e1c4cfb6a34c7c23c7cc999d7
T0180,test,-0.1316,0.1239,0.00000000,-0.1316|0.1239,1,1222,test_iid,-0.01893722,-0.01893722,ffc07ab318a12238fc1eac6a4cd83394aa9c27acc6a283870a18a8577afab856
T0181,training,-0.1308,-0.0731,0.00000000,-0.1308|-0.0731,1,2145,train,0.58287701,0.58287701,5844c891b9a551ba75adc440923d910cf75a12a1eae31396abc966c800bb22f6
T0182,training,-0.1308,0.0731,0.00000000,-0.1308|0.0731,1,1281,train,-0.58287701,-0.58287701,65bcd8186eb58cc49ee45e9a4641e33c127a6d98cfbedc63c0d6436fc81387cf
T0183,training,-0.1306,0.0000,0.00000000,-0.1306|0.0000,1,1697,train,0.00000000,0.00000000,ad1c68bf295e1cce02a1e464faa481e232c603739ed309f68578f408c35f73f5
T0184,training,-0.1299,-0.1390,0.00000000,-0.1299|-0.1390,1,8777,test_iid,-0.03913211,-0.03913211,a984533692677719feb11a8d82144f1584202b3c1de4e54bc6602f951b9c055c
T0185,training,-0.1299,0.1390,0.00000000,-0.1299|0.1390,1,12395,train,0.03913211,0.03913211,52d86d9c988181e126eb8873a901437ad3667345d36b81300c6c88ffcbdaa07a
T0186,training,-0.1293,-0.1210,0.00000000,-0.1293|-0.1210,1,1817,train,-0.36697804,-0.36697804,19626358b97f37da565989e036fe5a25706aaa92f98e91dff0270ee95026fe6e
T0187,training,-0.1293,0.1210,0.00000000,-0.1293|0.1210,1,1601,val_iid,0.36697804,0.36697804,7cf27482ab72ebd8e9432fd1d25297c62a8098b08f78e37fe76260eecd7bb995
T0188,test,-0.1289,-0.0722,0.00000000,-0.1289|-0.0722,1,2150,train,0.57148108,0.57148108,ebf6246fb21f48f54a9a41159e23f3e5953cb40ca03fbbcec5f427991e83bba8
T0189,training,-0.1289,0.0722,0.00000000,-0.1289|0.0722,1,1286,train,-0.57148108,-0.57148108,1c59c2ebb8ed9c4023657d3e50f066b8d2605f7b5aa0a58e2ebda9825adff9c4
T0190,training,-0.1288,-0.0783,0.00000000,-0.1288|-0.0783,1,2135,val_iid,0.36415796,0.36415796,9843b8c8525e3f6e52dc89e70c9522cd0f2f3b8647c800f044a749dd214af7f0
T0191,validation,-0.1288,0.0783,0.00000000,-0.1288|0.0783,1,1271,train,-0.36415796,-0.36415796,cc56e64b185b9f418fc1afa8280a1a762e7c9a181ce97f3af310b18adba9f980
T0192,test,-0.1286,-0.2297,0.00000000,-0.1286|-0.2297,1,8854,train,-1.13618514,-1.13618514,fd57bde24de92b12972c42ce0c799a46722e572f95a17b0c0c8415230ac589e0
T0193,training,-0.1286,0.0000,0.00000000,-0.1286|0.0000,1,1702,train,0.00000000,0.00000000,1e996f45d1bac49753420f057a245897e81d4bcd25605b276ddc4648e9a99a5b
T0194,training,-0.1286,0.2297,0.00000000,-0.1286|0.2297,1,12364,val_iid,1.13618514,1.13618514,98526b6d3f459b83e987bb14845aeec2cb4704fed1a9348a1b77208f6532185f
T0195,training,-0.1283,-0.0210,0.00000000,-0.1283|-0.0210,1,2103,train,1.51967197,1.51967197,87d9746644c05f3ea597cbb86332bd7e3f80d4eb6d379e68ac13db0273fc2689
T0196,training,-0.1283,0.0210,0.00000000,-0.1283|0.0210,1,1347,test_iid,-1.51967197,-1.51967197,96b0e5372c4c98aa528f88ff6c787bc34418b0b6f59c0e34b9bdab9b1b9b2b1b
T0197,training,-0.1279,0.0000,0.00000000,-0.1279|0.0000,1,1712,train,0.00000000,0.00000000,02718f5031cba51f957bdbb3d34aebe51838dcfb3160feac98c30476fcd6fd3f
T0198,test,-0.1268,-0.1255,0.00000000,-0.1268|-0.1255,1,2259,train,-0.16029168,-0.16029168,eb46e6f034c299c3377349b84176f530638c18cbe5e7f39361337ebe164c6823
T0199,validation,-0.1268,0.1255,0.00000000,-0.1268|0.1255,1,1179,train,0.16029168,0.16029168,ccc2a8f007aa0cffd2346befa42bf05447249a96f4d53d5aedd4322f60028ea5
T0200,training,-0.1267,-0.1252,0.00000000,-0.1267|-0.1252,1,2264,train,-0.17851049,-0.17851049,a53e0c291451c0072d565c7760dda9f9bce2b47728bba15b029043e716176503
T0201,training,-0.1267,0.1252,0.00000000,-0.1267|0.1252,1,1184,train,0.17851049,0.17851049,711b85b50d9d372c26b400ee2cecf987bf551c443d40e905ba6836f42b6bf958
T0202,training,-0.1257,-0.2440,0.00000000,-0.1257|-0.2440,1,8465,train,0.62697137,0.62697137,90bc7733395982440f97f05c7ce02979f036d6961f7b1bf2a5c9860f86497b72
T0203,training,-0.1257,0.2440,0.00000000,-0.1257|0.2440,1,11975,train,-0.62697137,-0.62697137,b41c66c433d8687a02eddb9ec0e8d3f37a98acabdb6e8e167adf372d733815a4
T0204,training,-0.1255,-0.1268,0.00000000,-0.1255|-0.1268,1,8739,train,0.16029168,0.16029168,9050ea9b847cd5a0bc35b22c605acbd27dfe1db63a3085418a6707987eddb197
T0205,training,-0.1255,-0.0770,0.00000000,-0.1255|-0.0770,1,2140,train,0.34916393,0.34916393,111077c6056b265f245fb1506f663ae7c128164c5f8c6dfc2b0b2a4693022021
T0206,training,-0.1255,0.0770,0.00000000,-0.1255|0.0770,1,1276,val_iid,-0.34916393,-0.34916393,8fc33e05a63351afef9ee19c22d58ba2354df9875dcb0a1f2d740e7b5bbce205
T0207,training,-0.1255,0.1268,0.00000000,-0.1255|0.1268,1,12465,train,-0.16029168,-0.16029168,6a282889ebde52936bca10e31afa6b803bc7ccb87e5095507250ee1a8e9dcd36
T0208,test,-0.1252,-0.1267,0.00000000,-0.1252|-0.1267,1,8744,train,0.17851049,0.17851049,fd4ab8f62b8dfb98e23cc7f9cec4527dc6ab311d7068faef74f44fd3a1d78a1f
T0209,training,-0.1252,0.1267,0.00000000,-0.1252|0.1267,1,12470,train,-0.17851049,-0.17851049,37aad42c1bf7ed4337b4b3a10c0fc9644913fbc531a1e958b8f8e53cac73d772
T0210,training,-0.1247,-0.1385,0.00000000,-0.1247|-0.1385,1,8787,train,-0.06898663,-0.06898663,32ec455718f5003fa9f219b88ad5513921f8b385b58ed5c67cc5cf08c405eae1
T0211,training,-0.1247,0.1385,0.00000000,-0.1247|0.1385,1,12405,train,0.06898663,0.06898663,17c426fb45433ea12efcc06470c5aee93f61a0fe1e9515bff8ea1742d46b6e7c
T0212,training,-0.1239,-0.1316,0.00000000,-0.1239|-0.1316,1,8782,train,-0.01893722,-0.01893722,cb28faeb054f256430a95a18bf61673f0d6356c4f1b9efc5e09b0ffc91df6205
T0213,training,-0.1239,0.1316,0.00000000,-0.1239|0.1316,1,12400,train,0.01893722,0.01893722,06c4cd096858bb7458fd172caa25b6a3af0ba2ee41a9f015a520c415799b8a39
T0214,validation,-0.1238,-0.1367,0.00000000,-0.1238|-0.1367,1,8792,train,-0.06598547,-0.06598547,d2da41bfab39572cb1fbadbfde85ff9660a7dd284608b5cb8be5e1ee6f5cd467
T0215,training,-0.1238,0.1367,0.00000000,-0.1238|0.1367,1,12410,train,0.06598547,0.06598547,75a08ffb15f1c97922f8b1ff3692ef07cf2cdcc841e0631242c57f8b83c14cb7
T0216,test,-0.1234,-0.1152,0.00000000,-0.1234|-0.1152,1,2188,test_iid,0.03963903,0.03963903,e839e33f77d8793bc8679b709846004487b3b297897a0cfba88dcac8c4466c0e
T0217,validation,-0.1234,0.1152,0.00000000,-0.1234|0.1152,1,1216,test_iid,-0.03963903,-0.03963903,d9eae2d9a3e04e5b2d4f516ac48775a15dc01624549b590b89c18419207adcba
T0218,training,-0.1231,-0.2395,0.00000000,-0.1231|-0.2395,1,8470,test_iid,0.60434185,0.60434185,4690141bf7494d76351125a6657da889bc29d21dd6a0a1e438145088d6bbbcf8
T0219,training,-0.1231,-0.0680,0.00000000,-0.1231|-0.0680,1,1751,test_iid,-0.24706905,-0.24706905,46e9b095d502227c0a3e572e9449c78323d4741df99e51e4ec80cf0055ecd2e9
T0220,training,-0.1231,0.0680,0.00000000,-0.1231|0.0680,1,1643,val_iid,0.24706905,0.24706905,61a5b4a6aeffb2d2fc6420cbd70f41fe411bbbd5f50bcde7cb8c163bed0da964
T0221,training,-0.1231,0.2395,0.00000000,-0.1231|0.2395,1,11980,train,-0.60434185,-0.60434185,31e9f36d4f75686939a0e28744f34de63319d463b71c0f11bf1c4487332c0e10
T0222,training,-0.1221,-0.1143,0.00000000,-0.1221|-0.1143,1,2183,test_iid,0.02174196,0.02174196,1bd9e085372e176bd27a11bef5c7ed318d681352496191c27e8f3ba4f85df452
T0223,training,-0.1221,0.1143,0.00000000,-0.1221|0.1143,1,1211,val_iid,-0.02174196,-0.02174196,83dfb16395fe6ec822d97909f4b9e88eba1b13f4dd4254de8467750b0e7689df
T0224,training,-0.1216,-0.1095,0.00000000,-0.1216|-0.1095,1,1832,train,-0.49714431,-0.49714431,7d07c4a0247f0e7a4ac9311842d15e765fb61c3e6b68d9a482a4b70212b88f19
T0225,validation,-0.1216,-0.0678,0.00000000,-0.1216|-0.0678,1,1756,val_iid,-0.22762065,-0.22762065,e04058e37de36714b95cbcceb4c824fe31e713491886178969dabb1dab9cf673
T0226,training,-0.1216,0.0678,0.00000000,-0.1216|0.0678,1,1648,train,0.22762065,0.22762065,54375efbcb243419bd51ce743eaf532c52447a8a72eaf80ba00823690935be68
T0227,training,-0.1216,0.1095,0.00000000,-0.1216|0.1095,1,1616,train,0.49714431,0.49714431,06f20e30cb7439c956b5999667ac0f0a5cbb8b4e310316ff7c0ede079181b150
T0228,training,-0.1215,-0.1201,0.00000000,-0.1215|-0.1201,1,2249,train,-0.19352167,-0.19352167,45df55980d81e7330e6f2634662a08830ba406bebf5ae71660f705ca71c52238
T0229,test,-0.1215,0.1201,0.00000000,-0.1215|0.1201,1,1169,train,0.19352167,0.19352167,f30b3ba2d27349f421632809a397b9385f67e83b219f8a15ce8c0dfe29f7f686
T0230,training,-0.1210,-0.1293,0.00000000,-0.1210|-0.1293,1,8405,train,0.36697804,0.36697804,bbf8fa0c95de431a5113719f117c343e62f8c35ddcd6933f3722934e7c686b84
T0231,training,-0.1210,0.1293,0.00000000,-0.1210|0.1293,1,12023,train,-0.36697804,-0.36697804,4d57749f1c3b18685f6811870c10277a11f75cf3b746f8d64fa6a2a1598d32cd
T0232,test,-0.1209,-0.1338,0.00000000,-0.1209|-0.1338,1,8421,train,0.55202432,0.55202432,f2cb5106499b7802a23559c0d1ea591c426ce0b4f42d90cb669726e38dd61b44
T0233,training,-0.1209,0.1338,0.00000000,-0.1209|0.1338,1,12039,train,-0.55202432,-0.55202432,a96966a9fa439596f59f948fcb9b191bf54190486e914e1a0b9721b8a8e4c584
T0234,training,-0.1206,-0.1066,0.00000000,-0.1206|-0.1066,1,1827,val_iid,-0.52776060,-0.52776060,a256edc6b91eb917ef92195f122e54e06e9bc0ee292e0bf1e7129903cc44a039
T0235,training,-0.1206,0.1066,0.00000000,-0.1206|0.1066,1,1611,train,0.52776060,0.52776060,a5561b594d65b7a0d85a92678af0b4c7dda081ac0d14040fb79d4657210e40ab
T0236,training,-0.1203,-0.1121,0.00000000,-0.1203|-0.1121,1,1811,val_iid,-0.34918993,-0.34918993,b16e1b77de8750bb151133d12f8e937f83a1a013bed5b2d0d0ab85e7e66231f8
T0237,training,-0.1203,0.1121,0.00000000,-0.1203|0.1121,1,1595,train,0.34918993,0.34918993,c1a631e864553c2c26af1c19795d2b4f795f09e9bcca1eb31917ebca886d0369
T0238,training,-0.1201,-0.1215,0.00000000,-0.1201|-0.1215,1,8729,train,0.19352167,0.19352167,2efca001ac9f3b5252370bde76e9c3e8dbb11d109d045d56970b831e2d3dc8a8
T0239,training,-0.1201,0.1215,0.00000000,-0.1201|0.1215,1,12455,train,-0.19352167,-0.19352167,0290a16c3bea2680d96c38e1e5a766891d2c8b9b1cec2c08dd3fcdc9638f29e9
T0240,training,-0.1200,-0.2161,0.00000000,-0.1200|-0.2161,1,8843,train,-1.11578530,-1.11578530,2812c70d944d18c5645992e1b2cea55fb818b01490fd45e73ce055599478105a
T0241,validation,-0.1200,0.2161,0.00000000,-0.1200|0.2161,1,12353,train,1.11578530,1.11578530,e3eb734dec52e21777d7cefe6fbd747d3b2f23a538c24b90882026dc55b219a8
T0242,training,-0.1193,-0.0714,0.00000000,-0.1193|-0.0714,1,2129,val_iid,0.34833889,0.34833889,31da2d51b4db1cfe8be820ced555dde215379de32f78b312c0e8b21c49b0d1bb
T0243,training,-0.1193,0.0714,0.00000000,-0.1193|0.0714,1,1265,train,-0.34833889,-0.34833889,29b3e6e78997ded872015621e9fe41cad62659b46327a27d39cb6d20a4cf5f3e
T0244,test,-0.1192,0.0000,0.00000000,-0.1192|0.0000,1,1696,train,-0.00000000,-0.00000000,f6d578fdbea776bfd1eff25ee3b1edbbb69fdfe05dceea2fa56ebeb51966989e
T0245,training,-0.1189,-0.2159,0.00000000,-0.1189|-0.2159,1,8848,test_iid,-1.15131863,-1.15131863,258c732dcab9f5957424278a3b211285a5f4a3f7fdf9718bd7823b5cc4e332bd
T0246,training,-0.1189,0.2159,0.00000000,-0.1189|0.2159,1,12358,train,1.15131863,1.15131863,c7be99cb51713319e7ba8fabe2f099551f3a668a3d907e8bff54ce5b077830c4
T0247,training,-0.1182,-0.0567,0.00000000,-0.1182|-0.0567,1,1766,train,-0.25341802,-0.25341802,a21f88affd36f9a670c5f3a3254e3ecd1309f908201e01e9568e9270fabeb0f9
T0248,training,-0.1182,0.0567,0.00000000,-0.1182|0.0567,1,1658,train,0.25341802,0.25341802,94c88ecde0c20c279c2ccb06b03faacf40bb03da4bd2a172517c4f504f1d1e81
T0249,training,-0.1172,-0.1095,0.00000000,-0.1172|-0.1095,1,1816,train,-0.32980001,-0.32980001,61022da6b1bc5aaa4df5eb11a50e09d4b9ea64004adcad26d425cbc53ae9fabb
T0250,validation,-0.1172,0.1095,0.00000000,-0.1172|0.1095,1,1600,train,0.32980001,0.32980001,d7b8e113f4d8c8e75641b02b9850e4448ae170ea2536c52febb22b1c0e312f43
T0251,training,-0.1166,-0.1044,0.00000000,-0.1166|-0.1044,1,2198,train,0.06366803,0.06366803,5c4140be4547415c80dd931f4d45ab2896838395ba62e6633d5af0b2b3b4b5ea
T0252,training,-0.1166,0.1044,0.00000000,-0.1166|0.1044,1,1226,train,-0.06366803,-0.06366803,b9e4c585df7a380291cd5db6ae4d975f719ffb02e4644639b2181708537f8674
T0253,test,-0.1158,-0.1145,0.00000000,-0.1158|-0.1145,1,2253,train,-0.15025959,-0.15025959,ff7349e2948b19ddb256b77bf54751839328032db5befcb32a5d75e01cab3b9f
T0254,training,-0.1158,0.1145,0.00000000,-0.1158|0.1145,1,1173,train,0.15025959,0.15025959,4f43518460ae04622acfc41d7209ab9552db1999b5e8c4ce0202a525264b9817
T0255,training,-0.1157,-0.0699,0.00000000,-0.1157|-0.0699,1,2134,train,0.33399787,0.33399787,ad904342b97515ddf01497eb955672677589373db750c58af4bbfd187097cc0b
T0256,training,-0.1157,0.0699,0.00000000,-0.1157|0.0699,1,1270,train,-0.33399787,-0.33399787,97d83e1408a988ef5558cabbc28ea0aedbd01241c130d60e80ee3ca9215f5338
T0257,training,-0.1152,-0.1234,0.00000000,-0.1152|-0.1234,1,8776,train,-0.03963903,-0.03963903,bb1a1bab1a622a19958eb557c01f82ede4e629deab8fb8ad1af0ed8908e5fa5f
T0258,training,-0.1152,0.1234,0.00000000,-0.1152|0.1234,1,12394,train,0.03963903,0.03963903,cbed562f64f074a698d8125d3fa2e8defa5660ddccf9f82b514afda0af670875
T0259,training,-0.1147,-0.0141,0.00000000,-0.1147|-0.0141,1,2087,train,1.19712917,1.19712917,bab07ce5410f5a780e95525ff3ba88a7c6e331e01d5e1ec2bf3a06375debeb5f
T0260,training,-0.1147,0.0141,0.00000000,-0.1147|0.0141,1,1331,train,-1.19712917,-1.19712917,b0f4bd0262470dd68603eac137015e752ec9c796eed3c2be6d65d58e04b940a6
T0261,training,-0.1145,-0.1158,0.00000000,-0.1145|-0.1158,1,8733,train,0.15025959,0.15025959,1e162dd7f672d4c27c76c4477ce17345fd57fc020b96cf430b584c7994a11c87
T0262,test,-0.1145,0.1158,0.00000000,-0.1145|0.1158,1,12459,val_iid,-0.15025959,-0.15025959,fc867d307ea3748ddf0ed203b4d1a978326b17fcadbad7d2ad6fcda0a7b6c19a
T0263,training,-0.1143,-0.1221,0.00000000,-0.1143|-0.1221,1,8771,train,-0.02174196,-0.02174196,3b2ae9102d7a7ae71ff11f168c9a4a54d19e37e660ee1c45685c75e8c8616afb
T0264,training,-0.1143,0.1221,0.00000000,-0.1143|0.1221,1,12389,train,0.02174196,0.02174196,4d1b8189df57c9ff9b1d1e57d51f68dd12d21028358d26ecc641017b7d8b9d4d
T0265,training,-0.1121,-0.1203,0.00000000,-0.1121|-0.1203,1,8399,train,0.34918993,0.34918993,74537c318e96c7af44d77e55a0bb23fa71fff199bcc74538e0392ab3c213ca96
T0266,training,-0.1121,-0.0979,0.00000000,-0.1121|-0.0979,1,1821,train,-0.51394123,-0.51394123,2e0f69fbc9171b4f883d67121a565613435e624f91a93d4386cc433cf2d3021c
T0267,training,-0.1121,0.0979,0.00000000,-0.1121|0.0979,1,1605,train,0.51394123,0.51394123,98f7c104e4f76e2cea04394ee832ba6d8a6255234ad0e4784da5e1a363fb5a17
T0268,training,-0.1121,0.1203,0.00000000,-0.1121|0.1203,1,12017,train,-0.34918993,-0.34918993,85b4f5a2c25cffa16069aaadbf76d16bc13837685557fb74bbfc4d339df80f6b
T0269,training,-0.1117,-0.1033,0.00000000,-0.1117|-0.1033,1,1805,train,-0.34746413,-0.34746413,42bf9bedcda0f5ab944a281ffc58e09f9d55df9b07724c414556307d2767696d
T0270,training,-0.1117,0.1033,0.00000000,-0.1117|0.1033,1,1589,train,0.34746413,0.34746413,2bfe606998a4fe4ff0c5ce2a25d899aa597d07e842094de5b972badb48c87022
T0271,training,-0.1111,-0.0620,0.00000000,-0.1111|-0.0620,1,2144,train,0.48771982,0.48771982,456849b0ff82e8e20ae2c2911d1f6872d9ab2c753cbd229c88d5ca16acab9c07
T0272,training,-0.1111,0.0620,0.00000000,-0.1111|0.0620,1,1280,test_iid,-0.48771982,-0.48771982,29c595e929d8a05330b715a945039ad96305b5ee4ea9ec4f2d943c415bbbb6c5
T0273,training,-0.1110,-0.1097,0.00000000,-0.1110|-0.1097,1,2243,train,-0.18008222,-0.18008222,2e5014cbf72e60cffacaa724af55e896e18b806b185d9a21e96cc63b60e77931
T0274,training,-0.1110,0.1097,0.00000000,-0.1110|0.1097,1,1163,train,0.18008222,0.18008222,97e529c646b5a06f40079ff79ab056c88c03047068c810f118d206ef949be164
T0275,training,-0.1108,-0.2184,0.00000000,-0.1108|-0.2184,1,8464,train,0.53081573,0.53081573,90cc13a58408a6b3d6f230e762291b3ca92a0a08ffb3f2ed35e2b41e182f608f
T0276,validation,-0.1108,-0.1097,0.00000000,-0.1108|-0.1097,1,2248,train,-0.15260838,-0.15260838,ce8118c6d5e05eccfa63c2c16cc4740e63673c167660b0ef22d6bb52f9e21cc9
T0277,training,-0.1108,0.1097,0.00000000,-0.1108|0.1097,1,1168,train,0.15260838,0.15260838,96a83aff76c7bce47fffdc275263911e003e1400b453173272b3fc6bedf2b1c5
T0278,training,-0.1108,0.2184,0.00000000,-0.1108|0.2184,1,11974,train,-0.53081573,-0.53081573,66abc66fb5f56b7470a04ee7170d38bf553c4447862891d285a45e7f3259c8be
T0279,training,-0.1100,-0.0601,0.00000000,-0.1100|-0.0601,1,1750,test_iid,-0.21616756,-0.21616756,2b8bcc398436a9bf7b36e64b9ed4af9e0969bf3a17f051fb052ad600f143ce39
T0280,training,-0.1100,0.0601,0.00000000,-0.1100|0.0601,1,1642,train,0.21616756,0.21616756,bd25806beaec2a277955ac0743427bc44058434df1fe21c618278cd9960d8e75
T0281,validation,-0.1099,-0.1087,0.00000000,-0.1099|-0.1087,1,2258,train,-0.13941075,-0.13941075,d904afa4d1e37115b90212e9480f0b9e2e25b9f30d153565ec9adec2dccaf4e4
T0282,validation,-0.1099,0.1087,0.00000000,-0.1099|0.1087,1,1178,train,0.13941075,0.13941075,dc4fee16192b8f404f7c3b760e7beaa85b8b8248d5345ba51b89bae185d21118
T0283,training,-0.1097,-0.1110,0.00000000,-0.1097|-0.1110,1,8723,test_iid,0.18008222,0.18008222,9dd75953662639904a6e88255b553b6a680439b5686b60d869f38e686b911bc2
T0284,training,-0.1097,-0.1108,0.00000000,-0.1097|-0.1108,1,8728,val_iid,0.15260838,0.15260838,c9f671b49ef665b9a7de28e7793a9b0c2086293ae32e2bcf2b90b13bc90cb260
T0285,validation,-0.1097,0.1108,0.00000000,-0.1097|0.1108,1,12454,train,-0.15260838,-0.15260838,e1ca3a09cbb8977f94d3efc5d0da697ab72ee629691c47d4a43d94943f2ce888
T0286,test,-0.1097,0.1110,0.00000000,-0.1097|0.1110,1,12449,test_iid,-0.18008222,-0.18008222,e6eae5dd2eac96cc2b6c09417a977db69bb9121f55fd68b144b623bbe89cb46b
T0287,test,-0.1095,-0.1216,0.00000000,-0.1095|-0.1216,1,8420,train,0.49714431,0.49714431,fc7b9c5ce61fb64070963cb3ff2b5fc2b4eb9c60d1f533b7c91b347a695283e1
T0288,training,-0.1095,-0.1172,0.00000000,-0.1095|-0.1172,1,8404,train,0.32980001,0.32980001,22d8888dab6d83da0789c923586f4c2a7a00fbd7182f1aec8691de0a5cdf2c8c
T0289,validation,-0.1095,0.1172,0.00000000,-0.1095|0.1172,1,12022,train,-0.32980001,-0.32980001,cec9ae5cf72743cf31fb0f5f39b8908fec7dd8610d111fe121a432780769e09a
T0290,training,-0.1095,0.1216,0.00000000,-0.1095|0.1216,1,12038,train,-0.49714431,-0.49714431,4d0ad018a6bbcc9647d3b687dfd52a21297fb6635ed3b474bafb7fe544559b34
T0291,training,-0.1094,-0.1972,0.00000000,-0.1094|-0.1972,1,8842,train,-0.98981661,-0.98981661,4abdc3bb4c3dd3eb06735169b58ea41e15d7294e7e3e956274e6344551c6b71f
T0292,validation,-0.1094,0.1972,0.00000000,-0.1094|0.1972,1,12352,test_iid,0.98981661,0.98981661,d521ce725e10d340d3918b640c788af9f8e00b5de39738b8e1f2be3832e41536
T0293,test,-0.1087,-0.1099,0.00000000,-0.1087|-0.1099,1,8738,train,0.13941075,0.13941075,ff0b706214e200f1a5d5cd1f1ad9228d2b201462c2c477143f4c7bea7f8d61ab
T0294,training,-0.1087,0.1099,0.00000000,-0.1087|0.1099,1,12464,train,-0.13941075,-0.13941075,593d66d9673707181a41c49a85d46ee1e5c3843c9888609475e15df92564f8dd
T0295,training,-0.1084,-0.0139,0.00000000,-0.1084|-0.0139,1,2097,train,1.35645943,1.35645943,1a16df4e8b4db09f7fec35627ac5127c512e13730d53a3f5a75c2774492e7da0
T0296,training,-0.1084,0.0139,0.00000000,-0.1084|0.0139,1,1341,train,-1.35645943,-1.35645943,3b42d21a743e51233982d35ee6862e1aa54499aa693ae58c8d7685cf4aee9505
T0297,training,-0.1082,-0.0646,0.00000000,-0.1082|-0.0646,1,2128,val_iid,0.31929338,0.31929338,95f7f72762b48454a28ce1d3e9fc2394ec341a8c65a2af7c00fde97abc366d52
T0298,test,-0.1082,0.0646,0.00000000,-0.1082|0.0646,1,1264,train,-0.31929338,-0.31929338,f2f6a09e54361fc405e22ef04bc53d3e895877a3a8e2270f3863fbec0d311a92
T0299,training,-0.1081,-0.1004,0.00000000,-0.1081|-0.1004,1,1810,val_iid,-0.32160811,-0.32160811,6e9e98119aca21fc1383ae295d709ae7ec68f12bc72ec6046e220f39a3351de3
T0300,training,-0.1081,-0.0953,0.00000000,-0.1081|-0.0953,1,1826,train,-0.46612095,-0.46612095,7b6c0985f6f1d6ec2c04e909bdb5e84d8fd2f7f6e6a6e167134f215851e08748
T0301,training,-0.1081,0.0953,0.00000000,-0.1081|0.0953,1,1610,train,0.46612095,0.46612095,a8b3d10043eef26f1b5709da268f20228b5b14c31335ede6391e9974f4d7b1b5
T0302,training,-0.1081,0.1004,0.00000000,-0.1081|0.1004,1,1594,train,0.32160811,0.32160811,73a2a7654c99722bd8e817edc5ba72733e774e46ba67aa2adb76bcf0a20e27fd
T0303,training,-0.1079,-0.1009,0.00000000,-0.1079|-0.1009,1,2182,train,0.02482780,0.02482780,49e55ed566ebda539bd8107e164a9f17ee4f2ce900ed7d5ea9da71d43cc95f8a
T0304,training,-0.1079,0.1009,0.00000000,-0.1079|0.1009,1,1210,train,-0.02482780,-0.02482780,08c5563b336d7f882a104f04a8b703b3171c33a6e4c87ca908d4c70e83a4209a
T0305,training,-0.1066,-0.1206,0.00000000,-0.1066|-0.1206,1,8415,train,0.52776060,0.52776060,b0f98e7dddce3a7e463f316de1daee50ee454a00885c40ef195cd052dfdcafa2
T0306,training,-0.1066,0.1206,0.00000000,-0.1066|0.1206,1,12033,train,-0.52776060,-0.52776060,92b0e4ff08efb97e93aec7e2e4c2e1e21ed737000c1b11a3c64f778786e9cb04
T0307,test,-0.1053,-0.1041,0.00000000,-0.1053|-0.1041,1,2237,train,-0.16371696,-0.16371696,ffe8b0a5ed39439690d675a991a0ea233995812ec9f7353d5adc93bd09f39dd4
T0308,training,-0.1053,0.1041,0.00000000,-0.1053|0.1041,1,1157,train,0.16371696,0.16371696,3bd2f9ad79ec6b8bdf00672f0c98e927624c9ded39ba4528a7b2f4b28c214876
T0309,training,-0.1044,-0.1166,0.00000000,-0.1044|-0.1166,1,8786,val_iid,-0.06366803,-0.06366803,72df6ed9e0dfafa35aa0b9f24cb3fbcdaec877f11d46b775bb3a9ce26fa64068
T0310,training,-0.1044,0.1166,0.00000000,-0.1044|0.1166,1,12404,test_iid,0.06366803,0.06366803,742ebc6bb4f7e7c122de9ea7ba9b65a54b8184993cc2b654164ddeb2c1a9f504
T0311,training,-0.1041,-0.1053,0.00000000,-0.1041|-0.1053,1,8717,test_iid,0.16371696,0.16371696,872abcf4ac91557719010d199e4f6f5d7f9841cdecf7180f79a5bdf0fb292530
T0312,training,-0.1041,0.1053,0.00000000,-0.1041|0.1053,1,12443,train,-0.16371696,-0.16371696,ab6b6fcf97eb92e26c4fb434112dde524ac4dc8bd8780b741188f7137f8eb796
T0313,training,-0.1033,-0.1117,0.00000000,-0.1033|-0.1117,1,8393,train,0.34746413,0.34746413,3f1bfb30357495a962e7f8f677f37a22ab57c2090a2b27dd8f922d7978a5bad9
T0314,training,-0.1033,0.1117,0.00000000,-0.1033|0.1117,1,12011,train,-0.34746413,-0.34746413,c65ddb24c1412942ffe0065a212acfbae8f7f3dc1b5385288ee0abc33aee7a6c
T0315,test,-0.1022,-0.1010,0.00000000,-0.1022|-0.1010,1,2242,train,-0.15976371,-0.15976371,f07a883919d3f08740b7d171ea2952b037b8803a5fc0fd19ae0b9df3eb15d5fd
T0316,test,-0.1022,0.1010,0.00000000,-0.1022|0.1010,1,1162,train,0.15976371,0.15976371,fb6d01563067c968b1c7e683e6f84d36e2e2dc60351fa8a95c629ceea12eb26c
T0317,training,-0.1010,-0.1022,0.00000000,-0.1010|-0.1022,1,8722,train,0.15976371,0.15976371,a00bc9f71969ce3d478eabec6ef10eb779c25a70b352c7ac3758f5c1c5604ec8
T0318,test,-0.1010,0.1022,0.00000000,-0.1010|0.1022,1,12448,train,-0.15976371,-0.15976371,ebd3bcaa75d360cd074eee0766ca08aaf44a4a45ab96bc3beccde16e88215a6d
T0319,training,-0.1009,-0.1079,0.00000000,-0.1009|-0.1079,1,8770,train,-0.02482780,-0.02482780,91886bea302d7625fe1fc7efeb97d1bb93304047e50ad432584341e5bd49dc3b
T0320,training,-0.1009,0.1079,0.00000000,-0.1009|0.1079,1,12388,val_iid,0.02482780,0.02482780,2d3834cc6cf604998a74f387a883ef117309cff00e85a237a3715eb181892a46
T0321,training,-0.1006,-0.0996,0.00000000,-0.1006|-0.0996,1,2252,test_iid,-0.11042969,-0.11042969,b57c07f8c57e1392beb7f684dcf9c8ff29e42d307c9f0428acc45561002392ac
T0322,test,-0.1006,0.0996,0.00000000,-0.1006|0.0996,1,1172,train,0.11042969,0.11042969,fda592da50fa5f146df010ef4ba4837d068c9acc380f055c8c9d21ffc5cb9bd9
T0323,test,-0.1004,-0.1081,0.00000000,-0.1004|-0.1081,1,8398,train,0.32160811,0.32160811,fd18e2153c5549167c72109a72b7ba308328af1cd9c63aeae262c6431586d276
T0324,training,-0.1004,0.1081,0.00000000,-0.1004|0.1081,1,12016,train,-0.32160811,-0.32160811,a168f9429e298c7bf9b25efa1f361328da7a902c382725cb73b2c0488bbe333c
T0325,training,-0.0996,-0.1006,0.00000000,-0.0996|-0.1006,1,8732,train,0.11042969,0.11042969,6fe3d6feb39de4aaee28c8ee65f99b1f79dfabe24ef29b1163696e07c4e48e8f
T0326,training,-0.0996,0.1006,0.00000000,-0.0996|0.1006,1,12458,train,-0.11042969,-0.11042969,1bfb9256f1049c064ab198d8fa9c00038e681e4cc904093b0d2dc04e1152535b
T0327,training,-0.0994,-0.0917,0.00000000,-0.0994|-0.0917,1,1804,train,-0.30147191,-0.30147191,7895e946a16a4684e48059460f978d82a6e4e452f74c81be7990da820d5a2886
T0328,training,-0.0994,0.0917,0.00000000,-0.0994|0.0917,1,1588,test_iid,0.30147191,0.30147191,abd10cea3c96ba4180c945c4947399ae23221e9a4dabbc2f7bd1973fed5c7465
T0329,training,-0.0990,-0.0860,0.00000000,-0.0990|-0.0860,1,1820,test_iid,-0.45108334,-0.45108334,b90fd61eb603baa6276114872fa04743c8d4df17f65aefc7b537f122cc74e6d5
T0330,test,-0.0990,0.0860,0.00000000,-0.0990|0.0860,1,1604,test_iid,0.45108334,0.45108334,f4f6f241b87f5fdd0e09c5e6763aa01cb20d2d45881c82b03c076631e34440f0
T0331,training,-0.0979,-0.1121,0.00000000,-0.0979|-0.1121,1,8409,train,0.51394123,0.51394123,b235304277849bad12117ee2664e34b24f89f5bf88748c6223d55bf65579730a
T0332,training,-0.0979,0.1121,0.00000000,-0.0979|0.1121,1,12027,train,-0.51394123,-0.51394123,b45113b140cfa579103997aa0d395a90ca11199a5fad37e5270c6ba60c244de5
T0333,training,-0.0964,-0.0076,0.00000000,-0.0964|-0.0076,1,2081,train,1.09113212,1.09113212,6e019e71941409824408e8d58a261c48ebfb2a5cb7a97b5ecf2bb81027f52a04
T0334,training,-0.0964,0.0076,0.00000000,-0.0964|0.0076,1,1325,val_iid,-1.09113212,-1.09113212,2ca6f751cfc7c25e17d3fd6f1f72c6bf1cb4a122b7e6a167c0cb47d239067d11
T0335,training,-0.0953,-0.1081,0.00000000,-0.0953|-0.1081,1,8414,train,0.46612095,0.46612095,5865bdeb52904e875fb0bc6d70b25b7a917bbbeb256e88a818fac1bc635ba773
T0336,training,-0.0953,0.1081,0.00000000,-0.0953|0.1081,1,12032,train,-0.46612095,-0.46612095,7f7f98acd2fd0d0134c711d986264427b00c93bc6b195b59d1fe5e137290b25e
T0337,training,-0.0950,-0.0940,0.00000000,-0.0950|-0.0940,1,2236,val_iid,-0.13647828,-0.13647828,01c5e690eeda266c7a9c41e42573192d75201da335e3218c4b38e9148ed0f4d0
T0338,training,-0.0950,0.0940,0.00000000,-0.0950|0.0940,1,1156,train,0.13647828,0.13647828,2d3bbeb599a4c5e4657506b1da06d3f7edbaca996acba2394f6cf541e7fc1b66
T0339,validation,-0.0943,-0.0100,0.00000000,-0.0943|-0.0100,1,2091,val_iid,1.23810511,1.23810511,d909eb03a4f1e2d322a53888b7445531a36bb7b4ae7c35cf4ee8db8c71db8be9
T0340,training,-0.0943,0.0100,0.00000000,-0.0943|0.0100,1,1335,train,-1.23810511,-1.23810511,bcd198a9db28e87d2c77950734f1de26a19c83bf5c2c5fd3ea43afe595726fe8
T0341,training,-0.0940,-0.0950,0.00000000,-0.0940|-0.0950,1,8716,train,0.13647828,0.13647828,7b0ad058b6cca91e25b1c85c89c244c4adb35dccca6d721b8bac728bb357025d
T0342,training,-0.0940,0.0950,0.00000000,-0.0940|0.0950,1,12442,test_iid,-0.13647828,-0.13647828,6d5e5293b03f04ac90d7a404bac8247e1c947a0471a72bae0b1ae8eefa1bfccf
T0343,validation,-0.0939,-0.0085,0.00000000,-0.0939|-0.0085,1,2102,test_iid,1.22481944,1.22481944,e140fec9233f9e8d9e5e4db18538723e65ba06efd659f53282b6b8ee542d8996
T0344,test,-0.0939,0.0085,0.00000000,-0.0939|0.0085,1,1346,train,-1.22481944,-1.22481944,e95109a822bb06206f6b9a634697266ca0f3d15c0b34dfe4309bfef68ae1af82
T0345,validation,-0.0930,-0.0066,0.00000000,-0.0930|-0.0066,1,2086,train,1.06053973,1.06053973,e1af8fd9b4d8ca68c6cf08baffabf2b1c3709e44df6d096dfd8f56197c63d317
T0346,test,-0.0930,0.0066,0.00000000,-0.0930|0.0066,1,1330,test_iid,-1.06053973,-1.06053973,f3444d7060d3df7bb19f774e741654d1ff60605c4a3a917aab653d3f944eb9cf
T0347,training,-0.0920,-0.1631,0.00000000,-0.0920|-0.1631,1,8853,train,-0.69326080,-0.69326080,478e1eb84723a2e91ecd821da5b803f0bf951616e64c723775557f7c39f3b1ff
T0348,validation,-0.0920,0.1631,0.00000000,-0.0920|0.1631,1,12363,train,0.69326080,0.69326080,cd7a5276ff75a255b0dc0ce3aa622dcbb302f58ceec011e9f61a5666e5724f68
T0349,training,-0.0917,-0.0994,0.00000000,-0.0917|-0.0994,1,8392,train,0.30147191,0.30147191,51f9f424e6a69e4e2bd850d4e1c78ab57dcf54ea673d9716abcacdc2ee968d2a
T0350,validation,-0.0917,0.0994,0.00000000,-0.0917|0.0994,1,12010,train,-0.30147191,-0.30147191,df59f5de7f06171ef2a71bd04bcac24ba9e3c731a541abf21b37324e1353736f
T0351,training,-0.0912,0.0000,0.00000000,-0.0912|0.0000,1,1707,train,0.00000000,0.00000000,ae5ce2d97cae4357d6039bc231e519a102ae4e1c8c41df098b1145caa22aee0a
T0352,training,-0.0902,-0.0063,0.00000000,-0.0902|-0.0063,1,2075,train,1.01502308,1.01502308,53e4b87151c30f7e44d6b5e621313725fbb8d750fd58ac51cb508ec7aaa0c5a0
T0353,training,-0.0902,0.0063,0.00000000,-0.0902|0.0063,1,1319,train,-1.01502308,-1.01502308,4680c8cd64d18f83d2d84ad4dfe34155bf5759e5fa3331f660239878652f1edd
T0354,training,-0.0901,-0.1775,0.00000000,-0.0901|-0.1775,1,8475,train,0.40516384,0.40516384,37083022f4d0363876082a2cebc0192cff8933236442a8afe4b897c42b6ef019
T0355,training,-0.0901,-0.0082,0.00000000,-0.0901|-0.0082,1,2096,val_iid,1.17612802,1.17612802,5ad492c1d65ae1c0a76610a0d14f04fe25ea8a194d3a826df32a0fb5c8605196
T0356,test,-0.0901,0.0082,0.00000000,-0.0901|0.0082,1,1340,train,-1.17612802,-1.17612802,f48b9aa10a75faef41f99b75566de6ae4b5002725f2bbb8a966b0a14ec6d7e10
T0357,training,-0.0901,0.1775,0.00000000,-0.0901|0.1775,1,11985,test_iid,-0.40516384,-0.40516384,339051c713293bce0ab333317e5682b57d80f652a7eabdf49d4da19d958893b3
T0358,training,-0.0889,-0.0062,0.00000000,-0.0889|-0.0062,1,2080,train,1.00962401,1.00962401,632a2645074ca34ce774552161ea74c43eab9acab0ad60b345a8b3a086d2756b
T0359,training,-0.0889,0.0062,0.00000000,-0.0889|0.0062,1,1324,train,-1.00962401,-1.00962401,7c742b68341920f50690820a0d75002e5f528c2b39f8d00b0194869419b5f3cd
T0360,test,-0.0878,-0.0479,0.00000000,-0.0878|-0.0479,1,1761,train,-0.15801771,-0.15801771,f1d5e6f34540c8878f683069fef61bc8fc1eb2846c5eae8ffe47c7e3a4df3a52
T0361,training,-0.0878,0.0479,0.00000000,-0.0878|0.0479,1,1653,train,0.15801771,0.15801771,4eb14d79aec784c53d6380055c8102b1f8a8e5df535fd264a06bb787e7860600
T0362,training,-0.0868,-0.1408,0.00000000,-0.0868|-0.1408,1,8837,train,-0.39168495,-0.39168495,3fd5fbb0c066365ee2b5334a3a4d03f316671674dedf0bd2aab26b06d68b53fb
T0363,validation,-0.0868,0.1408,0.00000000,-0.0868|0.1408,1,12347,train,0.39168495,0.39168495,d2049d04d2ec1380cb90d40f3b68bf7ab6a890296e3ae64e5f8895e636eed411
T0364,validation,-0.0863,0.0000,0.00000000,-0.0863|0.0000,1,1723,train,0.00000000,0.00000000,e4eafb5794ad6dca27da8a53aae7c64c3e577a07fbf7b72e6e7d18fd2213aab6
T0365,training,-0.0860,-0.0990,0.00000000,-0.0860|-0.0990,1,8408,test_iid,0.45108334,0.45108334,2cae9220154b132abe59350cb0fc28b0275cee59722dba22c0c75e10d02de465
T0366,validation,-0.0860,0.0990,0.00000000,-0.0860|0.0990,1,12026,train,-0.45108334,-0.45108334,d114ef0218f632560b645f6379f6d8d19cc5a5f422716f78125c4a0e6a2a3fd0
T0367,training,-0.0846,-0.0791,0.00000000,-0.0846|-0.0791,1,2193,val_iid,0.02749915,0.02749915,281a7145b57120f7602054e89af57b6cac75702d86882bc321fbcf428d770007
T0368,training,-0.0846,0.0791,0.00000000,-0.0846|0.0791,1,1221,val_iid,-0.02749915,-0.02749915,167f39a96392fe125216fa28bedffef34de91f5b20079e5dd5e834cc91f40525
T0369,training,-0.0842,-0.0409,0.00000000,-0.0842|-0.0409,1,1777,train,-0.16930169,-0.16930169,aac1748f711a33fb53793f8d35eade14bb1d23f611a97ba34fe4f72e1080745d
T0370,training,-0.0842,0.0409,0.00000000,-0.0842|0.0409,1,1669,train,0.16930169,0.16930169,652e4583af80c9ee57500bbad7da8c1bed8afb0c2cffa0210b2ba33eff4af39f
T0371,training,-0.0840,-0.0084,0.00000000,-0.0840|-0.0084,1,2090,train,1.07320935,1.07320935,0b96a7cdf6d812678f4adb8554ca3a59065e7898a8755e2bc52b8f6a1a83e587
T0372,test,-0.0840,0.0084,0.00000000,-0.0840|0.0084,1,1334,train,-1.07320935,-1.07320935,f56b1757b6548feac009401470dc5123589e0c834c08e06194b325ae26762eea
T0373,training,-0.0835,0.0000,0.00000000,-0.0835|0.0000,1,1701,train,-0.00000000,-0.00000000,b193077276421b661c035e7ac15bf3e2a36ce8a033d9e423069ce711bd68d7fc
T0374,validation,-0.0834,-0.1456,0.00000000,-0.0834|-0.1456,1,8459,test_iid,0.29072880,0.29072880,d14c04127f4b133273fa48e70bb4d625bd863c6843fe4401ec167aaffbb75429
T0375,training,-0.0834,0.1456,0.00000000,-0.0834|0.1456,1,11969,train,-0.29072880,-0.29072880,36379a74a19094fb83928ac78c9f6893694291efb0051aaffd63743bb746cb7f
T0376,training,-0.0833,-0.0504,0.00000000,-0.0833|-0.0504,1,2139,val_iid,0.22645320,0.22645320,bba86232ba9ed9142f4f2f2bb910046d6fdb0edd757754c15b308a0436f312f1
T0377,training,-0.0833,0.0504,0.00000000,-0.0833|0.0504,1,1275,train,-0.22645320,-0.22645320,68e74287e72d47ae6bc4f254da3acce8f1d96799adbd3f22278320d21eb4b72f
T0378,training,-0.0830,-0.0054,0.00000000,-0.0830|-0.0054,1,2074,test_iid,0.93113126,0.93113126,388197a3eb2317f3d006e06a13ac4c15d5241e36ed208a0c6f9e4dca378f93f8
T0379,training,-0.0830,0.0054,0.00000000,-0.0830|0.0054,1,1318,train,-0.93113126,-0.93113126,8ef9680fb7a467cdf0c7f3c4ee728dc6a6b3513968401fee861c576bb8251aad
T0380,validation,-0.0827,-0.1475,0.00000000,-0.0827|-0.1475,1,8847,train,-0.66551426,-0.66551426,d23fda667363cbdafa4727be27554e9bd84c4d3d601d082ee95f080377a3d4cf
T0381,training,-0.0827,0.1475,0.00000000,-0.0827|0.1475,1,12357,val_iid,0.66551426,0.66551426,8561dbd04f6935a03d67fd5a4295fef9981d51bbf46618ed9e7ce736c5632373
T0382,training,-0.0820,-0.1451,0.00000000,-0.0820|-0.1451,1,8852,train,-0.61453934,-0.61453934,1f66e0acf61aa5bd3be2cf16ba5d0461536d6e719782bc780f240234d6ef744c
T0383,training,-0.0820,0.1451,0.00000000,-0.0820|0.1451,1,12362,train,0.61453934,0.61453934,448ffbafa05f33376eb2ac09642c4b531dcf3ecafd53fcd120f3c1f7fe90324f
T0384,test,-0.0808,-0.0730,0.00000000,-0.0808|-0.0730,1,2209,test_iid,0.04802621,0.04802621,f38eb3ff8f60eb47b50a88faabd148cfd93da3c72d5c6f086044afaccabddc75
T0385,training,-0.0808,0.0730,0.00000000,-0.0808|0.0730,1,1237,train,-0.04802621,-0.04802621,493eeea1812c8f83bbbe9fa6818ccbf05ee16bd5fa8fb108ad1885873f3c999d
T0386,training,-0.0795,-0.0737,0.00000000,-0.0795|-0.0737,1,1815,train,-0.20521947,-0.20521947,4a4a2af8b94db113f72584f93dfd544262c39532a732a240f6300ef617689a27
T0387,training,-0.0795,-0.0448,0.00000000,-0.0795|-0.0448,1,2155,test_iid,0.30386125,0.30386125,afa6950a7604ac567aebb8a3503c11800947ffe1a53b9c531146c0aee9a3c953
T0388,test,-0.0795,0.0448,0.00000000,-0.0795|0.0448,1,1291,train,-0.30386125,-0.30386125,ec529f0ce00a63f90a3a78bb72e0854535504330189c88b7cd36a00c3efdd27d
T0389,training,-0.0795,0.0737,0.00000000,-0.0795|0.0737,1,1599,test_iid,0.20521947,0.20521947,8e1b91eadeefb5ff19c89a28dc5392b421d5fa26a75f35aa8c9d57bb169c32c5
T0390,training,-0.0794,0.0000,0.00000000,-0.0794|0.0000,1,1706,train,0.00000000,0.00000000,ad0f9eda3a81294d13e9ef1a478f432ba91e7ed0a83e2279c762e2f2b537152d
T0391,validation,-0.0793,-0.1599,0.00000000,-0.0793|-0.1599,1,8469,train,0.35343410,0.35343410,d91d97c9007d0eb8eabd9c58b15a5ca4758a20eea9edb251862f02aaabd20750
T0392,training,-0.0793,0.1599,0.00000000,-0.0793|0.1599,1,11979,val_iid,-0.35343410,-0.35343410,cb9f81719493241685b8a5e2f788168635b3dc8e721aa4c54c5ce6e8cac59153
T0393,test,-0.0791,-0.0846,0.00000000,-0.0791|-0.0846,1,8781,train,-0.02749915,-0.02749915,eacfaea722c06d3caa986b05076a1bf019a4d5e954f3b81fb646840532e1de7c
T0394,validation,-0.0791,0.0846,0.00000000,-0.0791|0.0846,1,12399,train,0.02749915,0.02749915,dbddaa6600ac8484b972566cf6bb21040bc3e85e637d0d9e7edc53a610b391b0
T0395,test,-0.0783,-0.1288,0.00000000,-0.0783|-0.1288,1,8831,train,-0.36415796,-0.36415796,f1fa0083b74908588ec38efa54e82df0dafb31d3db59e5f12e39ad62ee19e5c8
T0396,training,-0.0783,0.1288,0.00000000,-0.0783|0.1288,1,12341,train,0.36415796,0.36415796,7d13eb72ae4eaafa1cfc71d52c8de74fcfb8f28b644927d6e6d0a16487bd97da
T0397,training,-0.0780,-0.0419,0.00000000,-0.0780|-0.0419,1,1755,train,-0.13820502,-0.13820502,4bee6d3a013a35b1692b9f8543230e6d818334eed44b108162231a8df84332c1
T0398,training,-0.0780,0.0419,0.00000000,-0.0780|0.0419,1,1647,test_iid,0.13820502,0.13820502,668478c807167043c3c4d7d248258b016a225c428021b62306af8313f61aaa93
T0399,training,-0.0773,-0.0715,0.00000000,-0.0773|-0.0715,1,2187,test_iid,0.03596693,0.03596693,8ce790f95e5fc244cf6ee1136055275d67de2c9fd527d67f01371ad2b62e2d41
T0400,training,-0.0773,0.0715,0.00000000,-0.0773|0.0715,1,1215,train,-0.03596693,-0.03596693,9da43ed87a65b8feb099c5d2089920365fcad52743f970f49c72139a0a8ee76d
T0401,training,-0.0770,-0.1255,0.00000000,-0.0770|-0.1255,1,8836,test_iid,-0.34916393,-0.34916393,655c133fcb5f7a0b62a9b5a0c8c18bd72fff684fc2ea45d780d2de01dafe6e83
T0402,validation,-0.0770,0.1255,0.00000000,-0.0770|0.1255,1,12346,train,0.34916393,0.34916393,d47dc1295fdb2bbb6fade05c555afdfc04bb3604acbaea56f1a7105ba34881c6
T0403,training,-0.0768,-0.1533,0.00000000,-0.0768|-0.1533,1,8474,train,0.33916234,0.33916234,be497308ae6c3533feaf2921498cb133bf78366676bfd7503f511e19b1c9376f
T0404,training,-0.0768,0.1533,0.00000000,-0.0768|0.1533,1,11984,train,-0.33916234,-0.33916234,8246e244bbe2b772b22e4ac1ea9513f342aa8e382d537f1ad740469aeccc0b85
T0405,validation,-0.0766,-0.0411,0.00000000,-0.0766|-0.0411,1,1760,train,-0.14051574,-0.14051574,d490a7c600a03ff8370ddd5a726ca4f243cc8708c814fdb6e99f35fd1dd8bd7b
T0406,training,-0.0766,0.0411,0.00000000,-0.0766|0.0411,1,1652,train,0.14051574,0.14051574,7fba213586129c1b13f2a5e56eb9246567f4fc2544e3d46a5c53068825a21751
T0407,training,-0.0760,-0.0449,0.00000000,-0.0760|-0.0449,1,2133,train,0.22486203,0.22486203,30d3df74e06e341546728359d653859f3ce9e4a42a12805c0692ee3aaf69acbe
T0408,training,-0.0760,0.0449,0.00000000,-0.0760|0.0449,1,1269,train,-0.22486203,-0.22486203,611d8b2ed86e5a3a9c10332072eadd620d2689c6d4fe2f8383915c62a36b3068
T0409,validation,-0.0751,-0.1325,0.00000000,-0.0751|-0.1325,1,8458,train,0.25688191,0.25688191,de0bacdfc8155721dc51a2d44440b6e1e950398a289b2f7d6387c00376371e38
T0410,training,-0.0751,0.1325,0.00000000,-0.0751|0.1325,1,11968,train,-0.25688191,-0.25688191,75109abcf281070841d45c9e7d3163118397aa08c68dc35b63060d26f017d41d
T0411,training,-0.0743,-0.1320,0.00000000,-0.0743|-0.1320,1,8453,train,0.24717062,0.24717062,a28a3748ea92991176239cc8da4b570b767e2d0148be6a72960125b7ddbbb6fe
T0412,training,-0.0743,0.1320,0.00000000,-0.0743|0.1320,1,11963,train,-0.24717062,-0.24717062,9d30741f6c98ffd267f5f9a2e168eb75f10d1ad7c4f62979175284b047e2f942
T0413,training,-0.0738,0.0000,0.00000000,-0.0738|0.0000,1,1717,train,0.00000000,0.00000000,846d4051cfa021733edfd3ac421f7c377556a5dcfd96980d05b763caa0f379be
T0414,training,-0.0737,-0.0795,0.00000000,-0.0737|-0.0795,1,8403,train,0.20521947,0.20521947,8ade6e8c9bc32c913815edc572250e46de286f319975e1a3ea098803f5be5cda
T0415,training,-0.0737,0.0795,0.00000000,-0.0737|0.0795,1,12021,val_iid,-0.20521947,-0.20521947,9d8d7e42a312cfee0bc7455d335f78a8833c1685aba2c91d0c3aedfe3924f454
T0416,training,-0.0735,-0.0696,0.00000000,-0.0735|-0.0696,2,1888;1889,train;val_iid,-0.59813997,-0.59813997,a72f7861183ac06b0584c923f3dfd655d63998c2f1d347e1663331d631f7e345
T0417,training,-0.0735,0.0696,0.00000000,-0.0735|0.0696,2,1564;1565,train;val_iid,0.59813997,0.59813997,779fe9f902768cf7484aef8673088ad30669bccbb41f425395808208c7a20f30
T0418,validation,-0.0734,-0.0684,0.00000000,-0.0734|-0.0684,1,2192,train,0.02860766,0.02860766,d7c9d1a27c32fec6ebc49278d31bdac15bf957c4cfb63bcd3d677414d7e00df5
T0419,training,-0.0734,0.0684,0.00000000,-0.0734|0.0684,1,1220,train,-0.02860766,-0.02860766,50144e4faa098ee7ae9b2e189824c6eb8f3db9dc53faa6b2ff4259cbdf90d01a
T0420,training,-0.0731,-0.1308,0.00000000,-0.0731|-0.1308,1,8841,test_iid,-0.58287701,-0.58287701,3ffab7d26e3f8de84417a2349f9045636bb258c0d87faf1d70255fd30f6a25e6
T0421,training,-0.0731,-0.0725,0.00000000,-0.0731|-0.0725,1,2247,train,-0.07855240,-0.07855240,4e099c8cc5c7930275af37e6f8a56a1e964f110f9150fed717382c51ba802659
T0422,training,-0.0731,0.0725,0.00000000,-0.0731|0.0725,1,1167,test_iid,0.07855240,0.07855240,5b61b3aa2ead953798d7773787e55520f77696a18c3110b22a8cdd46e4bf3231
T0423,test,-0.0731,0.1308,0.00000000,-0.0731|0.1308,1,12351,train,0.58287701,0.58287701,f11539b2f93fefd88a3178a085d2345431e0af26fb137e11cc4a7f37d85a060f
T0424,validation,-0.0730,-0.0808,0.00000000,-0.0730|-0.0808,1,8797,test_iid,-0.04802621,-0.04802621,e4acbc72baf123671f696125afb8877d369b8245cc81fc57c87f942f5f171508
T0425,training,-0.0730,0.0808,0.00000000,-0.0730|0.0808,1,12415,train,0.04802621,0.04802621,25153673657da595f30e12a04dad2f1f8e383887c12d54919f992b364e26c854
T0426,training,-0.0729,-0.0668,0.00000000,-0.0729|-0.0668,1,1809,train,-0.20348475,-0.20348475,7f0dbdb80945e498f63b179a52cef1008494612d451f6a95f6ac8e71e2dba8ff
T0427,training,-0.0729,0.0668,0.00000000,-0.0729|0.0668,1,1593,test_iid,0.20348475,0.20348475,586ec5c514beae0669cb3d44980f2bbe8c294b95d1e7f756e7322c2437ee232c
T0428,test,-0.0727,-0.0436,0.00000000,-0.0727|-0.0436,1,2138,train,0.20009103,0.20009103,f1ef43fc0026e04018f55daf2fde4fd0d20e28479c5660e6c984f931f7dc0da6
T0429,training,-0.0727,0.0436,0.00000000,-0.0727|0.0436,1,1274,train,-0.20009103,-0.20009103,4f3208d68a0269de2ec51878031b3443a5b1e29336077ae761b502bd16664698
T0430,training,-0.0726,-0.0641,0.00000000,-0.0726|-0.0641,1,1831,train,-0.27178029,-0.27178029,b4786b48c64824288499759944566d8b99c665cbb7d13aea307a86be224ba0eb
T0431,test,-0.0726,0.0641,0.00000000,-0.0726|0.0641,1,1615,train,0.27178029,0.27178029,f974d9f6a94093efb90134470614bfff375cfe4ff92a8539cf0fc8266e710d1c
T0432,training,-0.0725,-0.0731,0.00000000,-0.0725|-0.0731,1,8727,train,0.07855240,0.07855240,404c9c228d4a86169ff34013f87e2458379d08fd130dd99b809b074d70eb5fd2
T0433,training,-0.0725,0.0731,0.00000000,-0.0725|0.0731,1,12453,train,-0.07855240,-0.07855240,6a431b4af096ec4955124a62244b9d2d5efdb810201d8ecc9d44727993c912e4
T0434,training,-0.0723,-0.0685,0.00000000,-0.0723|-0.0685,1,1887,train,-0.58073837,-0.58073837,6a41c41aea24efe44a27024b39e49ae3680d542f392d12eff15948f35e378691
T0435,validation,-0.0723,-0.0054,0.00000000,-0.0723|-0.0054,1,2085,train,0.78114022,0.78114022,cccdcea1383514400a53b1bd7f35a4bd4c98a0422afd6dd393bd910adfa863eb
T0436,training,-0.0723,0.0054,0.00000000,-0.0723|0.0054,1,1329,test_iid,-0.78114022,-0.78114022,9d6efec609c2a247040eee4389a101490b3aaad0da5e076520064030e6a39fb0
T0437,training,-0.0723,0.0685,0.00000000,-0.0723|0.0685,1,1563,train,0.58073837,0.58073837,7906a4164f450abfe9a92a54ecd5666de245220655f3bf0f78227f72d80fe251
T0438,training,-0.0722,-0.1289,0.00000000,-0.0722|-0.1289,1,8846,train,-0.57148108,-0.57148108,0e016320883fa5297cfe76aa0cad45b679ce6f560156a8cf096eacb8853b803f
T0439,training,-0.0722,0.1289,0.00000000,-0.0722|0.1289,1,12356,train,0.57148108,0.57148108,1303dc041543812b9c5312ec2a0935ca7717bfa81d02d34b78740236a48d73a9
T0440,training,-0.0721,0.0000,0.00000000,-0.0721|0.0000,1,1700,train,0.00000000,0.00000000,b5d4d460bd00aed2d5d0c8fe9148a928bdb22f7248c4641cb66302b8beba68d0
T0441,training,-0.0720,0.0000,0.00000000,-0.0720|0.0000,1,1695,train,-0.00000000,-0.00000000,a43af58c9e24e60f92e12bbca3f9e2aaf6cad6fd26960bf4d9d92f2930101a4f
T0442,training,-0.0719,-0.0341,0.00000000,-0.0719|-0.0341,1,1776,val_iid,-0.14707970,-0.14707970,2b129e2f8f6562e35613e82f7df5e18085b49d3ad166b63ead5109b8d3b6697f
T0443,training,-0.0719,0.0341,0.00000000,-0.0719|0.0341,1,1668,train,0.14707970,0.14707970,07a088fc1f7f72d5226c3a683c9b2233ab3f06a89933485e3b6e51d720f0a921
T0444,training,-0.0715,-0.0773,0.00000000,-0.0715|-0.0773,1,8775,train,-0.03596693,-0.03596693,38cd43ebf1c53e6282e32c3c2dedb02743d8ed017997a7e8a0baffc8757455b5
T0445,training,-0.0715,0.0773,0.00000000,-0.0715|0.0773,1,12393,train,0.03596693,0.03596693,7a1246ca3dc2063a242b061ca8db058dbde69dc7e7f2262bbbe4daf69ac43a6b
T0446,training,-0.0714,-0.1193,0.00000000,-0.0714|-0.1193,1,8825,train,-0.34833889,-0.34833889,b6461af4bad7489f400344ae7b7eeb201c4ca23e4ea483de7f699210d5c6ef2b
T0447,validation,-0.0714,-0.0667,0.00000000,-0.0714|-0.0667,2,1882;1883,train,-0.59761511,-0.59761511,e43ca0c556e68dacf753b75afc5a7b837dd33809c180e79abbd616864b43ed4f
T0448,training,-0.0714,0.0667,0.00000000,-0.0714|0.0667,2,1558;1559,train,0.59761511,0.59761511,3db6792120b52dc63b792d460967e91101867162dd416d1ef99df8e1d2d42c86
T0449,training,-0.0714,0.1193,0.00000000,-0.0714|0.1193,1,12335,train,0.34833889,0.34833889,59df3b8344f0e3eca89780dce49edacd5e2e1fd650091edc283a3eea1ded48d0
T0450,training,-0.0711,-0.0675,0.00000000,-0.0711|-0.0675,1,1886,train,-0.56452983,-0.56452983,2b1e32b56b1fb3d16ba0e2400351ea9842a0271b2171f126a33b696474e5b77e
T0451,training,-0.0711,0.0675,0.00000000,-0.0711|0.0675,1,1562,train,0.56452983,0.56452983,32672d797a4fc826069c46ef672ec3ef26b23fe6b10c8a1189a1dc23bc467903
T0452,training,-0.0710,-0.0336,0.00000000,-0.0710|-0.0336,1,1771,train,-0.14495885,-0.14495885,02d0ce0032d44b5dbe10030fec6f1165c27f0a44c943ce667ac9a07145d2bfc5
T0453,training,-0.0710,0.0336,0.00000000,-0.0710|0.0336,1,1663,train,0.14495885,0.14495885,332fe8402abb9a86a6fc2a1a87446d1fd51299d9d68deb145663543fde6e7b2f
T0454,training,-0.0709,0.0000,0.00000000,-0.0709|0.0000,1,1722,val_iid,-0.00000000,-0.00000000,76ff46aa2432c8eb420a03076a8580e4069de8a1a46a2845759c09765ebc61a2
T0455,training,-0.0701,-0.0649,0.00000000,-0.0701|-0.0649,2,1876;1877,train,-0.56175026,-0.56175026,07187f06859ab845b04d11a28e8edbfee29b99581d6d1e99996c3097a1fa0e31
T0456,training,-0.0701,0.0649,0.00000000,-0.0701|0.0649,2,1552;1553,train,0.56175026,0.56175026,8b2dbdeb508cebe12ef024219eb85be824d60b1739819969c0044d664e197ce0
T0457,training,-0.0700,-0.0694,0.00000000,-0.0700|-0.0694,1,2263,train,-0.07242379,-0.07242379,3a7fc432367ad941b8214405fd9b8eeaf768aa599068253b127370b9ab7b2cf9
T0458,training,-0.0700,0.0694,0.00000000,-0.0700|0.0694,1,1183,val_iid,0.07242379,0.07242379,7cf09c246edd6c08d4195f74d02ae9eeb48964e2406d4658d5bc14e18bdae46c
T0459,training,-0.0699,-0.1157,0.00000000,-0.0699|-0.1157,1,8830,val_iid,-0.33399787,-0.33399787,272f7032e23b3763e0f9bf8fdaaabeb110e24cb5b0a1f9510fae7ff0d9a72faf
T0460,training,-0.0699,0.1157,0.00000000,-0.0699|0.1157,1,12340,val_iid,0.33399787,0.33399787,b58fff1cf33e7b94a0994fe07e6efc664df8526a2dc397f8a564c243dcc91613
T0461,training,-0.0696,-0.0735,0.00000000,-0.0696|-0.0735,2,8368;8369,train,0.59813997,0.59813997,71254ae3f072d508f5fe4d8520d878bbf59c0d94a4e283a48852593d893c4697
T0462,training,-0.0696,-0.0246,0.00000000,-0.0696|-0.0246,2,1402;1403,train,-1.41316419,-1.41316419,90a551363642a6983710c62b75af16c0ba8bd370127d6aad98111ace717dd66b
T0463,training,-0.0696,0.0246,0.00000000,-0.0696|0.0246,2,2050;2051,train,1.41316419,1.41316419,58b63445a1cae7a6d5b32b4baba33b9f1a6d4b3a0e144b9ae782e3fd2cd1033e
T0464,training,-0.0696,0.0735,0.00000000,-0.0696|0.0735,2,12094;12095,train,-0.59813997,-0.59813997,6a9e839c706d9a79b75c210d2e9eb1f4d733bcb0c73f0f1b0ab1711cf7388b2c
T0465,training,-0.0694,-0.0700,0.00000000,-0.0694|-0.0700,1,8743,train,0.07242379,0.07242379,1cd1bc3d959e5ddca894c71ec55a21eeced90efb588cb548e0e706413922fe9e
T0466,training,-0.0694,0.0700,0.00000000,-0.0694|0.0700,1,12469,train,-0.07242379,-0.07242379,63c28897e979ce3c475465c4ee0ab7c4761070380a425c287f7ab289576e674d
T0467,test,-0.0689,-0.0246,0.00000000,-0.0689|-0.0246,1,1401,train,-1.39854635,-1.39854635,f794df938724a659037de4cf6df694ceeb5b9f750e9c8d9d69e324f39fae112e
T0468,training,-0.0689,0.0246,0.00000000,-0.0689|0.0246,1,2049,train,1.39854635,1.39854635,569e1dd0ccd47586066f702ce62f11f5c35297b9641ef27a4799a20162202b13
T0469,training,-0.0688,-0.0636,0.00000000,-0.0688|-0.0636,1,1814,train,-0.17205279,-0.17205279,3c6b23475a2caaac6306a8eae03b210a4646d6c762526628a4b9deb4f27e0377
T0470,training,-0.0688,0.0636,0.00000000,-0.0688|0.0636,1,1598,train,0.17205279,0.17205279,924cb7ec5d787fc072801a951a401a74e469628cb5c4523b4ac72b13e6ae86ee
T0471,training,-0.0685,-0.0723,0.00000000,-0.0685|-0.0723,1,8367,test_iid,0.58073837,0.58073837,1568279fcf52ea6e2c01dd41e0097c03d75a3f1274c1713f4bfa895645a226b8
T0472,training,-0.0685,0.0723,0.00000000,-0.0685|0.0723,1,12093,train,-0.58073837,-0.58073837,04f2af4f46a58ed96469d3234b1d3d9da1ae5342f70a328152d465fd5731e742
T0473,training,-0.0684,-0.0734,0.00000000,-0.0684|-0.0734,1,8780,train,-0.02860766,-0.02860766,631d69d91fc354877a5ef6c6b3de0b8ca081414b1d5f3cf1a3dab303e5bdc548
T0474,training,-0.0684,0.0734,0.00000000,-0.0684|0.0734,1,12398,train,0.02860766,0.02860766,5ba36357e01afce630d6262034d68e98235476625589ccfc5d06ae76f6dbf711
T0475,training,-0.0683,-0.0361,0.00000000,-0.0683|-0.0361,1,1749,train,-0.12126187,-0.12126187,13ea4605e00e6f3508766f0e616e6e06b8725f2d4645ecd41be4f0645134f2a8
T0476,training,-0.0683,0.0361,0.00000000,-0.0683|0.0361,1,1641,train,0.12126187,0.12126187,4c91aa4649d809bd2fb38739ae67639ec7a4cfecf3c17125ae52e0f1df9f32e4
T0477,test,-0.0682,-0.0639,0.00000000,-0.0682|-0.0639,1,1881,train,-0.54841899,-0.54841899,fd50eb9102559cdcbe8588e0d405d954df8519c51094954a9504a1932c95fb78
T0478,training,-0.0682,-0.0237,0.00000000,-0.0682|-0.0237,2,1396;1397,train;test_iid,-1.39533387,-1.39533387,09043f7b4af33a564537600cd279f6859b42823b31154ced74de7f8c1628d7ba
T0479,test,-0.0682,0.0237,0.00000000,-0.0682|0.0237,2,2044;2045,train,1.39533387,1.39533387,eeba377ac4bf2d69b706beb85a5662e8971d8ba04987db77246495a6a0906f87
T0480,validation,-0.0682,0.0639,0.00000000,-0.0682|0.0639,1,1557,train,0.54841899,0.54841899,dc39d979e1e160d5380de61dfb3c558138b337271c19a47d3356274d7378d4be
T0481,training,-0.0681,-0.0245,0.00000000,-0.0681|-0.0245,1,1400,train,-1.38416153,-1.38416153,1c8d0d730cac76ed400e1fbe8682f487134e487bdeed3ad5409fe51630c6a49d
T0482,training,-0.0681,0.0245,0.00000000,-0.0681|0.0245,1,2048,train,1.38416153,1.38416153,c2d769f3e5661cb5ba153d78db5b46edcaa93191eed59bba7c05a9177cee07e8
T0483,training,-0.0680,-0.1231,0.00000000,-0.0680|-0.1231,1,8447,train,0.24706905,0.24706905,cbe651ef68cde9397b5779f7cd6c633ff3507c014df84c57f5bac4b70f3e69d7
T0484,training,-0.0680,0.1231,0.00000000,-0.0680|0.1231,1,11957,train,-0.24706905,-0.24706905,c68636ac2f25135cca63050e9ba47ac0e4aa44e2f26817858ce4e6501460a1fd
T0485,training,-0.0678,-0.1216,0.00000000,-0.0678|-0.1216,1,8452,train,0.22762065,0.22762065,7d6b51903f1d5857e68d857d6e840ff12721a88ae2efd73a13a2adfe77230199
T0486,training,-0.0678,-0.0671,0.00000000,-0.0678|-0.0671,1,2241,test_iid,-0.08327254,-0.08327254,6a8f8c686a7a6e31c22ff472bfa1df86cfe64cae0a54744856f36c9f79b9aba2
T0487,training,-0.0678,-0.0358,0.00000000,-0.0678|-0.0358,1,1754,train,-0.12123349,-0.12123349,61b232815a5d249419e0a37d54d978e53d0a9d9f1fd2a93ca96627425b34333b
T0488,training,-0.0678,0.0358,0.00000000,-0.0678|0.0358,1,1646,train,0.12123349,0.12123349,94796ef1e426633fd93b9509300ef711a13f6de485c75d209b804c71e1e8e895
T0489,training,-0.0678,0.0671,0.00000000,-0.0678|0.0671,1,1161,train,0.08327254,0.08327254,a11653c32c01731e974cd56a622c1f979f19e467dbf3f8b6085d74364ac3bd5f
T0490,training,-0.0678,0.1216,0.00000000,-0.0678|0.1216,1,11962,train,-0.22762065,-0.22762065,9470ddc168d90d47891e23752d1bccbf0c133d3a59951550e98f01c60801c9bd
T0491,training,-0.0677,-0.0601,0.00000000,-0.0677|-0.0601,1,2203,train,0.04673154,0.04673154,c50ea9cf39e03eec6278ae117f041e30e85890bfa397fb16b10df8f111461ca9
T0492,training,-0.0677,0.0601,0.00000000,-0.0677|0.0601,1,1231,train,-0.04673154,-0.04673154,04743a3f1918d859859b52c1efae54260b4af6cc4a06c1de1431e7dbf136ee6a
T0493,training,-0.0675,-0.0711,0.00000000,-0.0675|-0.0711,1,8366,train,0.56452983,0.56452983,32e7eccf297387d2309d07903986819ac799bedbd7df8b441af65084ab035d1f
T0494,training,-0.0675,-0.0375,0.00000000,-0.0675|-0.0375,1,2149,train,0.28272179,0.28272179,48a6e974077b479f1846a58a8cea502051c3dd77739895f5e0cd2ad3b06fb4b7
T0495,training,-0.0675,0.0375,0.00000000,-0.0675|0.0375,1,1285,train,-0.28272179,-0.28272179,c2818b485363d898c7b035005d3b833d4d973a89805ff8927e9408b414fea16f
T0496,validation,-0.0675,0.0711,0.00000000,-0.0675|0.0711,1,12092,val_iid,-0.56452983,-0.56452983,d75eafb719f1476046b8f791fb1686c7390ab0729ae0be76b6a57d66c41cffe8
T0497,training,-0.0674,-0.1398,0.00000000,-0.0674|-0.1398,1,8463,train,0.29796225,0.29796225,8fd5b9db26b57e39f2b8b208ccd706d496a2a8393bc4a6f4a927a80804956d43
T0498,training,-0.0674,0.1398,0.00000000,-0.0674|0.1398,1,11973,train,-0.29796225,-0.29796225,6279c0c27218dd76f9329d8a0d23157a7ee92607a81b1d3fc111b451c9b06033
T0499,training,-0.0671,-0.1363,0.00000000,-0.0671|-0.1363,1,8468,train,0.29621541,0.29621541,2919a3f6067cadf0ca44487e9357cda70d54eb320192b67589b999f91b85aa0b
T0500,training,-0.0671,-0.0678,0.00000000,-0.0671|-0.0678,1,8721,train,0.08327254,0.08327254,7591beec956dc184e350982c566a06a8eb8eeb170e86deb23546eb9a9c826a0d
T0501,test,-0.0671,0.0678,0.00000000,-0.0671|0.0678,1,12447,train,-0.08327254,-0.08327254,f4df8a72c7b954b9923976d5c5ffee05fed739c0a54ec182ac0108075090d7a2
T0502,training,-0.0671,0.1363,0.00000000,-0.0671|0.1363,1,11978,train,-0.29621541,-0.29621541,5e074be1eb1a82be69c0c494035a9eb7b518ff76a7c5c95c354aabb48883292c
T0503,training,-0.0668,-0.0729,0.00000000,-0.0668|-0.0729,1,8397,val_iid,0.20348475,0.20348475,7a607e1da7909bf339b9c87191e907e0d1233f34500c62527c5be227e1fdb3dc
T0504,training,-0.0668,0.0729,0.00000000,-0.0668|0.0729,1,12015,train,-0.20348475,-0.20348475,ae17039026f3dc07ebb3a2fd0c1e50db12bc831e17f3fcd63114d910d45b8d7c
T0505,training,-0.0667,-0.0714,0.00000000,-0.0667|-0.0714,2,8362;8363,train,0.59761511,0.59761511,9f0e93ab12041cbfeccf9c7b420ba672c8f031a51212d68f485a9664605dc020
T0506,training,-0.0667,0.0714,0.00000000,-0.0667|0.0714,2,12088;12089,train;test_iid,-0.59761511,-0.59761511,4657431db020fdf3687810bf691620e74eb1e144ad9aaaee9b965589541e6f77
T0507,training,-0.0666,-0.0615,0.00000000,-0.0666|-0.0615,1,2186,train,0.03382784,0.03382784,6758c3568082c17d52d4f3f2acb96c90ee8ec35a97fb801b6e46018b085dd059
T0508,training,-0.0666,0.0615,0.00000000,-0.0666|0.0615,1,1214,train,-0.03382784,-0.03382784,baac17799652651bdc1961241b265f1f2812375c82587dfd05a963e82c00f909
T0509,training,-0.0665,-0.0625,0.00000000,-0.0665|-0.0625,1,1880,train,-0.53910031,-0.53910031,64356e03518f41436d425b60e276b3fb3924f88ca9c32e2002e64a198998ebef
T0510,training,-0.0665,0.0625,0.00000000,-0.0665|0.0625,1,1556,test_iid,0.53910031,0.53910031,3f372f4151e3a913884d4c0cf6c883908b0830bb9ed2e4d2e4f2ecd0ac2e4893
T0511,training,-0.0659,-0.0057,0.00000000,-0.0659|-0.0057,1,2079,train,0.70400871,0.70400871,98765d474f3642fcf39d04c75fd353a35f3637d1328192ae3b03f8992af1cc4f
T0512,training,-0.0659,0.0057,0.00000000,-0.0659|0.0057,1,1323,train,-0.70400871,-0.70400871,c26eb6bfab30865d2fb80531f605677204c6de11754d6d288269fca97e3cedc2
T0513,training,-0.0658,-0.0234,0.00000000,-0.0658|-0.0234,1,1395,train,-1.31671054,-1.31671054,06179304c29b3733aa8f50b258c1108d223731694cf903c7204cf98f1e37ea3c
T0514,training,-0.0658,0.0234,0.00000000,-0.0658|0.0234,1,2043,train,1.31671054,1.31671054,52698971d297797fe50d50620571762716370bc6358669a9107c53a37e753204
T0515,training,-0.0657,-0.0383,0.00000000,-0.0657|-0.0383,1,2127,train,0.19777928,0.19777928,24e594f3cc1fcfc6c2a16a53f6ca059e7615294cf59be89b1a49298018cd00a3
T0516,test,-0.0657,-0.0069,0.00000000,-0.0657|-0.0069,1,2101,train,0.77452413,0.77452413,ff0fcc6ccc0357b76e059adb4fb5028712449dfb485ee4f37937d2325d530f8c
T0517,training,-0.0657,0.0069,0.00000000,-0.0657|0.0069,1,1345,val_iid,-0.77452413,-0.77452413,821875f5e2ff5e4522f74e15b01e87e2dc931424d6f08c6d4cbb9dc1cc7bdc0e
T0518,training,-0.0657,0.0383,0.00000000,-0.0657|0.0383,1,1263,train,-0.19777928,-0.19777928,cc27c1c4b718df22d3f10251420116282a32f6266df3a80a970ee5b2a6324d62
T0519,test,-0.0656,-0.0385,0.00000000,-0.0656|-0.0385,1,2132,train,0.19700785,0.19700785,f7dd3081760eca58e7ee2872e7692cd752356eb3ce01c36980e91c699df9eefe
T0520,training,-0.0656,0.0385,0.00000000,-0.0656|0.0385,1,1268,train,-0.19700785,-0.19700785,40aa887810bbf6c12473144ccc123b3a53cf441d6cbe53042fc8ce910f24ca5c
T0521,training,-0.0654,-0.0586,0.00000000,-0.0654|-0.0586,1,2208,train,0.04239192,0.04239192,1a61a08b6eba26490e2c3ca0bb02efc5a99818271c0fc17c7b5c620432e6bbda
T0522,training,-0.0654,0.0586,0.00000000,-0.0654|0.0586,1,1236,train,-0.04239192,-0.04239192,09d43d5792c9a60ee5a5f51d0922db863290b0eb5bdf7536bda1efe6b1ebd70f
T0523,training,-0.0653,-0.0606,0.00000000,-0.0653|-0.0606,1,2181,train,0.02559751,0.02559751,04a3c556c849ad9053b4119252ad009c9b9beaa0232612cba07816017ac33eac
T0524,training,-0.0653,0.0606,0.00000000,-0.0653|0.0606,1,1209,train,-0.02559751,-0.02559751,bda6aa5ad61b3a13680e0428c8486c83193b3f3428762f1da12f629d70e59434
T0525,training,-0.0651,-0.0228,0.00000000,-0.0651|-0.0228,2,1390;1391,train,-1.26499030,-1.26499030,ab8077ec65a0357fee00a2085c3640a0d87c51957162d1f086f799907fd52bf9
T0526,training,-0.0651,0.0228,0.00000000,-0.0651|0.0228,2,2038;2039,train;test_iid,1.26499030,1.26499030,2c85ce9f6d642bf398e67e2139ece423dbabdd5ff7f27595e9b1fcb143d2033f
T0527,training,-0.0649,-0.0701,0.00000000,-0.0649|-0.0701,2,8356;8357,train;test_iid,0.56175026,0.56175026,ac54a6027cee8dd825aeed76314d4fd9fe6c0d4e724e8ebfe6f9c8863ff243ec
T0528,training,-0.0649,0.0701,0.00000000,-0.0649|0.0701,2,12082;12083,train,-0.56175026,-0.56175026,c450d87d0895d3b3526aa4bb835c83ba9ee2b0ea8ad7b6c1453281ece904e525
T0529,training,-0.0646,-0.1082,0.00000000,-0.0646|-0.1082,1,8824,train,-0.31929338,-0.31929338,85f9eb829b288835636ad8f21293c76573da8ad13c5375c3da4e26df0346deba
T0530,training,-0.0646,-0.0640,0.00000000,-0.0646|-0.0640,1,2246,train,-0.06338861,-0.06338861,3b11d322f86a326d5deeecac12b63242d51217c0c7f4331195dff27b27071ab9
T0531,training,-0.0646,-0.0587,0.00000000,-0.0646|-0.0587,1,1803,train,-0.18588587,-0.18588587,c4ee4fc28ddb29a88ca5376495c55c518e2da4faf9cc26fc56a81438b63c6648
T0532,training,-0.0646,0.0587,0.00000000,-0.0646|0.0587,1,1587,train,0.18588587,0.18588587,776aee05b967cdb8dafb5ab69185f692e731dce41bac4a7d5a02ab8b04a2ec54
T0533,training,-0.0646,0.0640,0.00000000,-0.0646|0.0640,1,1166,train,0.06338861,0.06338861,1963f3aeda60d109a1b84bcb69419e7bdbc4053cd43080b2489cb6333de71b28
T0534,training,-0.0646,0.1082,0.00000000,-0.0646|0.1082,1,12334,train,0.31929338,0.31929338,108fbfd90a041864dddb974e2ef1981ad0b21649efbd8ee0dd7b5296b2017583
T0535,training,-0.0641,-0.0726,0.00000000,-0.0641|-0.0726,1,8419,train,0.27178029,0.27178029,b3c85db94edde2f907366b86e01d2fe6ed7e583372ff02ad43200c29f324ffcc
T0536,validation,-0.0641,0.0726,0.00000000,-0.0641|0.0726,1,12037,train,-0.27178029,-0.27178029,deae445bc3a7c8801f8d0da5ac32e080c2ff4d0eae440e8a8477713834cad402
T0537,training,-0.0640,-0.0646,0.00000000,-0.0640|-0.0646,1,8726,train,0.06338861,0.06338861,63c3cd0889221d886ac6dbc9526b32f5720af03e5bfbe04a35884e018e64929d
T0538,training,-0.0640,0.0646,0.00000000,-0.0640|0.0646,1,12452,test_iid,-0.06338861,-0.06338861,28392f6489329ef0324c6d5e61cc4cf24bbea0c85512e67734b5b7369ce6b152
T0539,test,-0.0639,-0.0682,0.00000000,-0.0639|-0.0682,1,8361,train,0.54841899,0.54841899,f545862631d449d1a36f802ba869395e8c0e9f1202ca02821059c949733c50e7
T0540,training,-0.0639,0.0682,0.00000000,-0.0639|0.0682,1,12087,train,-0.54841899,-0.54841899,6846693aff8ca3c98114d5bf52ea635698c0b7319d8ba2ed2afb8bbc7af6aa29
T0541,training,-0.0638,-0.0358,0.00000000,-0.0638|-0.0358,1,2154,train,0.25167160,0.25167160,3929d53d5d723d8ee8d0c4012b1f5b1b6e11e4d77135cd312cce6ff547812924
T0542,training,-0.0638,0.0358,0.00000000,-0.0638|0.0358,1,1290,train,-0.25167160,-0.25167160,8fbe333d5100dfbd49d16e62de224158c598e36162215dae20abdf9a4d9a3d38
T0543,training,-0.0636,-0.0688,0.00000000,-0.0636|-0.0688,1,8402,train,0.17205279,0.17205279,673ff8ab802e95cc58ce35733de373a88d643cc1e3d3753cc62e32f8b8e9ee4c
T0544,training,-0.0636,0.0688,0.00000000,-0.0636|0.0688,1,12020,train,-0.17205279,-0.17205279,29b2acd428fce60052547bf51685fc8a4afb03f7a5d131b99858344bec17bf5e
T0545,training,-0.0634,0.0000,0.00000000,-0.0634|0.0000,1,1694,test_iid,0.00000000,0.00000000,0208b4122ed276510bb7a2c99f7931ccb83b2aa33ab5bd5d0632d60ed85ac847
T0546,training,-0.0628,-0.0572,0.00000000,-0.0628|-0.0572,1,1808,train,-0.17264098,-0.17264098,0859931b8d25ee60a1ff2f082ec0670bb4cd9ea815f304bee5c44196197e6b7b
T0547,training,-0.0628,0.0572,0.00000000,-0.0628|0.0572,1,1592,train,0.17264098,0.17264098,7460b803434eb023feed87575bd913dd55a56f1a253bc5c311d29cdc82053af0
T0548,validation,-0.0627,-0.0053,0.00000000,-0.0627|-0.0053,1,2084,train,0.67501614,0.67501614,e118bc2f2296cc24db263b04e4cbd0a943cee31ce0779d28509d6df3a54e82b5
T0549,test,-0.0627,0.0053,0.00000000,-0.0627|0.0053,1,1328,train,-0.67501614,-0.67501614,ff0067392a3ecc983969c921c773cf459e3fabec021e549ce71b069e5ba1155b
T0550,training,-0.0626,-0.0538,0.00000000,-0.0626|-0.0538,1,1825,train,-0.25793242,-0.25793242,228c6ba5fe3e76bf340d5c4daad1f746a16dccd10b7c21176af65882785f3521
T0551,training,-0.0626,0.0538,0.00000000,-0.0626|0.0538,1,1609,train,0.25793242,0.25793242,5598b47b3596c8ab30af5a11c493fc913ddc40e53bcdcc0a9ccb9cd90ff2019e
T0552,validation,-0.0625,-0.0665,0.00000000,-0.0625|-0.0665,1,8360,train,0.53910031,0.53910031,cde08780bf46420ed32466e4c4fc3e933cd72f17d77b7a76d7a11e5d480b0dd4
T0553,training,-0.0625,-0.0226,0.00000000,-0.0625|-0.0226,1,1389,train,-1.26647956,-1.26647956,020d94241eb54e572b3f0d88b75cfb3e3d4574a75999e0d09af59b2dcf1da290
T0554,training,-0.0625,0.0226,0.00000000,-0.0625|0.0226,1,2037,test_iid,1.26647956,1.26647956,20240c8fb25cecb65d3de4a158dc36b3dfdb7be982a6cfb74e53f2f7109674d6
T0555,training,-0.0625,0.0665,0.00000000,-0.0625|0.0665,1,12086,train,-0.53910031,-0.53910031,4d70d37a6bc9e1e776d97c0f8da0ab5b85c301f7cb6effbf78980aa9abf70302
T0556,validation,-0.0620,-0.1111,0.00000000,-0.0620|-0.1111,1,8840,train,-0.48771982,-0.48771982,df16bfbbdf9359d01590861be3176a6385e5cf8289f01780265d1078ea106087
T0557,training,-0.0620,0.1111,0.00000000,-0.0620|0.1111,1,12350,train,0.48771982,0.48771982,53377f2fb03218568b3604546ab434ae0182497f562b8953cb89ae0fffc63c87
T0558,training,-0.0615,-0.0666,0.00000000,-0.0615|-0.0666,1,8774,train,-0.03382784,-0.03382784,b0bdb11807760ce2d63a7890db9e0ff41eb309f19ee91be20c60d08956ad59ee
T0559,training,-0.0615,0.0666,0.00000000,-0.0615|0.0666,1,12392,train,0.03382784,0.03382784,23115fff2174f6c3fc50ea53ce248c9b86e93ab37f35f1d7af8ff5cf5a8a28dd
T0560,training,-0.0612,-0.0574,0.00000000,-0.0612|-0.0574,1,1875,train,-0.46022255,-0.46022255,0b419ff336c3093dd6bcb6d235c16a29c8aab4e37a108f05a6eb4028d1b750bc
T0561,training,-0.0612,0.0574,0.00000000,-0.0612|0.0574,1,1551,train,0.46022255,0.46022255,c5c5e414dacd59478e9ee8b8e44700f523d22002db3ae5e0adda583c19e869b2
T0562,training,-0.0608,-0.0232,0.00000000,-0.0608|-0.0232,1,1394,train,-1.23702010,-1.23702010,0ba4b9ec6cccc16873a09be39ed7f8a339da9af634de6c4df726de5820d3d950
T0563,training,-0.0608,0.0232,0.00000000,-0.0608|0.0232,1,2042,train,1.23702010,1.23702010,91a5e3a206731e6460b1ac925f5f521bf4849fb22d4126e560ac742ff6a094ea
T0564,training,-0.0607,-0.0313,0.00000000,-0.0607|-0.0313,1,1748,train,-0.10816416,-0.10816416,778b6f11d9bf5cfdfd060f63f538fa7a020d4670b7b6236b041218185d472575
T0565,validation,-0.0607,0.0313,0.00000000,-0.0607|0.0313,1,1640,train,0.10816416,0.10816416,d522f3b334a7cef3e092e2888941188633054a9ad737ed063353700bc9a8792d
T0566,training,-0.0606,-0.0653,0.00000000,-0.0606|-0.0653,1,8769,train,-0.02559751,-0.02559751,94f776394c103b2c4f7d3af30099f770b4602cbcb0c8091ea2ef5be437d11870
T0567,training,-0.0606,0.0653,0.00000000,-0.0606|0.0653,1,12387,train,0.02559751,0.02559751,0168176991539e94776fcfb70d016aafbf272018e3dba3c828d937fad3d2d4c7
T0568,training,-0.0601,-0.1100,0.00000000,-0.0601|-0.1100,1,8446,val_iid,0.21616756,0.21616756,1da3d37492d36daab6ab461d67265d9c9edb4cbc68daf521a897d330b05eb718
T0569,training,-0.0601,-0.0677,0.00000000,-0.0601|-0.0677,1,8791,train,-0.04673154,-0.04673154,79aa167d4a6742e383524ae9f5f22435d6332f575950a959fd72929fc9444a02
T0570,training,-0.0601,-0.0525,0.00000000,-0.0601|-0.0525,1,1830,train,-0.22929144,-0.22929144,471f0f7f6e2fd7bdd5c2b1c571fcb660b0ed892730681af83a6231e0953ff532
T0571,training,-0.0601,0.0525,0.00000000,-0.0601|0.0525,1,1614,train,0.22929144,0.22929144,54ecea18a1500fa9831830f08fdbf50207217d822d1c440e3d9fb04daf9fe09e
T0572,training,-0.0601,0.0677,0.00000000,-0.0601|0.0677,1,12409,train,0.04673154,0.04673154,0a89612049bd0c18fcdf6175abfd0977213842fe26bb2ca0e14330f9a7aa071c
T0573,training,-0.0601,0.1100,0.00000000,-0.0601|0.1100,1,11956,train,-0.21616756,-0.21616756,9f153220a5c00702af50be22ad2a83176f963f763d202826a2743edc870f8682
T0574,training,-0.0599,-0.0593,0.00000000,-0.0599|-0.0593,2,2235;2240,train,-0.07220994,-0.06899031,8bebce86c686a96f782787c00356039dccd21c9bbeb1c803edac6441d5318572
T0575,training,-0.0599,-0.0266,0.00000000,-0.0599|-0.0266,1,1379,train,-1.15389245,-1.15389245,1ecf92297a04012351226edcb3063eb33aea6d9fe64a2952187f9a0608eaa7ac
T0576,training,-0.0599,0.0266,0.00000000,-0.0599|0.0266,1,2027,train,1.15389245,1.15389245,bc530f4456c00f9be232df28b20b2f5fbb420c4b8d19db06195ccd9dcf7e1f14
T0577,training,-0.0599,0.0593,0.00000000,-0.0599|0.0593,2,1155;1160,train,0.06899031,0.07220994,5c26783d6b9ba1b71a1e0b9e72c7979cce2f860f53eb4531ecad4f224beb32c5
T0578,training,-0.0596,-0.0266,0.00000000,-0.0596|-0.0266,1,1378,train,-1.15016633,-1.15016633,353b9c31ce89da95f2150a1ddc8270690b7c4af3ee271845335234b210ab1770
T0579,test,-0.0596,0.0000,0.00000000,-0.0596|0.0000,1,1711,test_iid,0.00000000,0.00000000,fb16d664b14a193f171547220c21699538e3f934b27e9c7c92c8d13b7165065e
T0580,training,-0.0596,0.0266,0.00000000,-0.0596|0.0266,1,2026,train,1.15016633,1.15016633,c499325e5087b658388f77ffa7021124b7bcf9057b6ddd2bad1620bf46922533
T0581,training,-0.0593,-0.0599,0.00000000,-0.0593|-0.0599,2,8715;8720,train,0.06899031,0.07220994,2c5f9ebb024ef38d04d1707c234bb0d84d77c983f3b6048f81645a6a09aa5569
T0582,training,-0.0593,-0.0565,0.00000000,-0.0593|-0.0565,1,1865,val_iid,-0.39402788,-0.39402788,2d253aa94196eac2f7a7a40b827a71a4eee1b8650f7a62ce280967773c2dd167
T0583,training,-0.0593,0.0565,0.00000000,-0.0593|0.0565,1,1541,train,0.39402788,0.39402788,a378fdcfab1f8c2390c780b0710493559cff4c13f8b79d375e302692d3062a4b
T0584,training,-0.0593,0.0599,0.00000000,-0.0593|0.0599,2,12441;12446,train;test_iid,-0.07220994,-0.06899031,67e7494d2d11b8c8495339248508d6916bf1d6bcc9cc0b9060f8bc43245a5045
T0585,training,-0.0592,-0.0564,0.00000000,-0.0592|-0.0564,1,1864,train,-0.40050079,-0.40050079,095a2f181c14bee449972cf3e50f974e69a4d1ecf87c7eb28b90807bc0459a53
T0586,training,-0.0592,0.0564,0.00000000,-0.0592|0.0564,1,1540,test_iid,0.40050079,0.40050079,4c20e50676c825ca9f28e21e44521812f14728ed1fc4fcac496ec2add3b15a6c
T0587,training,-0.0591,-0.0563,0.00000000,-0.0591|-0.0563,1,1859,train,-0.41521031,-0.41521031,6424976bed9f62c599f2894657762da7c04e866a03315cc9a20eec4cce7e583a
T0588,training,-0.0591,0.0563,0.00000000,-0.0591|0.0563,1,1535,train,0.41521031,0.41521031,b8b7cb6f2a790828a0fc2e5328964dca01d47c67a34921cbd727d43f45ed9f40
T0589,training,-0.0587,-0.0646,0.00000000,-0.0587|-0.0646,1,8391,train,0.18588587,0.18588587,5c67036b9c68a1c8519a130b6e9aae958133359150a53475d16399e5f53b92b7
T0590,training,-0.0587,0.0000,0.00000000,-0.0587|0.0000,1,1716,train,-0.00000000,-0.00000000,b92d9910a7aac6e9fa3882bfff7ebe83df6b468ae5964207aaee6bb99f999f00
T0591,training,-0.0587,0.0646,0.00000000,-0.0587|0.0646,1,12009,train,-0.18588587,-0.18588587,b9b06ab994f21d7123beb68e9aa956dd93a0d266bf1364a3db4f2b547da2d72a
T0592,training,-0.0586,-0.0654,0.00000000,-0.0586|-0.0654,1,8796,train,-0.04239192,-0.04239192,9fcce2890b8a6ed1c1126d884bff1eda40141c05113cf86dbce684648ba41111
T0593,training,-0.0586,-0.0580,0.00000000,-0.0586|-0.0580,1,2257,train,-0.04863396,-0.04863396,3006f7fd80ccb719f398d44603af39cd1874b20a6ced939ac40b8c9b86bc04a9
T0594,training,-0.0586,0.0580,0.00000000,-0.0586|0.0580,1,1177,test_iid,0.04863396,0.04863396,9adc1dd93551f1b4a49e0c60346673cc89ce23b006c55dc19e4f2b8c9bb4b232
T0595,training,-0.0586,0.0654,0.00000000,-0.0586|0.0654,1,12414,train,0.04239192,0.04239192,0b85e36a466f8255d2a99949705f92b6d0f90dc8ce1ac2f14ff6ca394d375bb6
T0596,training,-0.0583,-0.0556,0.00000000,-0.0583|-0.0556,2,1870;1871,train,-0.38976615,-0.38976615,8be3b3c6a81e71d0a0ff74e3274c8fac1e3b0b3b3fca88ec650f1affd9921bea
T0597,training,-0.0583,-0.0280,0.00000000,-0.0583|-0.0280,2,1384;1385,train;val_iid,-1.08054986,-1.08054986,0dfecd0bede195e3cc9b130c9917a06fef2868f16af1cff9a7ad055426ed528e
T0598,training,-0.0583,0.0280,0.00000000,-0.0583|0.0280,2,2032;2033,train,1.08054986,1.08054986,016f6343723789f0177563fbbd4001a3e86a3d48160917a9dd4dac464cbac344
T0599,training,-0.0583,0.0556,0.00000000,-0.0583|0.0556,2,1546;1547,train,0.38976615,0.38976615,5f58eb2edc802de2eab4227d640be9d05c8635bb70e9aa64b8fab75795ba0a89
T0600,training,-0.0580,-0.0586,0.00000000,-0.0580|-0.0586,1,8737,train,0.04863396,0.04863396,c22280f8dd8d8c92cc8ea41d34d52754ae66e184a7641b0eda8d74b2f2ce4569
T0601,training,-0.0580,0.0586,0.00000000,-0.0580|0.0586,1,12463,train,-0.04863396,-0.04863396,790dba4fda868b60864a1e945477ebf03d06c1960818fd9b8cf91f9cd043b0bd
T0602,training,-0.0576,-0.0570,0.00000000,-0.0576|-0.0570,1,2262,train,-0.05462969,-0.05462969,9b2d286151535cb456ac70f1acca9cd97b259ebafb586d875d7f971df743ce6e
T0603,training,-0.0576,0.0570,0.00000000,-0.0576|0.0570,1,1182,train,0.05462969,0.05462969,6045c9868d715dd38ed0023c82e4fee8d74792c7b2fc8f4b45661f3f7df29295
T0604,validation,-0.0574,-0.0612,0.00000000,-0.0574|-0.0612,1,8355,train,0.46022255,0.46022255,df44250eaba00ec337425275336db37c29883540975fabce317aa5b0ace7ab9c
T0605,training,-0.0574,0.0612,0.00000000,-0.0574|0.0612,1,12081,train,-0.46022255,-0.46022255,377c5fa421ba1cae2a3b0dc1a31480f259c3c4b8af1db2b53251e1ded3899d15
T0606,training,-0.0572,-0.0628,0.00000000,-0.0572|-0.0628,1,8396,train,0.17264098,0.17264098,a5e1c89339c751f66b1b9994b88cca8c82d67c72aba66d0a97557c3383e2b757
T0607,validation,-0.0572,-0.0049,0.00000000,-0.0572|-0.0049,1,2073,val_iid,0.60476558,0.60476558,cf173f9b4b8f70c38f0c7142e2a4513695d5ecad69a3fbfa1bc938c2ecbd6790
T0608,training,-0.0572,0.0049,0.00000000,-0.0572|0.0049,1,1317,train,-0.60476558,-0.60476558,113a339219bed297f85c48163bd85aa913c761e0ed15558a87d81299e54b42a7
T0609,training,-0.0572,0.0628,0.00000000,-0.0572|0.0628,1,12014,train,-0.17264098,-0.17264098,6e00321c5013fb1b89a89d9eed9c5b9cb39b153bd94c53e2428801dec89c19e1
T0610,validation,-0.0571,-0.0255,0.00000000,-0.0571|-0.0255,1,1373,train,-1.08708110,-1.08708110,e1adf351e581d6b34908705b773bcd340f9d30640b6ff6e330922d4c4df334aa
T0611,training,-0.0571,-0.0066,0.00000000,-0.0571|-0.0066,1,2095,train,0.66511995,0.66511995,804f0dd58d4e593d1f6fbb36d7734f4705456d918aa28e25189730ed700b406f
T0612,validation,-0.0571,0.0066,0.00000000,-0.0571|0.0066,1,1339,train,-0.66511995,-0.66511995,cf5a31aec17ef52a20e48ba03da57218c51edbef715cc2c7f87411fc4764c4d6
T0613,training,-0.0571,0.0255,0.00000000,-0.0571|0.0255,1,2021,train,1.08708110,1.08708110,3bb343d6aaf7a3c7de38a734c7fa5ddcd581163378dd1d8345d9a9e297c127a6
T0614,training,-0.0570,-0.0576,0.00000000,-0.0570|-0.0576,1,8742,train,0.05462969,0.05462969,10e58c5cb541bd0f6dfb026afc4d78395ec734eb8fa7278d33e4a191748c9e43
T0615,training,-0.0570,0.0576,0.00000000,-0.0570|0.0576,1,12468,train,-0.05462969,-0.05462969,41416328c6ef63430e80816a4ac581d5976ff8a320f0ddafa2264c7ef7821a59
T0616,training,-0.0569,-0.0541,0.00000000,-0.0569|-0.0541,1,1858,train,-0.41080868,-0.41080868,72dfb3382ebe31d834dc67d73ce37d1c1057ae45e2a336ae309d5cafb5bb1bcb
T0617,training,-0.0569,0.0541,0.00000000,-0.0569|0.0541,1,1534,train,0.41080868,0.41080868,727f5489d2bae5dedcac84b02e7c50e957fc80203aeb7b078702003081cad984
T0618,training,-0.0568,-0.0328,0.00000000,-0.0568|-0.0328,1,2126,test_iid,0.17586576,0.17586576,a9d63796821c007d87f3a279e9368974338f02bc8103af5415b4cf8554c9fc75
T0619,test,-0.0568,-0.0263,0.00000000,-0.0568|-0.0263,1,1770,train,-0.11751958,-0.11751958,ea75ad1d178af8dbf8ff7bbf9663546c74c8fbb5d6e4ba6688a2de75478b5f01
T0620,training,-0.0568,-0.0254,0.00000000,-0.0568|-0.0254,1,1372,train,-1.08931575,-1.08931575,0b92c014f8e4b52162813650431fa788e7f83e1b1c84edd89a3bf92ebcfa6bfe
T0621,validation,-0.0568,0.0254,0.00000000,-0.0568|0.0254,1,2020,train,1.08931575,1.08931575,d55f74a18745b0c8f23111e972062c8e11c5c3d9bf51db88a4442b6294431f5b
T0622,test,-0.0568,0.0263,0.00000000,-0.0568|0.0263,1,1662,train,0.11751958,0.11751958,fc1ca57207fa0faeabb247df792a6737b28daabec6a8581461a4da469875215e
T0623,training,-0.0568,0.0328,0.00000000,-0.0568|0.0328,1,1262,train,-0.17586576,-0.17586576,b38f80e6fa09aeebbab4802627527ed80902b8863c7956b3fc8565ecd9e5aa4a
T0624,training,-0.0567,-0.1182,0.00000000,-0.0567|-0.1182,1,8462,train,0.25341802,0.25341802,62d63f1890bb9e8e65ce5524aa5b036260d100eeece1b89886c2f4c668bf6370
T0625,training,-0.0567,-0.0261,0.00000000,-0.0567|-0.0261,1,1765,train,-0.11464574,-0.11464574,54034faf79638e3e02455a8555c67bdf015dc7178697dba2ad9a92e18dac112a
T0626,training,-0.0567,0.0261,0.00000000,-0.0567|0.0261,1,1657,train,0.11464574,0.11464574,513707b328f883c44dc430361d8d91ebb5ea020740c0b1468f23fd8269522150
T0627,training,-0.0567,0.1182,0.00000000,-0.0567|0.1182,1,11972,train,-0.25341802,-0.25341802,15d2d9b34cce0404fb06b112a948f8dbbf3bfe57203d69812eb548182fee488a
T0628,training,-0.0566,-0.0522,0.00000000,-0.0566|-0.0522,1,2180,train,0.02640038,0.02640038,5c7df7b538dd2a249f1d34885a2c5f813d97f579ac100f5c303cdab21a815b85
T0629,training,-0.0566,0.0522,0.00000000,-0.0566|0.0522,1,1208,train,-0.02640038,-0.02640038,7c7eab13ce18cd2d0b6d9d8297e79fbcaf60e6bf678cbcb5b56aef5b12c47d21
T0630,training,-0.0565,-0.0593,0.00000000,-0.0565|-0.0593,1,8345,train,0.39402788,0.39402788,bee94fe460d3003eadee87e01846ffd3542fadca8de893cc751b749b3afc22e8
T0631,training,-0.0565,0.0593,0.00000000,-0.0565|0.0593,1,12071,train,-0.39402788,-0.39402788,5e05766232117786cd0790eb2ab3a8429d86da37375abacb2ea67579dff07ddd
T0632,training,-0.0564,-0.0592,0.00000000,-0.0564|-0.0592,1,8344,test_iid,0.40050079,0.40050079,89d87d46c34f5dedd0c2c452035f05c6affe3685a21a0b64cf27704a8f841037
T0633,training,-0.0564,0.0592,0.00000000,-0.0564|0.0592,1,12070,train,-0.40050079,-0.40050079,2ce60f580b0eff267aefb879c5ddcdf89d1633fad1015f8b2c5dda1a8c90527e
T0634,training,-0.0563,-0.0591,0.00000000,-0.0563|-0.0591,1,8339,train,0.41521031,0.41521031,14685176f96f87dd89e66a45279ee586553c798a2b3f786d56d721cd9a4ffce6
T0635,validation,-0.0563,0.0591,0.00000000,-0.0563|0.0591,1,12065,train,-0.41521031,-0.41521031,e4de32ee30a70f1b661d12e3468abe79bba6ac461c8bc3e2093929df239c8e62
T0636,test,-0.0556,-0.0583,0.00000000,-0.0556|-0.0583,2,8350;8351,train,0.38976615,0.38976615,ee01816590994d75fd9ad7d5c762cdc31909b6b9a827b3fc4068460e86c0b5f0
T0637,training,-0.0556,-0.0054,0.00000000,-0.0556|-0.0054,1,2078,train,0.59183785,0.59183785,be3325c815b64f40f95f6289efcbeeb29a6dad8c3ba57aa10dde8d343e5b25a1
T0638,training,-0.0556,0.0054,0.00000000,-0.0556|0.0054,1,1322,val_iid,-0.59183785,-0.59183785,7c5a441f0d5e27709ca04157b7e2ae625efda371eb81e900693779bcad258f40
T0639,training,-0.0556,0.0583,0.00000000,-0.0556|0.0583,2,12076;12077,train,-0.38976615,-0.38976615,9ca0405895c6d8c53c9562dc8a4d1312301b4d071c5db3189933d7206c6c5751
T0640,training,-0.0554,-0.0499,0.00000000,-0.0554|-0.0499,1,1802,train,-0.16155887,-0.16155887,b25456dbb0190fc13129bc18c5ed5c271ae79298b83e1e3eb619cc89ec6d3c5c
T0641,training,-0.0554,0.0499,0.00000000,-0.0554|0.0499,1,1586,train,0.16155887,0.16155887,968f88b67a07936ab5dc3fe6255899f5f44b9bcb052e9dfca8fadf1e6cb6448d
T0642,training,-0.0546,-0.0479,0.00000000,-0.0546|-0.0479,1,2197,train,0.03898741,0.03898741,bc849fa5daaa7cd57bbe8e157775627d8581bd02c10c10e52dd98a071ddb9b36
T0643,training,-0.0546,0.0479,0.00000000,-0.0546|0.0479,1,1225,train,-0.03898741,-0.03898741,43aca6826368c4d50eb38c466b1723b8191e26b85c34ce446ae32698208f87e4
T0644,test,-0.0542,-0.0298,0.00000000,-0.0542|-0.0298,1,2143,train,0.23518052,0.23518052,fad354a566482135cf5c78fe2366e7fe50d11ce00e545e1c649fe0645dfb2d9c
T0645,training,-0.0542,-0.0064,0.00000000,-0.0542|-0.0064,1,2100,test_iid,0.62957369,0.62957369,581caa3b31b53f10f3a78678285abea148f81f0f024c8b8c138b16c28082a87a
T0646,training,-0.0542,0.0064,0.00000000,-0.0542|0.0064,1,1344,train,-0.62957369,-0.62957369,1ebc3cc0d61a30ba0bebe1623e2eda09dfa61ed6e1df04c80d1d915fa8c5ed93
T0647,training,-0.0542,0.0298,0.00000000,-0.0542|0.0298,1,1279,train,-0.23518052,-0.23518052,023f2fe136b5b8562f0d78bf316d437a7c18d906c8c7e1d959eb13d94980ecd7
T0648,training,-0.0541,-0.0569,0.00000000,-0.0541|-0.0569,1,8338,train,0.41080868,0.41080868,a6634b30615b75301058fc7946bec3ca745d7692c80f75351ff07e5f05784e62
T0649,training,-0.0541,-0.0476,0.00000000,-0.0541|-0.0476,1,2202,train,0.04050384,0.04050384,30f5cfafa3f817013a8e45247c40d1a65585795e8204295d4f5cec4644f5dc5b
T0650,validation,-0.0541,0.0476,0.00000000,-0.0541|0.0476,1,1230,train,-0.04050384,-0.04050384,e41d23eae87e0cbfb8aa842b20052f39efb33b5d4ec40f8130e8c56160d25cbe
T0651,training,-0.0541,0.0569,0.00000000,-0.0541|0.0569,1,12064,train,-0.41080868,-0.41080868,9f2a74bc08c026c1741f25941e10e1104e9affab6b7e7fd0905421cc8c57c40e
T0652,training,-0.0538,-0.0626,0.00000000,-0.0538|-0.0626,1,8413,train,0.25793242,0.25793242,53a258ad941cfbf5ef1e2a28409e261e1ef5a2a01800177002dc1a5c08b81e05
T0653,validation,-0.0538,0.0626,0.00000000,-0.0538|0.0626,1,12031,train,-0.25793242,-0.25793242,d6d30498a35a6317b65a72d3a8fdb39820b7b93320e201d5d972d76f7d9b3686
T0654,training,-0.0533,-0.0295,0.00000000,-0.0533|-0.0295,1,2148,val_iid,0.22784041,0.22784041,0c6dc1ec6d17eee2e2cbfcc709bb0b90a33607407c40119dd0b498c3fb303303
T0655,training,-0.0533,0.0295,0.00000000,-0.0533|0.0295,1,1284,train,-0.22784041,-0.22784041,1e23c4068996d260439def05563cfb04c1a71a046ea1f5037acebbbe42b6d2c3
T0656,training,-0.0526,-0.0212,0.00000000,-0.0526|-0.0212,1,1388,train,-1.10315770,-1.10315770,5d3b954fa261bc42bd52625b45307676467814ea31a6b4cc7b9241af2d2080a1
T0657,validation,-0.0526,0.0212,0.00000000,-0.0526|0.0212,1,2036,train,1.10315770,1.10315770,d247123a920186281e8da4e3a550dc296165148c2a3f4b33559be69946f74fde
T0658,training,-0.0525,-0.0601,0.00000000,-0.0525|-0.0601,1,8418,test_iid,0.22929144,0.22929144,04a25ad63fe06b9f1c2ab4065a806e788257d3437b7da56e19df08c8e7823a86
T0659,training,-0.0525,0.0601,0.00000000,-0.0525|0.0601,1,12036,train,-0.22929144,-0.22929144,9c52766ad46b214a10eadfa689d2d7d93883dd6c9cdce45b54c8f153f2df34ad
T0660,training,-0.0522,-0.0566,0.00000000,-0.0522|-0.0566,1,8768,train,-0.02640038,-0.02640038,8f6b44fe29f829bb7748c613b7683195261b84a627210502c2d159092d1414eb
T0661,training,-0.0522,0.0566,0.00000000,-0.0522|0.0566,1,12386,train,0.02640038,0.02640038,0e17fc7fb20df55999fb4fbcaeb812e15f1dcc98caa4c65e606355e4867646d0
T0662,training,-0.0518,-0.0436,0.00000000,-0.0518|-0.0436,1,1819,train,-0.22087771,-0.22087771,ab5f973511051be99031ce3244eb815645848ed59339666f118922e16ca3e5fa
T0663,training,-0.0518,0.0436,0.00000000,-0.0518|0.0436,1,1603,train,0.22087771,0.22087771,10e408025286b6757a7f525eef9463b1308ad7e615939acaf22c0bcaa32b2395
T0664,test,-0.0509,-0.0504,0.00000000,-0.0509|-0.0504,1,2234,val_iid,-0.05023666,-0.05023666,eb570df3cd5c5930003ebce74102919af4d26313ed6b4365e79cac7d37d1473b
T0665,training,-0.0509,0.0504,0.00000000,-0.0509|0.0504,1,1154,train,0.05023666,0.05023666,4ab12c3080cfe2bfb4cecaa3b810c83246da6361778f8c80c409c99add54b89c
T0666,training,-0.0504,-0.0833,0.00000000,-0.0504|-0.0833,1,8835,train,-0.22645320,-0.22645320,1d0581d4b899f9d8bb02e2f0ea3d2c275166fcc66cd15cd8c79796deff834674
T0667,training,-0.0504,-0.0509,0.00000000,-0.0504|-0.0509,1,8714,train,0.05023666,0.05023666,b961d0971561135224e4998192f74d9a866d27f901a881e18d1ca0dc985a3717
T0668,training,-0.0504,0.0509,0.00000000,-0.0504|0.0509,1,12440,train,-0.05023666,-0.05023666,cb493bca53ca04d9005666c991cb434051d9b126870ff5fde0c883ee11e3e0af
T0669,training,-0.0504,0.0833,0.00000000,-0.0504|0.0833,1,12345,train,0.22645320,0.22645320,ab936151d641887f9ac91d372a77054c0f46602f6ddcd712f382b2a515431c04
T0670,training,-0.0502,-0.0476,0.00000000,-0.0502|-0.0476,1,1874,train,-0.38991125,-0.38991125,ac6f6e1ee4ba2c44357fadb1479f410098f0572d0d896714c318fc840c690173
T0671,training,-0.0502,0.0476,0.00000000,-0.0502|0.0476,1,1550,train,0.38991125,0.38991125,1adcdff3366f55a81197025bc3aa4378bcfdf76466148157f0acf0b6edf1b7e8
T0672,training,-0.0499,-0.0554,0.00000000,-0.0499|-0.0554,1,8390,train,0.16155887,0.16155887,a53c5d0aa1d163d1b7e71318a7f084e7c00f2a358769803a01bc680374be87be
T0673,training,-0.0499,0.0554,0.00000000,-0.0499|0.0554,1,12008,train,-0.16155887,-0.16155887,777c063cbd74c2e7ddd01cc5bca6047671c401aca58654adbf4023eb13ff80c6
T0674,training,-0.0496,-0.0047,0.00000000,-0.0496|-0.0047,1,2072,train,0.52782055,0.52782055,6dfdea066f0e253a3828d68c883b2cf9f0435271acc153ee3b7dd268d8e2bea9
T0675,training,-0.0496,0.0047,0.00000000,-0.0496|0.0047,1,1316,train,-0.52782055,-0.52782055,5ac3e9c4affe44d766402a340d5d0b759ec3b91ad19941afa5f9a00a09978f78
T0676,validation,-0.0489,-0.0483,0.00000000,-0.0489|-0.0483,1,2251,train,-0.03895745,-0.03895745,d08c95a2c3fbf8f4e84ef46eaf4a4272451b447d07522bce7b665b1847676406
T0677,validation,-0.0489,0.0483,0.00000000,-0.0489|0.0483,1,1171,train,0.03895745,0.03895745,d88875e649336a58185f1d919485fc55b1ab02ec754e204ae57e9df596d174d4
T0678,training,-0.0488,-0.0411,0.00000000,-0.0488|-0.0411,1,1824,train,-0.20544118,-0.20544118,9bac8bcbe6b5c8584eef0f980ec9c91209f3ad42b495336b4ef3c4da1e0dc574
T0679,training,-0.0488,0.0411,0.00000000,-0.0488|0.0411,1,1608,train,0.20544118,0.20544118,0308ff75f40248b11cf2af80a1461985496fa8866579f6536fc235dfbe0bf684
T0680,training,-0.0483,-0.0489,0.00000000,-0.0483|-0.0489,1,8731,train,0.03895745,0.03895745,8d4856b4377e8935ddbbf7e40b0f7c64560c42ec19c72ea394037e3191391373
T0681,test,-0.0483,0.0489,0.00000000,-0.0483|0.0489,1,12457,train,-0.03895745,-0.03895745,f3ea1b2692d679e0c85d2d6901efb0b146fad0b514512945f97e45264e24717f
T0682,test,-0.0479,-0.0878,0.00000000,-0.0479|-0.0878,1,8457,test_iid,0.15801771,0.15801771,fedba694430d3ed7ae84d684eae2bcd4406561f33013822838ebcd0671360b19
T0683,training,-0.0479,-0.0546,0.00000000,-0.0479|-0.0546,1,8785,train,-0.03898741,-0.03898741,0c855df838173ec0ee4c98c71d93079cb9675d94c0f6efde02742acabe3a1fa2
T0684,training,-0.0479,0.0546,0.00000000,-0.0479|0.0546,1,12403,train,0.03898741,0.03898741,56ebb2e40e3de3a2e0e6ac8c4dab630af3bf0fcecd974455ed3193107b22a2e7
T0685,training,-0.0479,0.0878,0.00000000,-0.0479|0.0878,1,11967,train,-0.15801771,-0.15801771,9f2a6ecbb4dfb9d05077d661ae2f70018c11751e6f9124ef14db2b64c8281ef9
T0686,training,-0.0476,-0.0541,0.00000000,-0.0476|-0.0541,1,8790,train,-0.04050384,-0.04050384,41c74036a4a7e32fec97021e4e43971e11f104153620b04f1245e228655b90fb
T0687,validation,-0.0476,-0.0502,0.00000000,-0.0476|-0.0502,1,8354,train,0.38991125,0.38991125,e2838f1d0929d0ae509afcf5ee49e450d90043902dcf91d344c07e2d6390d1a5
T0688,training,-0.0476,-0.0460,0.00000000,-0.0476|-0.0460,1,1869,train,-0.28732888,-0.28732888,4e69b07744731098b63afabbd96b19251d2df54310a77f01969bd5ce39582d48
T0689,training,-0.0476,0.0460,0.00000000,-0.0476|0.0460,1,1545,val_iid,0.28732888,0.28732888,3fdc76f916494bdaf644784799c4151ab60e5a4b0ca75cae78bf153ef1e77b2c
T0690,training,-0.0476,0.0502,0.00000000,-0.0476|0.0502,1,12080,train,-0.38991125,-0.38991125,900037a3a6b7980d0f094124588ee7beddf65fd4510b4bdb6e2343826eddf412
T0691,test,-0.0476,0.0541,0.00000000,-0.0476|0.0541,1,12408,train,0.04050384,0.04050384,fdcbe9dde90cca1b114510936325a23bf2c0bbc53428e23d2dfbd1e94892dba7
T0692,training,-0.0474,-0.0057,0.00000000,-0.0474|-0.0057,1,2089,val_iid,0.54942639,0.54942639,020ba6373d1c4175f4a61764fc68524d6d10237577fa50533382a9c2cf8af141
T0693,training,-0.0474,0.0057,0.00000000,-0.0474|0.0057,1,1333,val_iid,-0.54942639,-0.54942639,5e55916d8b924a408fe1d2500b9cfacf64ee16739dbe9c5d1a606d7af07c23ff
T0694,training,-0.0469,-0.0464,0.00000000,-0.0469|-0.0464,1,2256,train,-0.04099272,-0.04099272,36e062341806add1aa638d5d4f92ee50eeb9a2f053d8f2981a9e253ea912e02e
T0695,training,-0.0469,0.0464,0.00000000,-0.0469|0.0464,1,1176,test_iid,0.04099272,0.04099272,a44928ce2da35692357a75c37878f2f2b10d8c1aae82fb0652bf12fbdcfdb078
T0696,training,-0.0467,0.0000,0.00000000,-0.0467|0.0000,1,1710,train,0.00000000,0.00000000,1173ecbc1f4ce156bac3573eb978a9d3d319c7e11a6e97053086c41a67581b90
T0697,training,-0.0464,-0.0469,0.00000000,-0.0464|-0.0469,1,8736,train,0.04099272,0.04099272,63773515c2cd576e22372d1f57026699dfc026865eb30e1f692c97ab11970500
T0698,training,-0.0464,-0.0448,0.00000000,-0.0464|-0.0448,1,1868,train,-0.27941138,-0.27941138,87ae85ac973c82132febf27328a666b4c563539964afdc4dee97bd774a429e76
T0699,training,-0.0464,0.0448,0.00000000,-0.0464|0.0448,1,1544,train,0.27941138,0.27941138,7071a624e6bc3c3060191aa82d2504e1e7c14ebfbb419c7b1b0989eaf9bc40f1
T0700,validation,-0.0464,0.0469,0.00000000,-0.0464|0.0469,1,12462,train,-0.04099272,-0.04099272,de834bda90934be70d9af5d35b0cf5bd03daca448be1555834dd67a29d24b4e1
T0701,training,-0.0460,-0.0476,0.00000000,-0.0460|-0.0476,1,8349,train,0.28732888,0.28732888,945c2b1ef2896b35ca8016cd5e1e458006cfb1679d08f275ffcd6ea8d83da0c0
T0702,training,-0.0460,-0.0197,0.00000000,-0.0460|-0.0197,1,1399,train,-0.94102733,-0.94102733,9e8ad3276c9f5a9784fe5adacae60598c04605543734503742771704e5f2012b
T0703,training,-0.0460,0.0197,0.00000000,-0.0460|0.0197,1,2047,train,0.94102733,0.94102733,7434e97fd5782472bb392eeea891eb947f368374942dec6a5f1cc1d1eb9238dd
T0704,training,-0.0460,0.0476,0.00000000,-0.0460|0.0476,1,12075,train,-0.28732888,-0.28732888,6e2b532db7149266a45329d5dd5e924c63fa6f175a54f18d895a061f64e78470
T0705,training,-0.0459,-0.0205,0.00000000,-0.0459|-0.0205,1,1764,train,-0.09734064,-0.09734064,1a16d7ade0a9c183875f1ff07d516944c6b0c635d1a888342df622f92c240a6d
T0706,training,-0.0459,0.0205,0.00000000,-0.0459|0.0205,1,1656,train,0.09734064,0.09734064,abd5e31c1d2c4128411e2ab4b697c9d4dacf951c2b426bc8180d54de49b0a177
T0707,validation,-0.0456,-0.0431,0.00000000,-0.0456|-0.0431,1,2177,train,0.00886083,0.00886083,d55122755696fc0e1b1860ac598f7f78ead687bbe8c074600af6ecfaa1c88c6c
T0708,training,-0.0456,0.0431,0.00000000,-0.0456|0.0431,1,1205,train,-0.00886083,-0.00886083,10b940f46af960ecadeee222862c52123b8b68ac431a0af5992b85fba6bc0300
T0709,test,-0.0451,-0.0422,0.00000000,-0.0451|-0.0422,1,1799,train,-0.10651454,-0.10651454,ecc9a523c80e1a3da726f6f0c9ba581711c7ac0ad3f747fd646bb70721cb43ac
T0710,training,-0.0451,-0.0057,0.00000000,-0.0451|-0.0057,1,2094,train,0.52051933,0.52051933,4c384b67366e0854f0487ab084fdf38346d0c9a3f80e91d38c6384bb931bf7e0
T0711,training,-0.0451,0.0057,0.00000000,-0.0451|0.0057,1,1338,train,-0.52051933,-0.52051933,1c5f3e4558875710e79b33cccbc28f5b6675852168788d8ce6ee1137ed75bdca
T0712,training,-0.0451,0.0422,0.00000000,-0.0451|0.0422,1,1583,test_iid,0.10651454,0.10651454,b3f9816397e96b6e487e0ebd1f2ad15679ef112e96450d6e220094f52d2f6b93
T0713,test,-0.0449,-0.0760,0.00000000,-0.0449|-0.0760,1,8829,val_iid,-0.22486203,-0.22486203,f34f54164160c77c7a4d8e4cd5886224cf7d549bd7781f338e698fd05393ab84
T0714,training,-0.0449,0.0000,0.00000000,-0.0449|0.0000,1,1705,train,0.00000000,0.00000000,669b571c0c4a7714a86bfefdd257d2fc85f90489cf185ed62ef5d02bf7ce1987
T0715,training,-0.0449,0.0760,0.00000000,-0.0449|0.0760,1,12339,train,0.22486203,0.22486203,0d4e3185f576ca0deafab054bb799a521593067e4f8d3e9aff82b1cab0fb2862
T0716,training,-0.0448,-0.0795,0.00000000,-0.0448|-0.0795,1,8851,val_iid,-0.30386125,-0.30386125,417597aca9afc4ec905166d6ed7f7896359a4f56091ee27d391ae05b8bf6d1b3
T0717,training,-0.0448,-0.0464,0.00000000,-0.0448|-0.0464,1,8348,train,0.27941138,0.27941138,20b5a09a4c2c16c8565af96cd1a47a6823915f157e52b9a2995817b96f374e03
T0718,training,-0.0448,0.0464,0.00000000,-0.0448|0.0464,1,12074,train,-0.27941138,-0.27941138,90af4842c6e4cca9bbf1c7c8111e33db8376af7719405f8ab433793da62eda9c
T0719,training,-0.0448,0.0795,0.00000000,-0.0448|0.0795,1,12361,train,0.30386125,0.30386125,c04e266e9bd6a153d03b7996039f7b103480a94ccf43b3a46b768498163b6360
T0720,training,-0.0440,-0.0423,0.00000000,-0.0440|-0.0423,1,1885,train,-0.31393836,-0.31393836,510772b53d07ee55db1438a35084fb03604017ef747abc356b8950c244749a16
T0721,training,-0.0440,-0.0224,0.00000000,-0.0440|-0.0224,1,1383,train,-0.86291586,-0.86291586,9ef437183901a1b069c587b565901131021513b534e39fe8c5f51ef08f99c251
T0722,training,-0.0440,0.0224,0.00000000,-0.0440|0.0224,1,2031,train,0.86291586,0.86291586,0cad24100a2fab53361ec7d9d496aa521586ddfdffa9d10f55bb7f29314e3f7a
T0723,test,-0.0440,0.0423,0.00000000,-0.0440|0.0423,1,1561,train,0.31393836,0.31393836,eb07eca73720c9395edd66b81e184df7b2cf8a2d330e0e551009eca8fe84a481
T0724,training,-0.0437,-0.0433,0.00000000,-0.0437|-0.0433,1,2231,train,-0.05443401,-0.05443401,1ecb29c5958d07f50980cbc302e5c27f9abf2f98ee8de599bc4458ab85113cb8
T0725,training,-0.0437,-0.0211,0.00000000,-0.0437|-0.0211,1,1377,train,-0.86536421,-0.86536421,23c1b2b7fa030e5a3725055eb7e920d9279e88002d7faad714e1a49b1592c78f
T0726,training,-0.0437,0.0211,0.00000000,-0.0437|0.0211,1,2025,train,0.86536421,0.86536421,55a77646e29c492eba402a74dfb7d4ce58ea219b4b8fa9df1014afe328c461de
T0727,training,-0.0437,0.0433,0.00000000,-0.0437|0.0433,1,1151,train,0.05443401,0.05443401,3f175fc76addc765af155aca69b09f1afca1c27aa8acc9fc25c3c73cb71982d2
T0728,training,-0.0436,-0.0727,0.00000000,-0.0436|-0.0727,1,8834,train,-0.20009103,-0.20009103,938fc11cd7b433e11175ef9999d59fbcc127712f8e6a2b4a24940ed9be09f0d1
T0729,training,-0.0436,-0.0518,0.00000000,-0.0436|-0.0518,1,8407,train,0.22087771,0.22087771,8032399a7a1a35e4441687f628c17bb9335636d0a350732bfe4f5ab7b6a88c54
T0730,training,-0.0436,0.0518,0.00000000,-0.0436|0.0518,1,12025,train,-0.22087771,-0.22087771,73edbfef19809245d112d71ab61ae5b9879748f7b7bd6e7faa91544a23588b8c
T0731,training,-0.0436,0.0727,0.00000000,-0.0436|0.0727,1,12344,train,0.20009103,0.20009103,b88d9fbb3d1ed4e181bdf8fab51776cc56608e11ebbff1d1ede9cb4672060221
T0732,training,-0.0434,-0.0420,0.00000000,-0.0434|-0.0420,1,1863,train,-0.26761135,-0.26761135,c22201a0499e82d22abeddd8cf8b6caf53ecf5e2ff8f1a7cea19c69beb614865
T0733,training,-0.0434,0.0420,0.00000000,-0.0434|0.0420,1,1539,train,0.26761135,0.26761135,74b6e3aae4c9f803781b216f59bbb1d9f1cbd3d4a50d70ecd3046edd78e27f4f
T0734,training,-0.0433,-0.0437,0.00000000,-0.0433|-0.0437,1,8711,train,0.05443401,0.05443401,268b7790c1edd6b0963475f582c7492779dc7f17f613355095df6958697f1340
T0735,training,-0.0433,0.0437,0.00000000,-0.0433|0.0437,1,12437,train,-0.05443401,-0.05443401,015f698ed5bc390e63824082c95733e8bad3e67ea7ff87937e8fa909221ecafc
T0736,training,-0.0432,-0.0406,0.00000000,-0.0432|-0.0406,1,2171,train,0.01165796,0.01165796,89eee4aa4c99d2132556c451e97045840f976e1d645ad933dde70dbbe1513aa3
T0737,training,-0.0432,0.0406,0.00000000,-0.0432|0.0406,1,1199,train,-0.01165796,-0.01165796,86717a56dace1e6c20f044204cabd4be85a55a4d87b8061a5773a9d3e882362f
T0738,training,-0.0431,-0.0456,0.00000000,-0.0431|-0.0456,1,8765,train,-0.00886083,-0.00886083,c177db3e95402c225f231d5db1fed54cfe1cb06bfb6b9a81d783e9e2eac21410
T0739,training,-0.0431,0.0456,0.00000000,-0.0431|0.0456,1,12383,train,0.00886083,0.00886083,a126f384baf58cf967cbdfab7d7670c2c9758caf8f60c40819a5da40247b82bb
T0740,validation,-0.0424,-0.0395,0.00000000,-0.0424|-0.0395,1,1793,train,-0.10326489,-0.10326489,e0fd29c50985605ee3712c7fd75e9a339a4139444f9f92ea4bd61d5829cdd60f
T0741,training,-0.0424,0.0395,0.00000000,-0.0424|0.0395,1,1577,train,0.10326489,0.10326489,23255f441f4f9d63882c34cf56c4a399c86498f3fdccfc0fbeda98b6e6989b6b
T0742,training,-0.0423,-0.0440,0.00000000,-0.0423|-0.0440,1,8365,train,0.31393836,0.31393836,7d0362a68a8d862fb2e391f31853b0d359dff31c343776be99ebc096c9198030
T0743,training,-0.0423,0.0440,0.00000000,-0.0423|0.0440,1,12091,train,-0.31393836,-0.31393836,7ebbc158cfd2ccd43f832827632908f0600ad11c6c8a76745277e52c90713d97
T0744,training,-0.0422,-0.0451,0.00000000,-0.0422|-0.0451,1,8387,train,0.10651454,0.10651454,52e4599990fbee3bf8741376a6459bd5d97407225c395c3fa2840452963c5860
T0745,training,-0.0422,0.0451,0.00000000,-0.0422|0.0451,1,12005,train,-0.10651454,-0.10651454,7074a929e13956c87012aa035fec5623f6fa7b0b61639cbc8fa9b3166c4bfc87
T0746,training,-0.0421,-0.0405,0.00000000,-0.0421|-0.0405,1,1857,train,-0.26953927,-0.26953927,91b59923ff1878fad1ba86da6e7ea3d0e08e89d99ed58cbd180e9ac2ad869f9c
T0747,training,-0.0421,-0.0216,0.00000000,-0.0421|-0.0216,1,1759,train,-0.07509303,-0.07509303,7a5523275fd412b7f55c77b28f7f2390c7aba252982e823ee69ca6c9b73bbcee
T0748,training,-0.0421,0.0216,0.00000000,-0.0421|0.0216,1,1651,val_iid,0.07509303,0.07509303,ade61d4e11ff7aa68fb9636b245f833e4d1ffd20bd816dfcfe871f5be8094257
T0749,training,-0.0421,0.0405,0.00000000,-0.0421|0.0405,1,1533,train,0.26953927,0.26953927,9870c4ff01959891d1373f82bc8ad6bba9becccb503f9d7f475154901be4e886
T0750,training,-0.0420,-0.0434,0.00000000,-0.0420|-0.0434,1,8343,test_iid,0.26761135,0.26761135,9933bf9213f67d27f4100a9008f60353411058f2e7dcff8b7f907f3a27d56890
T0751,training,-0.0420,-0.0213,0.00000000,-0.0420|-0.0213,1,1382,train,-0.81995846,-0.81995846,9c41aed6a5aa0da0159d6c190f703d49c2d6094df0b144e90732cc5f517fff7d
T0752,training,-0.0420,0.0213,0.00000000,-0.0420|0.0213,1,2030,train,0.81995846,0.81995846,bd76cfae3c052d661bf555a00c923bd27917c9a4fb56ce1bbad269cde2d359ed
T0753,training,-0.0420,0.0434,0.00000000,-0.0420|0.0434,1,12069,train,-0.26761135,-0.26761135,9e6ebb8a53f9909ae04ade7ddc470b7ce6925bc4f32d396a62efd6975f054f9d
T0754,training,-0.0419,-0.0780,0.00000000,-0.0419|-0.0780,1,8451,train,0.13820502,0.13820502,02daec49c1f15b7e3c968f11b964e0b676437c5d0b8d65b28eda98a3261d5c33
T0755,training,-0.0419,0.0780,0.00000000,-0.0419|0.0780,1,11961,train,-0.13820502,-0.13820502,54c15d1e2b4ddda3361015e5c82e79ec99b504d1b74a0c8017553b67f30b4685
T0756,training,-0.0418,-0.0361,0.00000000,-0.0418|-0.0361,1,2196,train,0.03381574,0.03381574,48179e422e3a52051e14beff47dca178c4d5d17fd056008bcde703c379df8c6c
T0757,test,-0.0418,0.0361,0.00000000,-0.0418|0.0361,1,1224,train,-0.03381574,-0.03381574,e66fe7af669391cf316884f0114a53fd39b9f0a0ce06c3af87a25d35906a0ac0
T0758,training,-0.0416,-0.0228,0.00000000,-0.0416|-0.0228,1,2142,test_iid,0.18608000,0.18608000,6e7503f30964e7a41c7a651de73024a96136e2c591673d02f4c4794a0dcfa404
T0759,training,-0.0416,0.0000,0.00000000,-0.0416|0.0000,1,1685,train,0.00000000,0.00000000,9d68d8b1dac831d5af249869adf119fce05b8917e82096009ceee9bcb20bd8a6
T0760,training,-0.0416,0.0228,0.00000000,-0.0416|0.0228,1,1278,train,-0.18608000,-0.18608000,a1823c33ccbc9ea66aa3bbb594f4ef4f66cb90738eabaaa604f453818fb91117
T0761,training,-0.0415,0.0000,0.00000000,-0.0415|0.0000,1,1691,train,-0.00000000,-0.00000000,381e18affd02a8bd998d09858723f2228d781215d0503da8cf5dc9135620e906
T0762,training,-0.0414,-0.0390,0.00000000,-0.0414|-0.0390,1,2176,train,0.01032906,0.01032906,83f58bcd6cee692f856bc3d55a33c18226ebcb99e7592e606cf47aeda099b42a
T0763,training,-0.0414,0.0390,0.00000000,-0.0414|0.0390,1,1204,val_iid,-0.01032906,-0.01032906,9c5e89811e02349a750056679ddc98012f8625a2ee5ac01d5cd0f5245646850b
T0764,training,-0.0412,-0.0408,0.00000000,-0.0412|-0.0408,1,2225,test_iid,-0.05098395,-0.05098395,ca758f0fcd6086902fa2d9402e00ceea75c3e88d405f2ed3ae9a00cb420229d4
T0765,training,-0.0412,-0.0311,0.00000000,-0.0412|-0.0311,1,1745,train,-0.05981830,-0.05981830,97d9bb82c004b542fcf69952b52b6bb28992f148cfa41a35a9344c3834700bbc
T0766,test,-0.0412,0.0311,0.00000000,-0.0412|0.0311,1,1637,train,0.05981830,0.05981830,fff9360af3ad004007558fc7c3404c6baf25614e904fc29a78d250e4ebeec21d
T0767,training,-0.0412,0.0408,0.00000000,-0.0412|0.0408,1,1145,train,0.05098395,0.05098395,5ec33f8116675a781506246d4504002145a67127c8aefbb3370e681cddd9f384
T0768,training,-0.0411,-0.0766,0.00000000,-0.0411|-0.0766,1,8456,train,0.14051574,0.14051574,0bbbdb18e933acaa90ba99f6a19f83b8361e8c445584017fe028178aa9eb585b
T0769,training,-0.0411,-0.0488,0.00000000,-0.0411|-0.0488,1,8412,val_iid,0.20544118,0.20544118,3607abc1402efe6440a1bb9bda865bc09846317ff6d0fed8493a8793e685d7cb
T0770,training,-0.0411,-0.0194,0.00000000,-0.0411|-0.0194,1,1371,train,-0.80671184,-0.80671184,27d3e350cfe9c30780affe74477174df0a9ad42f222fcc01d9f26d129b50e065
T0771,training,-0.0411,0.0194,0.00000000,-0.0411|0.0194,1,2019,train,0.80671184,0.80671184,57b7565730e771642530cbd22e6bcebd60d0370c0700b46436d8dd0308dc6ace
T0772,training,-0.0411,0.0488,0.00000000,-0.0411|0.0488,1,12030,val_iid,-0.20544118,-0.20544118,877aa141e1529892854744961262570f9bf15ee7ae206e49dbdb0e89f80831e3
T0773,test,-0.0411,0.0766,0.00000000,-0.0411|0.0766,1,11966,train,-0.14051574,-0.14051574,ee414ab50e73c6421f98f69efaf3400c7d7069019e2e18b3c11d28eb2d8976b0
T0774,validation,-0.0410,-0.0176,0.00000000,-0.0410|-0.0176,1,1398,train,-0.83184479,-0.83184479,d2a74e4eb41016fddb015ceaff2efae2adcc62ebb17e5daa7ea911823ee9ed1e
T0775,validation,-0.0410,0.0176,0.00000000,-0.0410|0.0176,1,2046,train,0.83184479,0.83184479,e1fb5b6789a92347bcc9b727a4450045f408cc1663024062489a7259d28dabba
T0776,training,-0.0409,-0.0842,0.00000000,-0.0409|-0.0842,1,8473,train,0.16930169,0.16930169,06d6b0649ca6f548e8a97000fb83106190b8a8146a4737ad0a92efb0e7b1bc29
T0777,training,-0.0409,-0.0287,0.00000000,-0.0409|-0.0287,1,1739,train,-0.06154214,-0.06154214,7082b5710fdb4730121bb6a5906fc095447fd48e9e38db3517482fcde73d7a11
T0778,validation,-0.0409,0.0287,0.00000000,-0.0409|0.0287,1,1631,train,0.06154214,0.06154214,e5033300727bd6f4371dfc8c9294fd5e30e3c19cd98af1d94b9f47b74ba1520f
T0779,training,-0.0409,0.0842,0.00000000,-0.0409|0.0842,1,11983,train,-0.16930169,-0.16930169,35cf54e46c477fd3de1bd6ed2aa78f9b064c8bc71e9de5a195acdf73b2591756
T0780,training,-0.0408,-0.0412,0.00000000,-0.0408|-0.0412,1,8705,train,0.05098395,0.05098395,4ae9ccbe7619e959fbf9740b874eb92e2d62912d1c4308f33a8b29962ab82ed1
T0781,training,-0.0408,-0.0381,0.00000000,-0.0408|-0.0381,1,1798,train,-0.09905838,-0.09905838,8eb1208496cbef8418666dd973e9ca34d3579512df44beb8db73ebbc4a09c7f2
T0782,training,-0.0408,0.0381,0.00000000,-0.0408|0.0381,1,1582,train,0.09905838,0.09905838,79b84eea32bd7f9d98a300e37d7a773cabd231dd4b85740b2938b846ea51079b
T0783,training,-0.0408,0.0412,0.00000000,-0.0408|0.0412,1,12431,train,-0.05098395,-0.05098395,1fe012517f6faa968e8f3bd875f4f0d9b6c75d4e0309ceeccd23458be52cc524
T0784,training,-0.0406,-0.0432,0.00000000,-0.0406|-0.0432,1,8759,val_iid,-0.01165796,-0.01165796,10634a99d2ee5116b4e75bf86b003f6e057272f758e1219eee08b2ac3bbfd7d6
T0785,training,-0.0406,0.0432,0.00000000,-0.0406|0.0432,1,12377,train,0.01165796,0.01165796,5e1c6cf859a1b8f4efd14ea3c3240742b376e3cca31af73a8a8d25163cdeb2d6
T0786,training,-0.0405,-0.0421,0.00000000,-0.0405|-0.0421,1,8337,val_iid,0.26953927,0.26953927,cb03c282c48cb8bde9dddc595ecb4480d2f268ae7120e5834f22f94ef455d64b
T0787,training,-0.0405,0.0421,0.00000000,-0.0405|0.0421,1,12063,train,-0.26953927,-0.26953927,86cb2cfb57607547fa38bb8f60c004a4e76976f3578bdff5e4fc45ea56ccd377
T0788,training,-0.0404,-0.0390,0.00000000,-0.0404|-0.0390,1,1862,train,-0.24575549,-0.24575549,4c0114fbec463841c67812f161458785c424b0620f9bf9149dc45f10597f8643
T0789,training,-0.0404,-0.0234,0.00000000,-0.0404|-0.0234,1,2137,train,0.12192075,0.12192075,21ec066c2680ac7cecd73a7d0a35e924b6c0862f488e2ab6ddf38f7314628c25
T0790,test,-0.0404,0.0234,0.00000000,-0.0404|0.0234,1,1273,train,-0.12192075,-0.12192075,ef0abbfa731d827325a8f87eb08d84fe0cacca8dcc08b4b1742b2be333bd6c96
T0791,training,-0.0404,0.0390,0.00000000,-0.0404|0.0390,1,1538,train,0.24575549,0.24575549,5e235e918a41f3b3941efa0bb05ae960b3a2ed75b00d8d98d6027019d3c1f848
T0792,training,-0.0401,-0.0371,0.00000000,-0.0401|-0.0371,1,1787,train,-0.09968055,-0.09968055,60fbbaae89df68d1123a31aa8fe92be8b979c6b503991ed41df60895d43fa0e0
T0793,training,-0.0401,0.0371,0.00000000,-0.0401|0.0371,1,1571,val_iid,0.09968055,0.09968055,82c27117328dcc1232419ba2b8552727bd783de38c49f6491f31e375d3134fbd
T0794,training,-0.0399,-0.0158,0.00000000,-0.0399|-0.0158,1,1393,train,-0.79773651,-0.79773651,8c8253b60ac392bcf6c7da1b0ff738a35418397776c31bc6328026cdfc39c294
T0795,training,-0.0399,0.0158,0.00000000,-0.0399|0.0158,1,2041,test_iid,0.79773651,0.79773651,63a25d827a037a89897fc6f6f4a0420488a984a08b362a46620ebc4d489851e0
T0796,test,-0.0397,-0.0372,0.00000000,-0.0397|-0.0372,1,2165,train,0.01071131,0.01071131,fb9d75fdf334eb8e61916dbdfdcb0df4c91c25580c6def88ea2eadfef0a6889c
T0797,training,-0.0397,-0.0189,0.00000000,-0.0397|-0.0189,1,1376,train,-0.77821616,-0.77821616,1bdb797f8bd80f2c47554a7af3af5f1d413910959afe8687b5c351c3d6f20108
T0798,training,-0.0397,0.0189,0.00000000,-0.0397|0.0189,1,2024,train,0.77821616,0.77821616,8c62f0b04cf8967f0ce28f340f8a5abb4c1a6931857bbedbf379ab5f435ce674
T0799,training,-0.0397,0.0372,0.00000000,-0.0397|0.0372,1,1193,train,-0.01071131,-0.01071131,b203ff988a4cd786a8b3e9397f4e955f28903e241f3f50c92b98dff2a01c42f5
T0800,training,-0.0395,-0.0424,0.00000000,-0.0395|-0.0424,1,8381,train,0.10326489,0.10326489,2b73123ae20826562be1d51d474484f7800e14ffe59934a18558fc40fb51933f
T0801,training,-0.0395,0.0424,0.00000000,-0.0395|0.0424,1,11999,train,-0.10326489,-0.10326489,7d60f9ec5f508b51cf32e257507276b1e9f022ec44d2816cabc1bf8e7591c455
T0802,training,-0.0393,-0.0389,0.00000000,-0.0393|-0.0389,1,2230,test_iid,-0.04574774,-0.04574774,2befb857ae45fececbd9c7f002ad1ca76118e86f2d4d004aea307890257f10cc
T0803,training,-0.0393,-0.0369,0.00000000,-0.0393|-0.0369,1,2170,train,0.01222500,0.01222500,037b80ed0ca719d88acee8d8e9bc9eda46bcf7b6f90c0656240f177a682c46cb
T0804,test,-0.0393,0.0369,0.00000000,-0.0393|0.0369,1,1198,train,-0.01222500,-0.01222500,e9800da61415eb2e8f4a1ef8a17c9e7e1f4b4be0f9e084eddd1d20ba81b2dfef
T0805,validation,-0.0393,0.0389,0.00000000,-0.0393|0.0389,1,1150,train,0.04574774,0.04574774,d2e988772219dd49db17c6e58ab91ba2e083145c9368834d3bdb6f0691a4654a
T0806,test,-0.0390,-0.0414,0.00000000,-0.0390|-0.0414,1,8764,train,-0.01032906,-0.01032906,ef4eeca0a03c2719088ae68eb083cb94b7155ab7f7f5a13a7b8b49768173a120
T0807,training,-0.0390,-0.0404,0.00000000,-0.0390|-0.0404,1,8342,train,0.24575549,0.24575549,c7c263759f9ebe148137327cca97e6f5911cee8dd6e8e1fb5e428b93094668de
T0808,training,-0.0390,-0.0359,0.00000000,-0.0390|-0.0359,1,2191,train,0.02142225,0.02142225,7fc5954579b5206835c9778a24678d6f095f5d9188e7f6b4d2e3a1d5868125d9
T0809,validation,-0.0390,0.0359,0.00000000,-0.0390|0.0359,1,1219,train,-0.02142225,-0.02142225,d6788361ddcebf560bf4e43b0edf9d5c0b0adcb316ee9838451ced9d6ae4d83e
T0810,training,-0.0390,0.0404,0.00000000,-0.0390|0.0404,1,12068,train,-0.24575549,-0.24575549,1b74188cac780eec7283d1c47ae66f07798329a3d8fd589ace598a885c3a5bbc
T0811,test,-0.0390,0.0414,0.00000000,-0.0390|0.0414,1,12382,train,0.01032906,0.01032906,f997e476991957c616c5fae00d62c5ef3e19cccfc95e53f7a5ebb9b951e3df71
T0812,test,-0.0389,-0.0393,0.00000000,-0.0389|-0.0393,1,8710,train,0.04574774,0.04574774,f77a605bdc86aef2fe1eea5ce41ad9affc11d977b355b12991b479976f16b110
T0813,training,-0.0389,0.0393,0.00000000,-0.0389|0.0393,1,12436,train,-0.04574774,-0.04574774,608ac962477d8d0de2082fb4bcb1731a61954be9088edf37b49ff760c54724d0
T0814,training,-0.0388,-0.0371,0.00000000,-0.0388|-0.0371,1,1879,train,-0.29950156,-0.29950156,13ac1c2333e5c5d561dc8776ffd734c85f48b743798134badc010c395c96683a
T0815,validation,-0.0388,0.0371,0.00000000,-0.0388|0.0371,1,1555,val_iid,0.29950156,0.29950156,d8b2f30d765d5e73812a533ff61dcdab791e347b755234b0d1ef19a3b5972119
T0816,training,-0.0387,0.0000,0.00000000,-0.0387|0.0000,1,1690,train,0.00000000,0.00000000,43312681042920263fecce78966568ff0db5847492965c66a7c5181505c61290
T0817,training,-0.0386,-0.0370,0.00000000,-0.0386|-0.0370,1,1884,train,-0.28036713,-0.28036713,44bd717a78555e4b5a70a3184240c3d606a6356f0343d926fc7c2a4c7c86959a
T0818,training,-0.0386,0.0370,0.00000000,-0.0386|0.0370,1,1560,train,0.28036713,0.28036713,961867dab79e8f1693c7767df7585dbe7d091a392b717effbe7c3bf6abd353bd
T0819,training,-0.0385,-0.0656,0.00000000,-0.0385|-0.0656,1,8828,train,-0.19700785,-0.19700785,5e20423f70e0d17f4a15c1bd97b05e2ca6552d8d2dbffeb7489497e968b1cab4
T0820,training,-0.0385,0.0000,0.00000000,-0.0385|0.0000,1,1679,val_iid,-0.00000000,-0.00000000,23fb0903f815ef9b2c68f1e145647baf0ec0bccd7b26aa94bfaa2c3a68986749
T0821,training,-0.0385,0.0656,0.00000000,-0.0385|0.0656,1,12338,train,0.19700785,0.19700785,6c2b4eb4a7ee8e0d867b5373a3d3eb623857340899e4a664a01649821f1efa1b
T0822,training,-0.0384,-0.0315,0.00000000,-0.0384|-0.0315,1,1818,train,-0.17502591,-0.17502591,a81131f2af7b4f756358c3b3f5f2ea723a51efd754ac9eeb58d4dd966bf522e5
T0823,training,-0.0384,-0.0180,0.00000000,-0.0384|-0.0180,1,1370,train,-0.75188025,-0.75188025,ae2864aa0c972178d156838ce6070e2ec2476d8dd918a22728519dfe9845e476
T0824,training,-0.0384,0.0180,0.00000000,-0.0384|0.0180,1,2018,train,0.75188025,0.75188025,1ca097a29979ab96c50cb32c0c02c1b1005c472a05c140ce93924945385d4623
T0825,training,-0.0384,0.0315,0.00000000,-0.0384|0.0315,1,1602,train,0.17502591,0.17502591,0fa8d51003ce67cb73d1894a22c3ca130ce3c21185b12b3276ec67d73633e6c4
T0826,training,-0.0383,-0.0657,0.00000000,-0.0383|-0.0657,1,8823,train,-0.19777928,-0.19777928,65bfd5411b7b830f8f6b3345d958e1977f8b68828cdc73a6ec44240ceeef1f97
T0827,training,-0.0383,0.0657,0.00000000,-0.0383|0.0657,1,12333,train,0.19777928,0.19777928,969c3300a179310ad47f95ca64d898fd0eb62b2cb210a81b282508c44f9e9ac7
T0828,training,-0.0382,-0.0345,0.00000000,-0.0382|-0.0345,1,1813,train,-0.09892736,-0.09892736,40314069bad53486e473307f8bb8274f425ec654a8ce736f5f8e459cd93bb582
T0829,validation,-0.0382,0.0000,0.00000000,-0.0382|0.0000,1,1684,train,0.00000000,0.00000000,e04b6db0e9c0aeba2d137ebd30c4468446edc4a144a6dfed93624807446bbfa4
T0830,training,-0.0382,0.0345,0.00000000,-0.0382|0.0345,1,1597,test_iid,0.09892736,0.09892736,6b70a10ab35b84ca1bb6fb06fc56c425ce4606818c84c0e70d68d6a96c4c82c4
T0831,training,-0.0381,-0.0408,0.00000000,-0.0381|-0.0408,1,8386,train,0.09905838,0.09905838,06a5dbe701e6a26d2bc672233d1c74c6826ba8980310ac28c14ef21f6bdf4392
T0832,training,-0.0381,-0.0376,0.00000000,-0.0381|-0.0376,1,2250,train,-0.03212923,-0.03212923,25f15101ad8a488b706718d8d7020527f61c76515cb54af3446cb72f1701ce54
T0833,training,-0.0381,0.0376,0.00000000,-0.0381|0.0376,1,1170,train,0.03212923,0.03212923,1ed5586e764a99070db5659a9902fc0d335819e119401bbb6f1e67fdcb6818de
T0834,training,-0.0381,0.0408,0.00000000,-0.0381|0.0408,1,12004,train,-0.09905838,-0.09905838,8608b4e75054f716f3a3dffe0321e454dc69a4b07e3162ee628c899449dff7eb
T0835,training,-0.0380,-0.0353,0.00000000,-0.0380|-0.0353,1,1792,train,-0.08877825,-0.08877825,2da4ac1bbc2d3766458a7e744a2612f39eaeebc7ace77e479ede2ba924ae9f8d
T0836,training,-0.0380,0.0353,0.00000000,-0.0380|0.0353,1,1576,train,0.08877825,0.08877825,94f4749b1190b3c094a960f1c5d64eae3c0b282275d3c0f539ddaef74618c2e1
T0837,training,-0.0379,-0.0376,0.00000000,-0.0379|-0.0376,1,2219,train,-0.03701817,-0.03701817,530d79212787f1bf018b77c1f68f0a6601d64885639de1b4f45d491fd0af4f19
T0838,training,-0.0379,0.0376,0.00000000,-0.0379|0.0376,1,1139,train,0.03701817,0.03701817,60cba563bb04b08e0debd73fa80ad71e3871e905f20d9a82c52090eddfdc7d0f
T0839,training,-0.0377,0.0000,0.00000000,-0.0377|0.0000,1,1699,train,0.00000000,0.00000000,5f6b5befc099b441fa9c138cc3d1c74dbba0f2ac61fb43f0073c2d3fbee045d4
T0840,training,-0.0376,-0.0381,0.00000000,-0.0376|-0.0381,1,8730,train,0.03212923,0.03212923,8e7a82824bd7f79b04bbcd517e78c315e17fe7e017266543cbcf18a65251d2b1
T0841,training,-0.0376,-0.0379,0.00000000,-0.0376|-0.0379,1,8699,train,0.03701817,0.03701817,228595c2e381037bf5787a86bfd2392afe8432e4ed615d966b2f1d33e14a8491
T0842,training,-0.0376,-0.0372,0.00000000,-0.0376|-0.0372,1,2224,train,-0.03987818,-0.03987818,52fafc3922e19c4ccc7769ab87095ee5642988b172ea12dc70a384bc33d5e9d0
T0843,training,-0.0376,0.0372,0.00000000,-0.0376|0.0372,1,1144,train,0.03987818,0.03987818,c01c0cf3cd5fc917f58816050b7cde3d927c63dc904381abb6c604c92f11b2ad
T0844,training,-0.0376,0.0379,0.00000000,-0.0376|0.0379,1,12425,train,-0.03701817,-0.03701817,2818dd92bc54087df6b9c248a3b7bccfc1f6fed565d4440b4ea35e6893d62110
T0845,training,-0.0376,0.0381,0.00000000,-0.0376|0.0381,1,12456,train,-0.03212923,-0.03212923,692aa2b088e92e0595273a963d3061c05e380346b442dbcd19ed5840c2eb6bf2
T0846,training,-0.0375,-0.0675,0.00000000,-0.0375|-0.0675,1,8845,train,-0.28272179,-0.28272179,6c2c0af48785bb9f32ec83da5f57598fa90ce091086e4c124a2a7fbc5af8c6b9
T0847,validation,-0.0375,-0.0257,0.00000000,-0.0375|-0.0257,1,1738,train,-0.05680036,-0.05680036,d73f2c122a104bbc4c44e293ec35443a5f23924591d4aeaf6e85dfaeedc56bd5
T0848,training,-0.0375,0.0257,0.00000000,-0.0375|0.0257,1,1630,train,0.05680036,0.05680036,95c571f5a9f89d433108b4b21831663a6e92d9e37010290a11b7f256374022d5
T0849,training,-0.0375,0.0675,0.00000000,-0.0375|0.0675,1,12355,train,0.28272179,0.28272179,4733239d5bb4d51cbc72b175285d503391e513eb5539bec11d0f02077678c791
T0850,training,-0.0374,-0.0368,0.00000000,-0.0374|-0.0368,1,1853,train,-0.15347472,-0.15347472,8c1f3018cd8ebf6baacf4a0d0a6bc4b6b91dcce191c157f02b3eaf5ba3d4255e
T0851,training,-0.0374,-0.0277,0.00000000,-0.0374|-0.0277,1,1744,train,-0.05433045,-0.05433045,22ea2f5d0d70f4ef76764ec7dfb2ecd218663a1256cf36cf7bbbcae27119198e
T0852,test,-0.0374,0.0277,0.00000000,-0.0374|0.0277,1,1636,train,0.05433045,0.05433045,ead4d9aeac7c5911523b1c4b0e1484efb52db99090175027285462afd67d3aa0
T0853,training,-0.0374,0.0368,0.00000000,-0.0374|0.0368,1,1529,train,0.15347472,0.15347472,82b01dce32d9067bc7486fe9178ced5630c22aa07925139128bb1d989c108362
T0854,training,-0.0372,-0.0397,0.00000000,-0.0372|-0.0397,1,8753,train,-0.01071131,-0.01071131,064733cfbd98eae3ebb1001f5b98c0aa00162098cc382b0ffa105fd66e3f3308
T0855,test,-0.0372,-0.0376,0.00000000,-0.0372|-0.0376,1,8704,train,0.03987818,0.03987818,fe77e4d3c5ae48bf7e52d804d3ed1792e06fdc0e53e5e1487ea9818dd93ebf39
T0856,validation,-0.0372,-0.0284,0.00000000,-0.0372|-0.0284,1,2117,train,0.08694854,0.08694854,dcf7474f3cc65abccdf5620e23fa8f3fe359347e7e2205574bbf810d1aa471a2
T0857,training,-0.0372,0.0284,0.00000000,-0.0372|0.0284,1,1253,train,-0.08694854,-0.08694854,b15074220aface6b33e845b995b9764f7ef88d6d88ab14922ab3cb0735788acb
T0858,training,-0.0372,0.0376,0.00000000,-0.0372|0.0376,1,12430,train,-0.03987818,-0.03987818,19d845a53b8d475d6d75be2b087e8faf95b871691eee0b28b72c504fac971499
T0859,test,-0.0372,0.0397,0.00000000,-0.0372|0.0397,1,12371,val_iid,0.01071131,0.01071131,feecc13890bd5e2de93eb985db6e10d0baba0b666f76bb03e4ff87da12a14066
T0860,training,-0.0371,-0.0401,0.00000000,-0.0371|-0.0401,1,8375,test_iid,0.09968055,0.09968055,50d2f21c520b93808fac010764e4f4a3461f5fd984a4d772f12e358a2dd84b52
T0861,training,-0.0371,-0.0388,0.00000000,-0.0371|-0.0388,1,8359,train,0.29950156,0.29950156,c64a1fa33f16bdb662ae13be42c248e1443b39d125be4a2e032cc2b67a47396b
T0862,training,-0.0371,-0.0013,0.00000000,-0.0371|-0.0013,1,2069,train,0.19589581,0.19589581,5dc04954375440d12d051625839963fc58115caacd43a78d981aaf02588529aa
T0863,validation,-0.0371,0.0013,0.00000000,-0.0371|0.0013,1,1313,val_iid,-0.19589581,-0.19589581,d2399ae5e572f14715fed28e837b875a61ee600aac7dde0ab3af921bd9f23163
T0864,validation,-0.0371,0.0388,0.00000000,-0.0371|0.0388,1,12085,train,-0.29950156,-0.29950156,e031ecafc54a2f4e240b5ed0c2916a1d65b997c3cd15bcf2cea72ac5eea09865
T0865,test,-0.0371,0.0401,0.00000000,-0.0371|0.0401,1,11993,train,-0.09968055,-0.09968055,f62c06e8ca2c84d14b7e7c1a7af04893fcf848fc613bcf16f3a15f2dc1d283b8
T0866,training,-0.0370,-0.0386,0.00000000,-0.0370|-0.0386,1,8364,train,0.28036713,0.28036713,acb733874f6539d7eb608922f2dd2b891f9ca0d53c12e28d3151c422da0db32d
T0867,training,-0.0370,0.0386,0.00000000,-0.0370|0.0386,1,12090,train,-0.28036713,-0.28036713,23ca553bde1238384de721c70a26641a83b7ec865a7c64505d1791715d7244bd
T0868,training,-0.0369,-0.0393,0.00000000,-0.0369|-0.0393,1,8758,train,-0.01222500,-0.01222500,ab65aaa5ba78c112edcc76eaa6f54183cff63c4e6c79275db7583d02fee171ff
T0869,training,-0.0369,0.0393,0.00000000,-0.0369|0.0393,1,12376,train,0.01222500,0.01222500,0a4aa538b18ab8000073d9f85778bc5ea6aadbd73deb187ab58786040745f1dc
T0870,test,-0.0368,-0.0374,0.00000000,-0.0368|-0.0374,1,8333,train,0.15347472,0.15347472,e5a687b551f9471345ee16f016cbc49c8cb2169d72d23e339231aee96c6a4f4b
T0871,training,-0.0368,0.0374,0.00000000,-0.0368|0.0374,1,12059,train,-0.15347472,-0.15347472,7f6b2ce305083a6747af03350179c7db1352a2516a830e017d52987310a24b7a
T0872,training,-0.0367,-0.0049,0.00000000,-0.0367|-0.0049,1,2088,train,0.42042532,0.42042532,0847661db90cae15d967f9cf7eb4bc763c8c67f58f7d25721c01d214f97df9c7
T0873,training,-0.0367,0.0049,0.00000000,-0.0367|0.0049,1,1332,train,-0.42042532,-0.42042532,c9489db3529b17b796c7168b00e77f334e7ef1a306a9ed42613d4827b34223a9
T0874,training,-0.0364,-0.0293,0.00000000,-0.0364|-0.0293,1,2123,train,0.07599859,0.07599859,7fbb2fec2e40826486c9b7f08ed6fd210475a34518e875ec7db0243c1547974d
T0875,training,-0.0364,0.0293,0.00000000,-0.0364|0.0293,1,1259,train,-0.07599859,-0.07599859,20d3e0ec9bebb3a652d7e83bcd2608901e21383634455829ec8601dce64c7ea4
T0876,training,-0.0363,-0.0350,0.00000000,-0.0363|-0.0350,1,1856,train,-0.22967621,-0.22967621,2e4b3102e461048b66de623e82540137f1b4d9d1468b331dd3ff953820b49c01
T0877,training,-0.0363,0.0000,0.00000000,-0.0363|0.0000,1,1704,train,0.00000000,0.00000000,376ff7e0bd01d41e3d4118498755dd7c9f7f201957ea261c90c2d9d644823b2f
T0878,test,-0.0363,0.0350,0.00000000,-0.0363|0.0350,1,1532,train,0.22967621,0.22967621,e9d0100cb624da91308daf1e7524e455833b4a3589c1d4c89dd7b07a7d424e0f
T0879,training,-0.0362,-0.0271,0.00000000,-0.0362|-0.0271,2,1450;1451,train;test_iid,-0.96748528,-0.96748528,45dbc9b97742bdf76e5eebd489d80efeb4c3cece3440196e764d14f064ad5d53
T0880,validation,-0.0362,-0.0267,0.00000000,-0.0362|-0.0267,1,2111,train,0.09049966,0.09049966,d5e061e90d166af8cc68f134e0c9cdd6e9de941f9bfc1ca108f67c850f6619f8
T0881,validation,-0.0362,-0.0253,0.00000000,-0.0362|-0.0253,1,1733,train,-0.05180848,-0.05180848,e1fd199215ca150f7c02e3d4a2f825b733777fc517b1ae7e5f8dddf7f08168a9
T0882,test,-0.0362,0.0253,0.00000000,-0.0362|0.0253,1,1625,train,0.05180848,0.05180848,fa0d9651f8c16e5d44b0cb30493933da0a006b3bf169781cfe10062b4bcefc79
T0883,training,-0.0362,0.0267,0.00000000,-0.0362|0.0267,1,1247,test_iid,-0.09049966,-0.09049966,b30a81f9731ff95d036af29b3820f2fb50670b3e76b7942c755fa32a8041cbd4
T0884,training,-0.0362,0.0271,0.00000000,-0.0362|0.0271,2,1990;1991,train,0.96748528,0.96748528,157240cd37e8ebdae25ab4977a36c282505391278a2e1ab5062022b65c9f7e8e
T0885,validation,-0.0361,-0.0683,0.00000000,-0.0361|-0.0683,1,8445,train,0.12126187,0.12126187,df8c9838ceed06afb9f389af88aaf347c2e1393418fb505a80eb0f330ef3a741
T0886,validation,-0.0361,-0.0418,0.00000000,-0.0361|-0.0418,1,8784,train,-0.03381574,-0.03381574,d8a542e61844cb1f3c9874de6c05c1a1339c9031a7642f236d7f6321f65f0b5e
T0887,training,-0.0361,-0.0332,0.00000000,-0.0361|-0.0332,1,1786,train,-0.09056589,-0.09056589,c613d79c2c868d96605da4ae357dd8e0d002b795bfe0e90f6378b5b59ee40acb
T0888,training,-0.0361,0.0332,0.00000000,-0.0361|0.0332,1,1570,test_iid,0.09056589,0.09056589,15cbceeeb79ecfbb98d5f2f41e4d51b76185fb592a15a901c6761ba29018f3a5
T0889,training,-0.0361,0.0418,0.00000000,-0.0361|0.0418,1,12402,train,0.03381574,0.03381574,5d96e5144e4c98204ec97373abce45aa9aad6a5e47bf649ae31dc1c9498da117
T0890,training,-0.0361,0.0683,0.00000000,-0.0361|0.0683,1,11955,train,-0.12126187,-0.12126187,39de7a4008c87e6cacc7a63016846b8a973088a7ae19f4d55daebea8e3034774
T0891,training,-0.0360,-0.0270,0.00000000,-0.0360|-0.0270,1,1449,train,-0.96263599,-0.96263599,5055172d512629c6bff1fd3dca92d4209fcb30de334568a39c726feb349c0a64
T0892,training,-0.0360,-0.0038,0.00000000,-0.0360|-0.0038,1,2083,train,0.37277185,0.37277185,366c86612c77c9ef2bae9f1005f7c5816616391e6d42848560da70d8dc819f6e
T0893,validation,-0.0360,0.0038,0.00000000,-0.0360|0.0038,1,1327,train,-0.37277185,-0.37277185,cfed1dd45ca3bcaaf8b49375ced2adff0bf5a07dc68807524ae31402bcdb5e1c
T0894,training,-0.0360,0.0270,0.00000000,-0.0360|0.0270,1,1989,train,0.96263599,0.96263599,5145240951eac3d10673c5d1aaacff447d5c8a2a49e2e454ecf9cf14d7d3e2d0
T0895,training,-0.0359,-0.0390,0.00000000,-0.0359|-0.0390,1,8779,train,-0.02142225,-0.02142225,380eb2d392d393f614f8fd872bbf0e61c682707926c7da29f5c918265788abcf
T0896,training,-0.0359,0.0390,0.00000000,-0.0359|0.0390,1,12397,val_iid,0.02142225,0.02142225,bfa11505b2e435780ba7c0ea76a57e081ea712bef75e8fb76068f3a5be27a616
T0897,training,-0.0358,-0.0678,0.00000000,-0.0358|-0.0678,1,8450,train,0.12123349,0.12123349,21d54d981b3f3978abfeca78fadb30004f9e3bfa2de5ed1ace06f6ce7f457deb
T0898,training,-0.0358,-0.0638,0.00000000,-0.0358|-0.0638,1,8850,val_iid,-0.25167160,-0.25167160,452cb410b3a32c00f875f85ed2ae54130e86f60c70043acda0599721647a7f7e
T0899,training,-0.0358,-0.0269,0.00000000,-0.0358|-0.0269,1,1448,train,-0.95757480,-0.95757480,908069c36e2fc3e02aa3fb21c41f718db270f956e91f617e4ddef4ce436cfdac
T0900,training,-0.0358,-0.0014,0.00000000,-0.0358|-0.0014,1,2063,train,0.20050537,0.20050537,996ba0cd3d7f759bdfed4d35ab325d6b6e84861ef06f650cbd396e6334247c98
T0901,validation,-0.0358,0.0014,0.00000000,-0.0358|0.0014,1,1307,train,-0.20050537,-0.20050537,d9f57461af1096dc44ce2caf59c653b844a1dc14a0d8c4948673f86cdb4d7665
T0902,training,-0.0358,0.0269,0.00000000,-0.0358|0.0269,1,1988,train,0.95757480,0.95757480,866d064ffb71cc293c0979f6b06e3eaf4fd5708cfda4b1713a6789818c4e6efd
T0903,test,-0.0358,0.0638,0.00000000,-0.0358|0.0638,1,12360,train,0.25167160,0.25167160,fc4eec246db8d30bcf53f900b16dae3e4b558bfd8dc15cb2cd90f0a219f3158a
T0904,training,-0.0358,0.0678,0.00000000,-0.0358|0.0678,1,11960,train,-0.12123349,-0.12123349,3f20f27d0b9c935b260fabc6e146647ee0874395c2d9c135f5c8fcccbba7c583
T0905,training,-0.0357,-0.0353,0.00000000,-0.0357|-0.0353,1,2245,train,-0.02934781,-0.02934781,1a86f8ef1a8ae366eeefed2ac5f8c66a45560cdee0886a99a4f4503b9c756134
T0906,training,-0.0357,0.0353,0.00000000,-0.0357|0.0353,1,1165,train,0.02934781,0.02934781,3e2d676bde102202ea5f9c5d083a5d12c4c049930b3ade66bb044b2058e8e880
T0907,training,-0.0356,-0.0176,0.00000000,-0.0356|-0.0176,1,1753,train,-0.06378008,-0.06378008,0baa5bf76d6b8f9d7a8b66dc51cbe5b174b6d9ac0860b4537684cb5e04a86338
T0908,training,-0.0356,-0.0137,0.00000000,-0.0356|-0.0137,1,1387,test_iid,-0.71010822,-0.71010822,064efbff6140c7b482103f08b00227f994b23eb92edf24af87542ac5c5db2cdd
T0909,training,-0.0356,0.0137,0.00000000,-0.0356|0.0137,1,2035,test_iid,0.71010822,0.71010822,a28286c0ea15a8a851a0ff5c1941848d682166a1ef2099c3013181c8751611ea
T0910,validation,-0.0356,0.0176,0.00000000,-0.0356|0.0176,1,1645,train,0.06378008,0.06378008,d01641dc75a8f092fe07f4228d86b181d61a33badc34552829a9e62e0bdb257f
T0911,training,-0.0355,-0.0272,0.00000000,-0.0355|-0.0272,4,1454;1455;1456;1457,train,-0.94848555,-0.94848555,081b77dcd103962242cef790ea99bdcb9de5f48d54b4a28ec61c538fffe89356
T0912,training,-0.0355,0.0000,0.00000000,-0.0355|0.0000,1,1678,test_iid,0.00000000,0.00000000,4422675ead3d270c3d620dff4bad04d835a32e222bb47a067abb563cf9b1b1f1
T0913,validation,-0.0355,0.0272,0.00000000,-0.0355|0.0272,4,1994;1995;1996;1997,train,0.94848555,0.94848555,e33f69b3fa6c404ad7400f54496e6f81305fe85fe414352fc398d479c323c1a1
T0914,training,-0.0353,-0.0380,0.00000000,-0.0353|-0.0380,1,8380,train,0.08877825,0.08877825,85670f553e838142b42bcf200804bb2db2609ea2952598872b9742cc594183a5
T0915,training,-0.0353,-0.0357,0.00000000,-0.0353|-0.0357,1,8725,train,0.02934781,0.02934781,915dbadafab65cf30a0063fda086993c0c9b451377aa5d15666b8334e3a896ab
T0916,training,-0.0353,0.0357,0.00000000,-0.0353|0.0357,1,12451,test_iid,-0.02934781,-0.02934781,13620f84bbdcd12469b0d19e18f4ce2e4d3eec5feff7947a574125382dc32be3
T0917,training,-0.0353,0.0380,0.00000000,-0.0353|0.0380,1,11998,val_iid,-0.08877825,-0.08877825,0d7aabe84014bb8686e117c58ab05c44477001aafb41e8ba7f1463245ecbb780
T0918,training,-0.0351,-0.0329,0.00000000,-0.0351|-0.0329,1,2164,train,0.01142659,0.01142659,853487af171c17c8f7e17357d51234689fbdb4668685962bf1c765c64c8f39b9
T0919,training,-0.0351,0.0329,0.00000000,-0.0351|0.0329,1,1192,train,-0.01142659,-0.01142659,3decdfedcfd9d84a6db5092c9665347df665817b77aef91f2133c4bb438c49c2
T0920,training,-0.0350,-0.0363,0.00000000,-0.0350|-0.0363,1,8336,test_iid,0.22967621,0.22967621,c060e493c07dbbc31d060d9963c249277bab47d7afbd9a01bc22600757d09e88
T0921,training,-0.0350,-0.0343,0.00000000,-0.0350|-0.0343,1,1847,train,-0.17173335,-0.17173335,2b813630d113b769cafe543fb6c90af68449f310d3009cd0f3c17eb9675f6220
T0922,training,-0.0350,-0.0258,0.00000000,-0.0350|-0.0258,2,1444;1445,train,-0.93509911,-0.93509911,7acbcad9eb92ca7bd2064bdab243ca5667fecbbc43dc076357dab72f5fd7a64c
T0923,validation,-0.0350,0.0258,0.00000000,-0.0350|0.0258,2,1984;1985,train;val_iid,0.93509911,0.93509911,cd391f381aacf8bac0b53bc4f9e84d0b8aea6b5d895f1b080c25f340238642c9
T0924,training,-0.0350,0.0343,0.00000000,-0.0350|0.0343,1,1523,train,0.17173335,0.17173335,0355f61d1386d0eee3368b67f431cc3bde1bc5b7e4a00cea21a2cb689608ce07
T0925,training,-0.0350,0.0363,0.00000000,-0.0350|0.0363,1,12062,train,-0.22967621,-0.22967621,23c42d6235e543aa94e0e991c426639bc14b63ddbdc19f41b1dc569743daa80f
T0926,training,-0.0347,-0.0342,0.00000000,-0.0347|-0.0342,1,1852,train,-0.13865125,-0.13865125,511a1836bb8a9e7b0b427cbd7927fb4dc53b413371e00d062752d54559e64af0
T0927,training,-0.0347,-0.0333,0.00000000,-0.0347|-0.0333,1,1878,train,-0.27253827,-0.27253827,39ee795a9479898ff651adcba61e34832e9a02d46499287a9162ba9850dd4439
T0928,training,-0.0347,0.0333,0.00000000,-0.0347|0.0333,1,1554,train,0.27253827,0.27253827,c0d535fec563d4b1e25b967b26b6daf5acfc8f031f8c08374336f8afda343c4b
T0929,training,-0.0347,0.0342,0.00000000,-0.0347|0.0342,1,1528,train,0.13865125,0.13865125,062aeb3e18b5cf1de1afc55eae5d5465ec54a2d230f40967254b7df7ab5e4c09
T0930,training,-0.0345,-0.0382,0.00000000,-0.0345|-0.0382,1,8401,train,0.09892736,0.09892736,47ace3aea4c752b46b197f8e903e7df3dc9faa28fa3efa5e7d5080fe5064979c
T0931,training,-0.0345,-0.0194,0.00000000,-0.0345|-0.0194,1,2131,train,0.11340648,0.11340648,215b5d88f6a312d2b6fc16c6909077916aef0adeed0c6b9b29582d141bc5dbca
T0932,training,-0.0345,-0.0174,0.00000000,-0.0345|-0.0174,1,1758,val_iid,-0.06271017,-0.06271017,b31ca43c175863c3e3cf3bf8c7d1e81bc85bc2b3ce94ec55322456d89b551621
T0933,training,-0.0345,0.0174,0.00000000,-0.0345|0.0174,1,1650,train,0.06271017,0.06271017,21d40752df4772fc075cd6a1aaf3dd885fbed7a1b608969c6c1ce38582f9c523
T0934,training,-0.0345,0.0194,0.00000000,-0.0345|0.0194,1,1267,test_iid,-0.11340648,-0.11340648,08fdb92a576738842d257dddbd7966f907fac1ebc551a62889b48080a408b903
T0935,test,-0.0345,0.0382,0.00000000,-0.0345|0.0382,1,12019,train,-0.09892736,-0.09892736,e879ec8542acb06f847598fc83b98ea1567dd71fcda2840ca321852843b118cb
T0936,training,-0.0343,-0.0350,0.00000000,-0.0343|-0.0350,1,8327,train,0.17173335,0.17173335,84f20063d1214dbab558074f75e93c352d34c7e54aaafc26b92c817ba3cde030
T0937,training,-0.0343,-0.0014,0.00000000,-0.0343|-0.0014,1,2068,train,0.18987916,0.18987916,5bb87f48cd9ca9fca1bc07ea9d95527b6d6a732e27fb66f6a05391fdd06ab278
T0938,training,-0.0343,0.0014,0.00000000,-0.0343|0.0014,1,1312,test_iid,-0.18987916,-0.18987916,44f31722549234d2b8e10258061476beb216acf53b89f7d0e26c2f8fe1130e96
T0939,training,-0.0343,0.0350,0.00000000,-0.0343|0.0350,1,12053,train,-0.17173335,-0.17173335,ab09d634678761c6f494d0546c4201f57bc9f92a244b4aa38ef9b270a7aa2190
T0940,training,-0.0342,-0.0347,0.00000000,-0.0342|-0.0347,1,8332,val_iid,0.13865125,0.13865125,b8cccb535e8280706587c810dabf9108e06b21b7188789a4096f72cf68284268
T0941,training,-0.0342,-0.0339,0.00000000,-0.0342|-0.0339,1,2218,train,-0.02898042,-0.02898042,5c5a6ff5c65fe3833b002866353ba0c57387aeea34dae2b0c79c6a4d5d456355
T0942,training,-0.0342,-0.0327,0.00000000,-0.0342|-0.0327,1,1873,train,-0.27054587,-0.27054587,c7f113eaff5bcaee2678a681b71d2aa8e7f85cf8f566370f0c8141290c518805
T0943,training,-0.0342,-0.0309,0.00000000,-0.0342|-0.0309,1,2185,train,0.02412164,0.02412164,51fbdcbee0360f9c9d3f0c5c9546555a317e06a7e1151f921999670df1ad7a9f
T0944,test,-0.0342,0.0309,0.00000000,-0.0342|0.0309,1,1213,train,-0.02412164,-0.02412164,efee3d1529acdb597d8bfdcf6e9b15c9d5ee8fcf9bcef96f07d1914b45198850
T0945,training,-0.0342,0.0327,0.00000000,-0.0342|0.0327,1,1549,train,0.27054587,0.27054587,c8d42761de9c551514ae601a515704dfbb50aa71aa0c30f9ea5ee426de00c15b
T0946,training,-0.0342,0.0339,0.00000000,-0.0342|0.0339,1,1138,train,0.02898042,0.02898042,2eee7f4cbc0471838b1aa331c08df1575c9a9a9f8843d0e5f33865d0c5ba0169
T0947,test,-0.0342,0.0347,0.00000000,-0.0342|0.0347,1,12058,train,-0.13865125,-0.13865125,fed23be18fab9b53742835d8a8b08a551cec4b23ea6a772f691c38f82ec7f903
T0948,training,-0.0341,-0.0719,0.00000000,-0.0341|-0.0719,1,8472,train,0.14707970,0.14707970,2e2ec0a22aaffa12997235e20077e9731b9fb660a355528360b0b8f2580ec763
T0949,validation,-0.0341,0.0719,0.00000000,-0.0341|0.0719,1,11982,train,-0.14707970,-0.14707970,e420da519e5a1ba25b50676ccf25d0ab6b2f2c3d0b242d2c49a3408378a6f7cc
T0950,test,-0.0339,-0.0342,0.00000000,-0.0339|-0.0342,1,8698,train,0.02898042,0.02898042,fe52b392f14de1a3a748568d020f1c41a64a3f71ac99ad842b30172a40ac1e71
T0951,training,-0.0339,-0.0269,0.00000000,-0.0339|-0.0269,1,2122,train,0.07457280,0.07457280,a8545122769ab1870ca2ec17e0c95175439e425167ad3b0bc8067f52ac936b05
T0952,test,-0.0339,0.0269,0.00000000,-0.0339|0.0269,1,1258,train,-0.07457280,-0.07457280,e92c126296b3155dcbe25f54f3d67c740771618869a81d95bea65f4651764b8e
T0953,test,-0.0339,0.0342,0.00000000,-0.0339|0.0342,1,12424,val_iid,-0.02898042,-0.02898042,eeed37abf023cddb052ac4a849f86de5cd90b2ca99ed8613274f78b1af692bce
T0954,validation,-0.0338,-0.0255,0.00000000,-0.0338|-0.0255,1,2116,train,0.07907943,0.07907943,cfcaed8de8ede372d678243371c7c2888c9d4cca4e10a3b89f15953520835367
T0955,training,-0.0338,0.0255,0.00000000,-0.0338|0.0255,1,1252,train,-0.07907943,-0.07907943,94a80e339a4d3b1907439feeade7fa4d834ff2824698536c3b893cf188eb274f
T0956,training,-0.0336,-0.0710,0.00000000,-0.0336|-0.0710,1,8467,train,0.14495885,0.14495885,9dba857f9c0d4f5322b6083cb72fbd391aeb37dbfad036abb3c08850087055ea
T0957,test,-0.0336,0.0710,0.00000000,-0.0336|0.0710,1,11977,train,-0.14495885,-0.14495885,ff48d2a643c823b493da02c2e4930e1a804832bd93b3ad94551dff601e17b1e8
T0958,training,-0.0335,-0.0016,0.00000000,-0.0335|-0.0016,1,2057,train,0.20571212,0.20571212,92fc1e680433ed99332bd82421b35cfd9124f75bf185de8a931aaec751dda89f
T0959,training,-0.0335,0.0016,0.00000000,-0.0335|0.0016,1,1301,val_iid,-0.20571212,-0.20571212,b4b6f255ee6c6c7c0d26021a33d32272d4170c6fb331b28054e47f9d9b2350e4
T0960,validation,-0.0333,-0.0347,0.00000000,-0.0333|-0.0347,1,8358,train,0.27253827,0.27253827,e15be2a163ec01eb1c978a4680058e33a8619ddfe100da26ac39931d5317691d
T0961,training,-0.0333,-0.0126,0.00000000,-0.0333|-0.0126,1,1392,val_iid,-0.65938186,-0.65938186,0ef7d05689eb20362461302bbfdc5ba8f189727cafd37604320a89dce8a845e8
T0962,test,-0.0333,0.0126,0.00000000,-0.0333|0.0126,1,2040,train,0.65938186,0.65938186,f10239bb1c26db12184b9a750c62f0b769196e8c2245bfc410608049e34fa30d
T0963,training,-0.0333,0.0347,0.00000000,-0.0333|0.0347,1,12084,val_iid,-0.27253827,-0.27253827,64e810b87cfad25156678fded7d77910c0b2a3729442bae561869697733336e6
T0964,training,-0.0332,-0.0361,0.00000000,-0.0332|-0.0361,1,8374,train,0.09056589,0.09056589,290056f812497141f8bc83daf97724e0681a0194318187ea2e28ea8274b14705
T0965,training,-0.0332,0.0361,0.00000000,-0.0332|0.0361,1,11992,train,-0.09056589,-0.09056589,7f992ed8b9a726f0c1d293c76d0a22923abe3f11795ad4e9c5c4b07189ef9739
T0966,test,-0.0331,-0.0239,0.00000000,-0.0331|-0.0239,1,1367,train,-0.45781288,-0.45781288,fdb608d3449bef8120385c0df5474007f11d85f8af66f4cbf92db314d9488070
T0967,training,-0.0331,0.0239,0.00000000,-0.0331|0.0239,1,2015,train,0.45781288,0.45781288,6548b2d346736b527721262765c192f7fcf0fbbb89bb8c48712f382f0550731e
T0968,validation,-0.0330,-0.0225,0.00000000,-0.0330|-0.0225,1,1732,train,-0.04774556,-0.04774556,de352e0d55d0fdc3b2e39057e11ffb3c07fd4fb0ca8ff306a40219fa84bbd110
T0969,training,-0.0330,0.0225,0.00000000,-0.0330|0.0225,1,1624,train,0.04774556,0.04774556,438fc19d33cfaf40e171ceab1b4324a5095a522c729207b2017649cec78d6f4a
T0970,training,-0.0329,-0.0351,0.00000000,-0.0329|-0.0351,1,8752,val_iid,-0.01142659,-0.01142659,182726e7f876a270c06ba8617be92b6319344776e3cbd449dcc427cc0a63397f
T0971,training,-0.0329,-0.0300,0.00000000,-0.0329|-0.0300,1,2190,train,0.02078341,0.02078341,64a3ac47ef618dafa29719d75d95c695428ab63e4e06b75795cbc4cdf118c581
T0972,training,-0.0329,0.0300,0.00000000,-0.0329|0.0300,1,1218,train,-0.02078341,-0.02078341,79626a9b1f8c53bcbb4c3fd1149244e5370a24d5cf280a48613fe686470de6a3
T0973,training,-0.0329,0.0351,0.00000000,-0.0329|0.0351,1,12370,train,0.01142659,0.01142659,a7abd2edc6981620f91fecc3e9c2aa2517e0d1cc46a3e36a48827668f43a98ba
T0974,training,-0.0328,-0.0568,0.00000000,-0.0328|-0.0568,1,8822,train,-0.17586576,-0.17586576,11dea92dbffe24d032c295a3ef84d400711a99328770a47ffa5520742a2a4976
T0975,training,-0.0328,0.0568,0.00000000,-0.0328|0.0568,1,12332,train,0.17586576,0.17586576,30327f6bc7be181932cec57767bd1eceaa23070ebd0b68bacc88a7c9e8c04692
T0976,training,-0.0327,-0.0342,0.00000000,-0.0327|-0.0342,1,8353,train,0.27054587,0.27054587,c7f267de83d43e65314f85f62dad7a59bdf1d1354e156af66c1fe625bff421d4
T0977,training,-0.0327,-0.0237,0.00000000,-0.0327|-0.0237,1,2110,train,0.08347019,0.08347019,686cd24177b1d2ca975a438a4498b2736e1c3fd83794ea09771476f6a9acea40
T0978,training,-0.0327,-0.0186,0.00000000,-0.0327|-0.0186,1,2136,train,0.10393015,0.10393015,0b58e16a77321b398a5cc3039ef53cf85d43f83bb35146b739677da5771d4661
T0979,test,-0.0327,0.0186,0.00000000,-0.0327|0.0186,1,1272,train,-0.10393015,-0.10393015,e9325c5395ac71eb1d789983fc5e1cc0a32b72f7f407d962f941e1408095c4fc
T0980,training,-0.0327,0.0237,0.00000000,-0.0327|0.0237,1,1246,train,-0.08347019,-0.08347019,7cefc2fff374b7a72779d5c9f7588f908c85dbca6892c1c189f43e257037691d
T0981,training,-0.0327,0.0342,0.00000000,-0.0327|0.0342,1,12079,train,-0.27054587,-0.27054587,002acb5676c56f0e64fa5556e082d774609de8087a31ebc4db07e5233bb4453f
T0982,training,-0.0326,-0.0246,0.00000000,-0.0326|-0.0246,1,1443,train,-0.86545196,-0.86545196,2900869526f1d78721735d44724e8a4337816349be26815612ddb2a8b61f742b
T0983,training,-0.0326,0.0246,0.00000000,-0.0326|0.0246,1,1983,train,0.86545196,0.86545196,1b876879feac0225d057074f3c31784bbdc0d9e45655d6042095a290b1802518
T0984,training,-0.0325,-0.0287,0.00000000,-0.0325|-0.0287,1,1807,test_iid,-0.09176239,-0.09176239,41cd350079da57d08c72e73e0ba9debfbb1ad3fb0d136cae13ad84e2babde432
T0985,training,-0.0325,-0.0014,0.00000000,-0.0325|-0.0014,1,2062,train,0.18798826,0.18798826,5d721b7e75464a8994ead3e4cd0b65bc63a5ba5d6e743e6059f11a54103384fc
T0986,training,-0.0325,0.0014,0.00000000,-0.0325|0.0014,1,1306,train,-0.18798826,-0.18798826,206c05e2acb33fff931a818c1554c1ef6688f752988e6a127fd63aa8164e4af9
T0987,validation,-0.0325,0.0287,0.00000000,-0.0325|0.0287,1,1591,train,0.09176239,0.09176239,dbfd7149d8a41871d303a2aa53957402def2ada538abad804b2d1b1f50125c73
T0988,training,-0.0323,-0.0317,0.00000000,-0.0323|-0.0317,1,1841,test_iid,-0.15150720,-0.15150720,37d84a8630fa5004038d0ec8fdd1e38cdc4bff6510ed05cd5a4b784abe27caa2
T0989,validation,-0.0323,-0.0244,0.00000000,-0.0323|-0.0244,1,1442,test_iid,-0.85677545,-0.85677545,d1b835c5c60f6a7fda0d5a3928b09d76a74ab50e782cd4334aa1cfc1665ced63
T0990,test,-0.0323,0.0244,0.00000000,-0.0323|0.0244,1,1982,test_iid,0.85677545,0.85677545,f5f73086fbe81bd088637ef55a4baae28cf25adfe5b61ab617a302d5e6f7612e
T0991,training,-0.0323,0.0317,0.00000000,-0.0323|0.0317,1,1517,train,0.15150720,0.15150720,993129dfcab053710c2b467265f5013476dabb87685c5c1669a35e7a2a535cfe
T0992,training,-0.0319,-0.0313,0.00000000,-0.0319|-0.0313,1,1846,test_iid,-0.14969190,-0.14969190,7ffa3c4b65a6b7a37eedb8085992e92f04f3beed929262a94e11e36e5ac78dbd
T0993,training,-0.0319,0.0313,0.00000000,-0.0319|0.0313,1,1522,train,0.14969190,0.14969190,83aa55c997c2e0d4cb1ee1547bd4d339d90f5a0130ec58d5f7ce2fff0079b8b9
T0994,training,-0.0317,-0.0323,0.00000000,-0.0317|-0.0323,1,8321,train,0.15150720,0.15150720,bdefbb3cc5abe51f3cf39acf81ebeeb92449a926860ee83b0010bec51cbc74cc
T0995,training,-0.0317,0.0323,0.00000000,-0.0317|0.0323,1,12047,val_iid,-0.15150720,-0.15150720,968922a3e459f65c61bc165c81a9e55373b074f4babffc021767cd5adb09e9d2
T0996,training,-0.0315,-0.0384,0.00000000,-0.0315|-0.0384,1,8406,train,0.17502591,0.17502591,ac4616e0e5d7f0c1114ec8eca2d9090d748b61067599e80e7622f3e50d36f446
T0997,training,-0.0315,-0.0282,0.00000000,-0.0315|-0.0282,1,1812,train,-0.08621309,-0.08621309,c623ec53c4a2ee27deeab25dc2652749696bddc4231dfa6ae35b759981eedcc0
T0998,validation,-0.0315,0.0282,0.00000000,-0.0315|0.0282,1,1596,train,0.08621309,0.08621309,d4ea8c2f789ee48e30e0a4075af63ec78fbcd76a57a375badc2546ad705d1f24
T0999,training,-0.0315,0.0384,0.00000000,-0.0315|0.0384,1,12024,train,-0.17502591,-0.17502591,01e2c43e4ba0732ec11c035280bf17a9a8286089693fc61dac02eebf321819d0
T1000,validation,-0.0313,-0.0607,0.00000000,-0.0313|-0.0607,1,8444,train,0.10816416,0.10816416,d9718472d1686b91aebd4694034aa9e1c40738dbedc77dc23752d4619b85847d
T1001,training,-0.0313,-0.0319,0.00000000,-0.0313|-0.0319,1,8326,train,0.14969190,0.14969190,300e1ba430056b700e8d9ad202458a851913451fdcbe00af885f168fb1197504
T1002,training,-0.0313,-0.0033,0.00000000,-0.0313|-0.0033,1,2077,train,0.32011932,0.32011932,a9142c12578ad54570e90e98688bd1ffb5096cd26f20ee611776c11cb6430c84
T1003,training,-0.0313,0.0033,0.00000000,-0.0313|0.0033,1,1321,val_iid,-0.32011932,-0.32011932,95f46c7159218e65108fa80a775e2285d0a3b184f068f794d5611aba457da51d
T1004,test,-0.0313,0.0319,0.00000000,-0.0313|0.0319,1,12052,train,-0.14969190,-0.14969190,e9a8ad84def06a19d9490bd93d452e93095b8cf2275f9aa05044454ac6e78137
T1005,training,-0.0313,0.0607,0.00000000,-0.0313|0.0607,1,11954,train,-0.10816416,-0.10816416,0774f963b53e19cf5f0cbeff9affb7b1079c74711e67b2c2c1a54db6babf095d
T1006,validation,-0.0312,-0.1459,0.00000000,-0.0312|-0.1459,2,8902;8903,train,-1.77796041,-1.77796041,d48e764e670a544c736598719ad62834d112b28917365e0310b6eeb090d939ab
T1007,training,-0.0312,0.1459,0.00000000,-0.0312|0.1459,2,12304;12305,train,1.77796041,1.77796041,aac9c2d17474dcf85061f614b1892023d501bfcfaa2fdf13b1c710bae91f8b21
T1008,validation,-0.0311,-0.0412,0.00000000,-0.0311|-0.0412,1,8441,train,0.05981830,0.05981830,e47e43eba2d8a726522b834aba1e13417447180368d49cb5ad676eb83f742429
T1009,training,-0.0311,0.0412,0.00000000,-0.0311|0.0412,1,11951,train,-0.05981830,-0.05981830,97fbc0f2c134d44f2ff6900b14b5378c8a077d089e2d4332ff54c1f68c92964e
T1010,training,-0.0310,-0.0217,0.00000000,-0.0310|-0.0217,1,1361,train,-0.44164312,-0.44164312,9bd68fef669efc5abc0afab9ac7bf00320ba2553e5b754486fa0aeaf738991c5
T1011,test,-0.0310,0.0217,0.00000000,-0.0310|0.0217,1,2009,val_iid,0.44164312,0.44164312,fc1c3d3c1774e3cf126c231f7fd0aa09fa0e04627c39d03196af3a23e1ecf210
T1012,training,-0.0309,-0.0342,0.00000000,-0.0309|-0.0342,1,8773,train,-0.02412164,-0.02412164,a162f15eddf2fed070d5aaca0177c4e75aa73c3c7c9762821536785229268290
T1013,training,-0.0309,0.0342,0.00000000,-0.0309|0.0342,1,12391,train,0.02412164,0.02412164,6efcf05a6dc8d011e6bf406771bfdaed4addaa8572a6dd1ee673a57b636c3005
T1014,training,-0.0305,-0.0033,0.00000000,-0.0305|-0.0033,1,2082,train,0.32017867,0.32017867,8ccd2787660cd3dbf94e232baab102e863c05728fbc15caebc2afaddd0595430
T1015,training,-0.0305,-0.0016,0.00000000,-0.0305|-0.0016,1,2056,train,0.19316181,0.19316181,11ab615fcb99cc66020414c892bf4474a820d887f03541922512624df15240a4
T1016,training,-0.0305,0.0000,0.00000000,-0.0305|0.0000,1,1698,val_iid,-0.00000000,-0.00000000,4af5ca3897a0fd699f90428ceca35371f884f0d004edd2906606295b5f9e65a3
T1017,training,-0.0305,0.0016,0.00000000,-0.0305|0.0016,1,1300,train,-0.19316181,-0.19316181,99ac3ab326d2efefcb285cb8115026ef68ade569ba8fc9acda5f17b12eb0cf14
T1018,training,-0.0305,0.0033,0.00000000,-0.0305|0.0033,1,1326,train,-0.32017867,-0.32017867,8d1b605a3fa94da6a02397e5cd6fd58bc6f673ed3fe6660530b9b4c17b914bbf
T1019,validation,-0.0304,-0.0298,0.00000000,-0.0304|-0.0298,1,1840,train,-0.13691329,-0.13691329,cccd2827221a9c99b6587cdb7c88cd3c26412fde75b6c17b2c3049916da4f04c
T1020,training,-0.0304,0.0298,0.00000000,-0.0304|0.0298,1,1516,train,0.13691329,0.13691329,c15a08da667789c6856a7f0a02bc4e6c2eab492e28a9bc2cf9c765e4d698327a
T1021,validation,-0.0303,-0.0299,0.00000000,-0.0303|-0.0299,1,2239,train,-0.02449263,-0.02449263,d48c0bfea87e49f1266adc8647e13a842b30f06e53bbd038ef58b685ffd06cca
T1022,test,-0.0303,0.0000,0.00000000,-0.0303|0.0000,1,1693,train,-0.00000000,-0.00000000,fff16a8ffe1ec2122377b0059b0703f0f2e4f2ebbbd228ca1554ee8873a7732d
T1023,training,-0.0303,0.0299,0.00000000,-0.0303|0.0299,1,1159,train,0.02449263,0.02449263,029c5d23a9b8c680fee206ad1c0757f7a24d6736307e1fe2b59eb3ded067fa12
T1024,training,-0.0300,-0.0329,0.00000000,-0.0300|-0.0329,1,8778,train,-0.02078341,-0.02078341,be76eb7c6574bb918bcdc10ca901025734b4037fa37b5e958e031926d82fa45f
T1025,training,-0.0300,-0.0292,0.00000000,-0.0300|-0.0292,1,1867,train,-0.16249194,-0.16249194,5c3b751993a7caa87012d14d1051d0f7b8aff620103477c0e73c93b54f656a38
T1026,training,-0.0300,0.0292,0.00000000,-0.0300|0.0292,1,1543,val_iid,0.16249194,0.16249194,8fcbf73f448975ae756dc9ff24f27ae4751afcc84275033b794c597c81de5fff
T1027,training,-0.0300,0.0329,0.00000000,-0.0300|0.0329,1,12396,train,0.02078341,0.02078341,b24c442b282ddcc032f1722001ecb70664c7ae3965c6712bd9201cb655e338e6
T1028,validation,-0.0299,-0.0303,0.00000000,-0.0299|-0.0303,1,8719,val_iid,0.02449263,0.02449263,d447dcd5e893dfc49428c4825b51f9925714357fa8febe05bd56a9cf838d3cf0
T1029,training,-0.0299,0.0303,0.00000000,-0.0299|0.0303,1,12445,train,-0.02449263,-0.02449263,6a40672ad955215f7a88b079c74b4f467e370ce227eeea945e9a9c3de3df169e
T1030,test,-0.0298,-0.0542,0.00000000,-0.0298|-0.0542,1,8839,train,-0.23518052,-0.23518052,fe367199135a4571b3384256fa493666343ea545b25fec7b68efb0d4b7d31c90
T1031,training,-0.0298,-0.0304,0.00000000,-0.0298|-0.0304,1,8320,train,0.13691329,0.13691329,990884f9e1c8a9fc2f80f6fbc3dc3d4d45918d1de0c81448051bfec76ad940ef
T1032,validation,-0.0298,0.0304,0.00000000,-0.0298|0.0304,1,12046,val_iid,-0.13691329,-0.13691329,dd0a6d941982c0593930c954630cdbb382ef7069af7323542148d838fab719fa
T1033,training,-0.0298,0.0542,0.00000000,-0.0298|0.0542,1,12349,train,0.23518052,0.23518052,2bd6faf3a187981558701ad2516c03fa19f217119486f953c7a40e1a06027a03
T1034,training,-0.0297,-0.0209,0.00000000,-0.0297|-0.0209,1,1366,train,-0.42704659,-0.42704659,487266215f2ad7af44e8e8f84f55c52c71a3385ad6aad3a8213139cde6f2e083
T1035,validation,-0.0297,0.0209,0.00000000,-0.0297|0.0209,1,2014,train,0.42704659,0.42704659,e1a1e0973bcc28c35cdbb3aa403d7e020fe268569aff023737fa63e7a2464ea2
T1036,training,-0.0296,-0.0293,0.00000000,-0.0296|-0.0293,1,2244,train,-0.02480603,-0.02480603,7f3d78ff48c6fc7f2724a98ae515835bc38508cecca02c133517c893b31f235e
T1037,training,-0.0296,-0.0231,0.00000000,-0.0296|-0.0231,2,1438;1439,train,-0.72377232,-0.72377232,8e198af1c949f3ad4a1b8a858c7065810e80fe0cd9de71ef4b95608b5db99691
T1038,training,-0.0296,0.0231,0.00000000,-0.0296|0.0231,2,1978;1979,train,0.72377232,0.72377232,9017ffffe9ece16a38a413f1ecd681ae8e6051ba7a5275aa44732b707058d1f8
T1039,training,-0.0296,0.0293,0.00000000,-0.0296|0.0293,1,1164,train,0.02480603,0.02480603,8f048429a711b9c3e79a85020c599009209eac31c7305b996088c3421564c00d
T1040,training,-0.0295,-0.0533,0.00000000,-0.0295|-0.0533,1,8844,train,-0.22784041,-0.22784041,5b751e60bdce7b2b408d0be379e347435133ac9d76b93656f37ead581062c0fb
T1041,validation,-0.0295,-0.0234,0.00000000,-0.0295|-0.0234,1,1453,val_iid,-0.80365295,-0.80365295,d2c69fb69f0b2380fae06c691056e7e6484421cb1f49575b7857d9a3bf241a00
T1042,training,-0.0295,-0.0107,0.00000000,-0.0295|-0.0107,1,1386,test_iid,-0.58449585,-0.58449585,6deb9755f38c291f3a1a02f9b6f63cfb63be925ec37d60cc8bcabe44c4a64f89
T1043,training,-0.0295,0.0107,0.00000000,-0.0295|0.0107,1,2034,train,0.58449585,0.58449585,161c0629cd41807c88b001c17d7ba655535a2501b5377bc88c9590e83aacc605
T1044,test,-0.0295,0.0234,0.00000000,-0.0295|0.0234,1,1993,train,0.80365295,0.80365295,f4ef007b0080872c3940ed513ee2210ba2b105499757410aecf79c557f0b7cd7
T1045,training,-0.0295,0.0533,0.00000000,-0.0295|0.0533,1,12354,train,0.22784041,0.22784041,c1ef3e109cf2bdb319cf9d1c4eac0a4135868e16f9029b274994bfa3522603d7
T1046,training,-0.0293,-0.0364,0.00000000,-0.0293|-0.0364,1,8819,train,-0.07599859,-0.07599859,573be3af052da09c82b31036728638347a5858ce9e007e3162cf21e99229b63a
T1047,training,-0.0293,-0.0296,0.00000000,-0.0293|-0.0296,1,8724,train,0.02480603,0.02480603,843fff58ee518bfaf65624020955175eb036e22d452341546da172f8d96de928
T1048,training,-0.0293,-0.0229,0.00000000,-0.0293|-0.0229,1,1437,train,-0.71653920,-0.71653920,a2e1cb21e4cef1d6efcb557bd0d4e374da524693ea1b9b104bf643516c06c742
T1049,training,-0.0293,0.0229,0.00000000,-0.0293|0.0229,1,1977,test_iid,0.71653920,0.71653920,6c111a636569795766b120a99524cb4110a8eb7332960bdea165962105245b40
T1050,training,-0.0293,0.0296,0.00000000,-0.0293|0.0296,1,12450,train,-0.02480603,-0.02480603,7bd687e0a0e49583bf6cf8f49f46bd7d86f34ed6aa436dbc05ac9b8abd9bd1dc
T1051,test,-0.0293,0.0364,0.00000000,-0.0293|0.0364,1,12329,train,0.07599859,0.07599859,f89a6a758ecf946cbbd9143aaae352eb2e4768b55c14ba6e299980c1f629c7a7
T1052,training,-0.0292,-0.0300,0.00000000,-0.0292|-0.0300,1,8347,train,0.16249194,0.16249194,4ef963c4deddef2aa9c91b531e8ba830baa6ca8382120c0b9fc414ea77cb7799
T1053,training,-0.0292,-0.0229,0.00000000,-0.0292|-0.0229,2,1432;1433,train;val_iid,-0.70380851,-0.70380851,25e3bad6647d7c2a823dde4160f691da1ab80720779d7adba496884ed09a1d3d
T1054,training,-0.0292,-0.0198,0.00000000,-0.0292|-0.0198,1,1355,train,-0.42563772,-0.42563772,962d9a6641e566a4556abed41d3e5295ee6453784620d439f6ab7ea15fad08f8
T1055,validation,-0.0292,0.0198,0.00000000,-0.0292|0.0198,1,2003,train,0.42563772,0.42563772,d5455c39c877f8cf2d0e419cd1a8648856ad0a937002b587773716a014fddf8b
T1056,training,-0.0292,0.0229,0.00000000,-0.0292|0.0229,2,1972;1973,train,0.70380851,0.70380851,8c984415075f3bd9d449bdf9b8728639d4313657aafe3009c73487e2023233f4
T1057,training,-0.0292,0.0300,0.00000000,-0.0292|0.0300,1,12073,val_iid,-0.16249194,-0.16249194,7bc6f813d937ec7d1b1a5f8fa665ea3814f4e9e2b847a3ce3539a204ed54e74c
T1058,training,-0.0288,-0.0224,0.00000000,-0.0288|-0.0224,2,1426;1427,train,-0.71005303,-0.71005303,8eaf193ee82ab262a8e50f6a86038c8416f4779876fb8524869c79dcf1fe2ae7
T1059,validation,-0.0288,0.0224,0.00000000,-0.0288|0.0224,2,1966;1967,train,0.71005303,0.71005303,dcf40f84eda4c075b4ead87f58fa12b1313946ba8b6199736ea77424e8bf995e
T1060,training,-0.0287,-0.0409,0.00000000,-0.0287|-0.0409,1,8435,train,0.06154214,0.06154214,5c8daf739f3c08b49c3cb07fef41419468afa691b416c1e6d5eecfd98e72c101
T1061,training,-0.0287,-0.0325,0.00000000,-0.0287|-0.0325,1,8395,train,0.09176239,0.09176239,2a9f879bb34259bfc3d573ec0fbb66b8f9faf75ec9f50e8690257b5536b723fa
T1062,validation,-0.0287,0.0325,0.00000000,-0.0287|0.0325,1,12013,train,-0.09176239,-0.09176239,d4aa2e1055eaaa9376e2867ebbf4ddd3fae70703067123f2beb3f2451107546e
T1063,training,-0.0287,0.0409,0.00000000,-0.0287|0.0409,1,11945,train,-0.06154214,-0.06154214,35229477dd977176d550147ed31ae87476f045a8975de0b1af2a98b474183060
T1064,training,-0.0286,-0.0138,0.00000000,-0.0286|-0.0138,1,1747,train,-0.05180531,-0.05180531,0a71215cd420fa2c7702531b8df95b9a35bb77576ef5705104a111fcff8a128f
T1065,training,-0.0286,0.0138,0.00000000,-0.0286|0.0138,1,1639,train,0.05180531,0.05180531,a53e7b11698ad4ca5f0f44bad472c6365e11c836d5f08cd2295ae47662be0778
T1066,training,-0.0284,-0.0372,0.00000000,-0.0284|-0.0372,1,8813,train,-0.08694854,-0.08694854,9e95df6d055e59feced5f2538c3525ccd4f2069016fbe9677d074f165c103858
T1067,test,-0.0284,-0.0136,0.00000000,-0.0284|-0.0136,1,1752,train,-0.05236611,-0.05236611,eb500e3d03a096b1251f5af2608c770c72e7c1dded784aab2788ec8625c4a106
T1068,training,-0.0284,-0.0134,0.00000000,-0.0284|-0.0134,1,1381,train,-0.53510592,-0.53510592,51ffd07546d4656c87af9b3396c3ddcc2eeea7553b23ce924689d492c57b1c27
T1069,training,-0.0284,0.0134,0.00000000,-0.0284|0.0134,1,2029,train,0.53510592,0.53510592,549cb82f525a8057d6d7005dca46c207dd436f8428a6c1ea86e96b3f4243945d
T1070,training,-0.0284,0.0136,0.00000000,-0.0284|0.0136,1,1644,train,0.05236611,0.05236611,475be8c15b013a784e5d111c65fe81c35f5482dbab28597609e33057d32c90de
T1071,training,-0.0284,0.0372,0.00000000,-0.0284|0.0372,1,12323,train,0.08694854,0.08694854,69fe0dee9feca29d12b52627b66540011385f75e75aa1a238fe03fb082262611
T1072,training,-0.0283,-0.1471,0.00000000,-0.0283|-0.1471,2,8908;8909,train,-1.77448409,-1.77448409,4171fbafe25b099e5230b22bf82d5bfbf72dfbbca5061eb589cf2522200d8cd4
T1073,training,-0.0283,0.1471,0.00000000,-0.0283|0.1471,2,12310;12311,train;val_iid,1.77448409,1.77448409,af53132fd3c1c91f8e71d9eec440882da49225c06ec97387fe7d9217a362edc7
T1074,training,-0.0282,-0.0315,0.00000000,-0.0282|-0.0315,1,8400,train,0.08621309,0.08621309,9be36f922aba28ae8b3b9ce723839511381ec54d80e92feeb0a82806c9de249a
T1075,training,-0.0282,0.0315,0.00000000,-0.0282|0.0315,1,12018,train,-0.08621309,-0.08621309,859d467017ac53bfa1196efe03ab8567b7b7adfb0555211d4a178fec02b1581c
T1076,training,-0.0280,-0.0583,0.00000000,-0.0280|-0.0583,2,8080;8081,train;val_iid,1.08054986,1.08054986,0028ce4c930582f9ae75b8d4d60ae5668fef5a3a59a0626dd8add53d393e5513
T1077,training,-0.0280,-0.0154,0.00000000,-0.0280|-0.0154,1,2125,train,0.10365952,0.10365952,a041c3854918296c80ba79ceb09e3c1d9577a2efd7e57735271691d1c7c008f8
T1078,validation,-0.0280,0.0154,0.00000000,-0.0280|0.0154,1,1261,train,-0.10365952,-0.10365952,d1ad84bba398776623633816db0810a982c9b802bbc2178adfb596d51cb25052
T1079,training,-0.0280,0.0583,0.00000000,-0.0280|0.0583,2,11590;11591,train;test_iid,-1.08054986,-1.08054986,0c59a696be0c5c710b82b832701032e671e727c7dae75b4c8964c45aa60289f3
T1080,training,-0.0278,-0.0260,0.00000000,-0.0278|-0.0260,1,2175,train,0.01184901,0.01184901,5a46507ef54bb710911f3d2d3254c4af3f1542b1acf559fd7c427323dee28bc5
T1081,training,-0.0278,0.0260,0.00000000,-0.0278|0.0260,1,1203,train,-0.01184901,-0.01184901,c556758f5229cce0ebcecb8ba0ca748ca86436ab42fe89af4f3d37355b1f1353
T1082,training,-0.0277,-0.0374,0.00000000,-0.0277|-0.0374,1,8440,train,0.05433045,0.05433045,60271d4229858ec90ebc95f401662f5010656fb56e9cbfcc13a73770842af213
T1083,training,-0.0277,-0.0187,0.00000000,-0.0277|-0.0187,1,1360,val_iid,-0.41135257,-0.41135257,37364dd98ae274d597fd310262ec843dc1a26b9a6a8f078161693e2d9e6547d4
T1084,training,-0.0277,0.0187,0.00000000,-0.0277|0.0187,1,2008,train,0.41135257,0.41135257,c9029b3bf49d16b5a8adab8965f648744055653d8e4e8738b27c7b2ceec4514c
T1085,training,-0.0277,0.0374,0.00000000,-0.0277|0.0374,1,11950,train,-0.05433045,-0.05433045,3676c61d031db5a1bd37068016e2b6a22b5f4fd1ca85edca20e690a39e2a21a1
T1086,training,-0.0276,-0.0264,0.00000000,-0.0276|-0.0264,1,1872,train,-0.22827091,-0.22827091,3ab1aa781bd5c431131e71b1900b615c6c96c71d3a8b2359bfbf544ef0b2f911
T1087,test,-0.0276,0.0264,0.00000000,-0.0276|0.0264,1,1548,train,0.22827091,0.22827091,e90faef25c069942eb1f151a367abf627ed8708fe34ad539ee49c1b158933cd8
T1088,test,-0.0274,-0.1415,0.00000000,-0.0274|-0.1415,1,8897,val_iid,-1.69611149,-1.69611149,e62519ebd38d64a99be6fe963e45fc32b46b08ee36125ffe3e5d8100fb1d890d
T1089,training,-0.0274,-0.0152,0.00000000,-0.0274|-0.0152,1,2130,train,0.09795586,0.09795586,2ace615fae4760915ae2ad90dac675e4b179499ac2ed82b44eaa9d99a4e767a7
T1090,training,-0.0274,0.0152,0.00000000,-0.0274|0.0152,1,1266,train,-0.09795586,-0.09795586,ae51363b8c0916288407ea1aa6a6405a13c5ed9b72ebb873773a2bc47dbf412a
T1091,training,-0.0274,0.1415,0.00000000,-0.0274|0.1415,1,12299,train,1.69611149,1.69611149,1de975de0d2178af2b835952e82a093274966ca76b96a300c28ba6cc29329d7d
T1092,training,-0.0273,0.0000,0.00000000,-0.0273|0.0000,1,1689,test_iid,-0.00000000,-0.00000000,12942b8b5f338231d5758243b906d5df6182e404ad49cfc9c2a7fe176cea06d1
T1093,training,-0.0272,-0.1412,0.00000000,-0.0272|-0.1412,1,8896,train,-1.69627880,-1.69627880,99e8914a6b9a2c8530b6c1cd6ea9359af713fbd1e0e11f5cbfddc93614468ab7
T1094,validation,-0.0272,-0.0355,0.00000000,-0.0272|-0.0355,4,8042;8043;8044;8045,train;val_iid,0.94848555,0.94848555,d7757b91d5b9e9c163265acee65dbb49214392bf5b42bd46d6ede2c9d1e2e5c6
T1095,validation,-0.0272,-0.0243,0.00000000,-0.0272|-0.0243,1,2184,test_iid,0.02146537,0.02146537,d18971cf263e528602f64684d91359630a8c0ec66f73f44e332e9e58a38dbb62
T1096,training,-0.0272,-0.0216,0.00000000,-0.0272|-0.0216,1,1452,train,-0.73628297,-0.73628297,b3ab01a8f44e2382ae2fc667e4dc3883abc038eae0ad677de14b36f3a9933dda
T1097,training,-0.0272,-0.0210,0.00000000,-0.0272|-0.0210,1,1447,train,-0.72821873,-0.72821873,1db7a30197c83cb12184777d6ad9695f7b2ec97222ed17f0b972393ce4bc8f32
T1098,training,-0.0272,0.0210,0.00000000,-0.0272|0.0210,1,1987,train,0.72821873,0.72821873,02ad78650dc3399306232e06cc9d5b07f3d317737ef891a41a688287e61a494f
T1099,training,-0.0272,0.0216,0.00000000,-0.0272|0.0216,1,1992,train,0.73628297,0.73628297,3f4fa0cda02550ae39aa53a19470ee72b2b3a15dfa033eb258a887fff6537238
T1100,training,-0.0272,0.0243,0.00000000,-0.0272|0.0243,1,1212,train,-0.02146537,-0.02146537,495b3f72b8b7397686194747a60f5c72e0c8d229a61fe153a96f18903d9446a7
T1101,training,-0.0272,0.0355,0.00000000,-0.0272|0.0355,4,11660;11661;11662;11663,train,-0.94848555,-0.94848555,54d455d68e21857a2b98e318c1321d3fa68837695bde6fa9c0a8bf4723abf2e8
T1102,training,-0.0272,0.1412,0.00000000,-0.0272|0.1412,1,12298,train,1.69627880,1.69627880,b449bc598a5fb9ac236dae0fa04e3aeffca33e930b37bb22049f455327397198
T1103,training,-0.0271,-0.0362,0.00000000,-0.0271|-0.0362,2,8038;8039,train,0.96748528,0.96748528,af2315f576d6b3a9d04eb2855b405b9407b3d08d726c7e16482f8be22ef64318
T1104,training,-0.0271,-0.0233,0.00000000,-0.0271|-0.0233,1,1801,val_iid,-0.08984258,-0.08984258,376d2a740d6d7d759c51d97b4fd4764b3163ee2f6ac0e2f9899defbe19842517
T1105,training,-0.0271,-0.0031,0.00000000,-0.0271|-0.0031,1,2071,train,0.28860087,0.28860087,c8f0b1e8fc666db728c4d9a8112b634bcce3cff0dda25e344504dbe3e31ac076
T1106,test,-0.0271,0.0031,0.00000000,-0.0271|0.0031,1,1315,train,-0.28860087,-0.28860087,ff15867923dea2bc8d936d8341322b9676d803a10fb7e8839e36eb5b96bbbade
T1107,training,-0.0271,0.0233,0.00000000,-0.0271|0.0233,1,1585,train,0.08984258,0.08984258,2192eab9e7295c5a97182baecd384546c2f4e2bd265968737ac9b908d4291280
T1108,training,-0.0271,0.0362,0.00000000,-0.0271|0.0362,2,11656;11657,train,-0.96748528,-0.96748528,197e2741597be41d4595b41700aaceb992f82c44c97ed3ef20ec51a1f9582c23
T1109,training,-0.0270,-0.0360,0.00000000,-0.0270|-0.0360,1,8037,train,0.96263599,0.96263599,3a5d04ac3a2f87d90dfbcff761bc70e48e216d45bb410e9795827ba6ed517429
T1110,training,-0.0270,-0.0251,0.00000000,-0.0270|-0.0251,1,1797,train,-0.05972147,-0.05972147,758aee434996afd96329171f6ca0ec3acb869856234d0410d69ef1afa842169b
T1111,training,-0.0270,0.0251,0.00000000,-0.0270|0.0251,1,1581,val_iid,0.05972147,0.05972147,1e9beb8b31606c6542faa70729fd172e6728585f1cdfa351a5c6550d52c050db
T1112,training,-0.0270,0.0360,0.00000000,-0.0270|0.0360,1,11655,train,-0.96263599,-0.96263599,be64e932cb4952734f31e9fb4e119d4ca8e77a2235f5cf83fe6dbbdbff161492
T1113,test,-0.0269,-0.0358,0.00000000,-0.0269|-0.0358,1,8036,train,0.95757480,0.95757480,edc6a9a07b4f0208500c19259e5fd8da1eeef546f36277ad6e421d1e54da8a79
T1114,training,-0.0269,-0.0339,0.00000000,-0.0269|-0.0339,1,8818,train,-0.07457280,-0.07457280,6be56f491e49abd0259d7fc436808e000ed358e47dc965f0b05998a765a2eef9
T1115,training,-0.0269,0.0339,0.00000000,-0.0269|0.0339,1,12328,train,0.07457280,0.07457280,7a74b755d60c67633a06f9442265dbfb8d45555c5c366b2c610deeb483cf377c
T1116,training,-0.0269,0.0358,0.00000000,-0.0269|0.0358,1,11654,train,-0.95757480,-0.95757480,88fd7968bf698aaca2f7c432346b698f4bbf644e54144891fb3c2fa103c3ad42
T1117,training,-0.0267,-0.0362,0.00000000,-0.0267|-0.0362,1,8807,train,-0.09049966,-0.09049966,61565929db53f9f3af07305ca9fb6545bd45a040f3af0884733624b04b5d74c1
T1118,training,-0.0267,0.0362,0.00000000,-0.0267|0.0362,1,12317,train,0.09049966,0.09049966,9e35f60fd09b9e6daf2df8f12c2bff3aac0655ad96cef075428a6f0b228aeaa2
T1119,training,-0.0266,-0.0599,0.00000000,-0.0266|-0.0599,1,8075,train,1.15389245,1.15389245,0005dc7b50ae9b282cfdf405400279be6e9e7a03a675a3cbd1caac6b7778903e
T1120,training,-0.0266,-0.0596,0.00000000,-0.0266|-0.0596,1,8074,train,1.15016633,1.15016633,bd1cab54486173e2705bdf91042836760cd7956cfd82068f83a9b50dd82b0c05
T1121,training,-0.0266,0.0596,0.00000000,-0.0266|0.0596,1,11584,train,-1.15016633,-1.15016633,73fd4f8be56afc12c96fab9134d8dcaa8d59cefd5dc8583ae26892524a630a0f
T1122,training,-0.0266,0.0599,0.00000000,-0.0266|0.0599,1,11585,train,-1.15389245,-1.15389245,b6a2c8f7e5124bf683674f8d741960af1bc9e5200ab92c3d3e83f0879cd92b43
T1123,test,-0.0265,-0.0262,0.00000000,-0.0265|-0.0262,1,2229,train,-0.02667762,-0.02667762,edd9c85ae399f9472ce89b12de15aab92bad408dc198f441e25716a753911440
T1124,training,-0.0265,-0.0237,0.00000000,-0.0265|-0.0237,1,2179,train,0.01952059,0.01952059,52c3d785fe1a994fcd1ec91f235a6f5b5fab3e3dc87f8529adafb08f72c95204
T1125,training,-0.0265,0.0237,0.00000000,-0.0265|0.0237,1,1207,train,-0.01952059,-0.01952059,7b5e220540477279d03469ddec3fc0a54b809e7ed497e3527b3a111027418369
T1126,training,-0.0265,0.0262,0.00000000,-0.0265|0.0262,1,1149,val_iid,0.02667762,0.02667762,3d1a893b31ec2dae61a912c929e538ff3e4a10f39da4041a754b3fec9babbf3e
T1127,training,-0.0264,-0.0276,0.00000000,-0.0264|-0.0276,1,8352,test_iid,0.22827091,0.22827091,c86ea402b3e08d945f18148c2da34b7152e8ad3ef5bb7a149cf278d4b1cd4b20
T1128,training,-0.0264,-0.0229,0.00000000,-0.0264|-0.0229,1,1806,test_iid,-0.08432636,-0.08432636,b277580545aa114b99121b2507366641a4961c7431a0677d608c2973033e43e6
T1129,validation,-0.0264,-0.0210,0.00000000,-0.0264|-0.0210,1,1431,train,-0.65798194,-0.65798194,d7f2bbaf4ca741992433ad194831305decd0cebc94e9673a23453e38c8cbd153
T1130,training,-0.0264,0.0210,0.00000000,-0.0264|0.0210,1,1971,train,0.65798194,0.65798194,7dd5b4a50e380a73c9e8c550720965631eab0a07255b698b04288a8b138c5672
T1131,validation,-0.0264,0.0229,0.00000000,-0.0264|0.0229,1,1590,test_iid,0.08432636,0.08432636,d7a80cbac54e7df44e5a58d2b4f4e219bda93828b5dd114c0a8d67a14f2f0a57
T1132,training,-0.0264,0.0276,0.00000000,-0.0264|0.0276,1,12078,train,-0.22827091,-0.22827091,aefd24e02ba7ca0abc4f217d1163dbea6ffca15af19f0ce2e1c79eab0d0ea490
T1133,training,-0.0263,-0.0568,0.00000000,-0.0263|-0.0568,1,8466,train,0.11751958,0.11751958,142a04fb19bccb452f796f85be250f84da6b506f791db6e9e0003e4b0c749102
T1134,validation,-0.0263,0.0568,0.00000000,-0.0263|0.0568,1,11976,train,-0.11751958,-0.11751958,de39b6dd5b9ced4e49e44aac929acb2f9b9c2c24beb845f49080c91986e11bfc
T1135,training,-0.0262,-0.0265,0.00000000,-0.0262|-0.0265,1,8709,test_iid,0.02667762,0.02667762,03535242503d4e817ab12b6561f174955ac6c31f9204f00e195db90dd74d4d2c
T1136,training,-0.0262,-0.0171,0.00000000,-0.0262|-0.0171,1,1354,train,-0.39957628,-0.39957628,0eec089165a49ea6df6786fbb071f41076f450a6bcf4ad9fa3c52bd20c56543a
T1137,test,-0.0262,0.0171,0.00000000,-0.0262|0.0171,1,2002,train,0.39957628,0.39957628,e6647f4317c7ce147987c3f95fa0af29c848e69b8b02313032f25ab1c3c87f0e
T1138,training,-0.0262,0.0265,0.00000000,-0.0262|0.0265,1,12435,train,-0.02667762,-0.02667762,4897c50efae0ca304b5ac3a2ba17bab171de4456f2c514e3ad7c33adc3b23268
T1139,training,-0.0261,-0.0567,0.00000000,-0.0261|-0.0567,1,8461,train,0.11464574,0.11464574,0a5b2bb29914f2b164f495a72bc26dfb76c45880d1a7418b6a71a118e03fa876
T1140,validation,-0.0261,0.0567,0.00000000,-0.0261|0.0567,1,11971,train,-0.11464574,-0.11464574,d2628e051eb9b257cc897ad582483bdadfeb30bc495f9fa61db6f66a25c466b2
T1141,training,-0.0260,-0.0278,0.00000000,-0.0260|-0.0278,1,8763,val_iid,-0.01184901,-0.01184901,5531d1565fcea644248a7f8e0220adbf4b043646e58f8818f1afdf754f7e0605
T1142,training,-0.0260,0.0278,0.00000000,-0.0260|0.0278,1,12381,test_iid,0.01184901,0.01184901,2de0101bad4b250614bc0c059b2896cbdb430950b9ae24f72bfd7dbc237e0539
T1143,training,-0.0258,-0.0350,0.00000000,-0.0258|-0.0350,2,8032;8033,train,0.93509911,0.93509911,64c9dc3b6e39e211c9492ca85d19353e0869811660d08b1a1485125364adcb5d
T1144,training,-0.0258,-0.0236,0.00000000,-0.0258|-0.0236,1,1791,train,-0.06378122,-0.06378122,50d786abeb7fe6d577fcc794b6cbcd70c91588d80aa2776474b24452ec398327
T1145,training,-0.0258,0.0236,0.00000000,-0.0258|0.0236,1,1575,train,0.06378122,0.06378122,bd4a5bc4fc81106bf4aaf2630269d62eb40777ef94c658ba3b690c22aa48a49f
T1146,training,-0.0258,0.0350,0.00000000,-0.0258|0.0350,2,11650;11651,train,-0.93509911,-0.93509911,0372002dc92efaf5528b19ef36959ee714585cf46dbbeab76b2c09f6200b2299
T1147,training,-0.0257,-0.0375,0.00000000,-0.0257|-0.0375,1,8434,test_iid,0.05680036,0.05680036,75cb05dfa77c35f14983bfc0b956ab10b11f30e29b994794b88509cbef8f3dba
T1148,training,-0.0257,-0.0177,0.00000000,-0.0257|-0.0177,1,1743,train,-0.03592108,-0.03592108,6454ca65a2dfbf83c0e622f82e6e5abe8df6f2498b9e0aea59048ebe2dd6448c
T1149,training,-0.0257,-0.0161,0.00000000,-0.0257|-0.0161,1,1737,val_iid,-0.03999756,-0.03999756,a0bad705b5df8e1b6d32cc1c33ad788a254253fba2f0ac9cf40976d3330b796b
T1150,training,-0.0257,0.0000,0.00000000,-0.0257|0.0000,1,1683,train,-0.00000000,-0.00000000,5cf81458135e3ae2a830ecae86a311ec570ae1e3e6d2f30bd8534cf6445e1e7e
T1151,training,-0.0257,0.0161,0.00000000,-0.0257|0.0161,1,1629,train,0.03999756,0.03999756,50adc8ca95c4def8bab1c98501ab649322b61f1c7a1298102a3b9674b616e21f
T1152,training,-0.0257,0.0177,0.00000000,-0.0257|0.0177,1,1635,train,0.03592108,0.03592108,694f44e87de318e40935acf5624fbb26fdfc17d10951e66a9ba18bb093f262fa
T1153,training,-0.0257,0.0375,0.00000000,-0.0257|0.0375,1,11944,train,-0.05680036,-0.05680036,9e8908b3e28386bf62f915bd9a75e0bb45fe1c249010a1d53dd4c33798982ff7
T1154,training,-0.0256,-0.0199,0.00000000,-0.0256|-0.0199,1,1446,train,-0.68687028,-0.68687028,0fbf44e8f3a42e0674042bc6c786550ca53116ae60371db746fb05cac78be4ac
T1155,training,-0.0256,-0.0196,0.00000000,-0.0256|-0.0196,1,1441,train,-0.68710982,-0.68710982,a7c77967088f5afbe2785fcb436f75da12365e18b81ef42f4b3306544a294d1d
T1156,training,-0.0256,0.0196,0.00000000,-0.0256|0.0196,1,1981,train,0.68710982,0.68710982,7663bda45d38fc2f1d5dca8505548a0eced1ad4bd27ed407150234f6798e8e33
T1157,training,-0.0256,0.0199,0.00000000,-0.0256|0.0199,1,1986,test_iid,0.68687028,0.68687028,28bc08ee9e7266484eb647d4520211c3d166315d413892c5cd493e83053397e7
T1158,training,-0.0255,-0.0571,0.00000000,-0.0255|-0.0571,1,8069,train,1.08708110,1.08708110,6c983dd461aa7515c1c3ee2f4d63ab88b8e4eda66caa03b263af21b8d48cbec6
T1159,test,-0.0255,-0.0338,0.00000000,-0.0255|-0.0338,1,8812,train,-0.07907943,-0.07907943,f65a1da7bd152499923d1fa742a427b1f62ff242bb0eed8208082300f7ac3d4b
T1160,training,-0.0255,0.0338,0.00000000,-0.0255|0.0338,1,12322,train,0.07907943,0.07907943,2ca201cd384b9469de59cb3afd7a78536eb8901cdaf37b257b07c5261c3a333c
T1161,test,-0.0255,0.0571,0.00000000,-0.0255|0.0571,1,11579,val_iid,-1.08708110,-1.08708110,eb8694e8966ee4010ae458714602be73e6854530a6ff133b3465b9c6219f779c
T1162,training,-0.0254,-0.0568,0.00000000,-0.0254|-0.0568,1,8068,train,1.08931575,1.08931575,2db8562d51fd1a052905522a88ebbeadae9903a0cc46fddf2af993d53ee9b3bc
T1163,validation,-0.0254,-0.0236,0.00000000,-0.0254|-0.0236,1,2169,train,0.01321902,0.01321902,d03095fdde5a58d6958a79860d096b5597b2fb64f7aa09f7104dd14d722e0ad7
T1164,validation,-0.0254,-0.0110,0.00000000,-0.0254|-0.0110,1,1375,train,-0.48321808,-0.48321808,d3f64beddb30bddca9d9bd99a844821fddac24f17add6fd4e0155d14974f9f61
T1165,training,-0.0254,0.0110,0.00000000,-0.0254|0.0110,1,2023,train,0.48321808,0.48321808,5ef55040545f76d801bdeba6268929763b815a875c7f3886bf7e6ba244b795ba
T1166,training,-0.0254,0.0236,0.00000000,-0.0254|0.0236,1,1197,train,-0.01321902,-0.01321902,08b59ccc1d6a4ed8923e02a5b3511e6389d3f46be5c38dcd7e548811462a8441
T1167,training,-0.0254,0.0568,0.00000000,-0.0254|0.0568,1,11578,test_iid,-1.08931575,-1.08931575,c0d3adf67b3b2a8dcf9d82b620dc4362bd3df20407f64cdb99d1657045c3b9b2
T1168,training,-0.0253,-0.0362,0.00000000,-0.0253|-0.0362,1,8429,train,0.05180848,0.05180848,8cca2a97b721135458176bfb99d39eed4b81cbfc85c15bc0752335cba474d879
T1169,training,-0.0253,-0.0250,0.00000000,-0.0253|-0.0250,1,2233,test_iid,-0.01900401,-0.01900401,30f5e9cd7861b0487b20c902874de278c043d6965bdfde3ac4aa42b884c09e13
T1170,training,-0.0253,0.0250,0.00000000,-0.0253|0.0250,1,1153,train,0.01900401,0.01900401,c9ae385faa1c1103c3942c6b8db1b06f6969408140107799166a52e61471049c
T1171,training,-0.0253,0.0362,0.00000000,-0.0253|0.0362,1,11939,train,-0.05180848,-0.05180848,46d5b3d24b37e407334dc63eba6b1fd35bcf6521145f12d6d7a32f516b36ed9c
T1172,training,-0.0252,-0.0201,0.00000000,-0.0252|-0.0201,1,1425,train,-0.63868785,-0.63868785,4b91c4c4592b1e97f2686b0b9f9cf268ae4b5b46d1ded30034d9ba941fd32338
T1173,training,-0.0252,0.0201,0.00000000,-0.0252|0.0201,1,1965,train,0.63868785,0.63868785,7576f7be112534eaf61beb7b0ea8633f4d3e5be4a1bd6e176a0118c7b5f4785d
T1174,training,-0.0251,-0.0270,0.00000000,-0.0251|-0.0270,1,8385,train,0.05972147,0.05972147,0207b2dc4a95794c5b0e9c6e45bb12d9425ab88e8b8f4e521ed292a3afe65b02
T1175,training,-0.0251,-0.0244,0.00000000,-0.0251|-0.0244,1,1861,train,-0.16019970,-0.16019970,251e7de6ca41004043940f8b98a2e9185c1f7de963dd38558fea422dc7c89cf4
T1176,training,-0.0251,0.0244,0.00000000,-0.0251|0.0244,1,1537,train,0.16019970,0.16019970,a98fd7b187de1fa29675f3f66d1206a7d2577bc4e1bc0a0531c22464971dbe8c
T1177,training,-0.0251,0.0270,0.00000000,-0.0251|0.0270,1,12003,train,-0.05972147,-0.05972147,95ae2a6d83e13f42a99f86f872b7ede18fdc47cdc28cbce97e2ddccb3556b27a
T1178,training,-0.0250,-0.0253,0.00000000,-0.0250|-0.0253,1,8713,train,0.01900401,0.01900401,0b87a12be4b0dfb684a127d3eaeaea85333e5f0a2ba198e8ee7f11453b4e5d04
T1179,training,-0.0250,-0.0246,0.00000000,-0.0250|-0.0246,1,2238,train,-0.01832568,-0.01832568,38be18fe08e4a9d4a41cb383109733482c1280f4875f3caf02921dddc7deb581
T1180,training,-0.0250,0.0246,0.00000000,-0.0250|0.0246,1,1158,train,0.01832568,0.01832568,0167a3d6f854d3a73bd5f4bd84bd3ddc7e139e93e9688b39328855bca7d1c1b5
T1181,training,-0.0250,0.0253,0.00000000,-0.0250|0.0253,1,12439,train,-0.01900401,-0.01900401,c06428b612754f9697764991eb93cfb36269cafb8ac6cf5e02059c16bac079cd
T1182,training,-0.0247,-0.0241,0.00000000,-0.0247|-0.0241,1,1866,train,-0.14251333,-0.14251333,80b3e077d3918235cc7e2726bd70ce4918c7e7c8a362cd99c0f1ceb1ca1dfb9c
T1183,test,-0.0247,0.0241,0.00000000,-0.0247|0.0241,1,1542,test_iid,0.14251333,0.14251333,f9cab507285333e3a9f88915fdea8f566b567ae2ab0c617b29ff0a3ce65f8017
T1184,test,-0.0246,-0.0696,0.00000000,-0.0246|-0.0696,2,8098;8099,train,1.41316419,1.41316419,f47b2db624f994158b3b9f8a33521609770d96528a768bf5d1b9e7159d9249e5
T1185,training,-0.0246,-0.0689,0.00000000,-0.0246|-0.0689,1,8097,train,1.39854635,1.39854635,51889eba44c50c369961b8a821fbfb6ba016f0d577092c99d8df5c6fe6a772f6
T1186,training,-0.0246,-0.0326,0.00000000,-0.0246|-0.0326,1,8031,val_iid,0.86545196,0.86545196,6d9336736d97ef82b1e22ab97be037f77c294008e426fc5170b9770750bfc52f
T1187,training,-0.0246,-0.0250,0.00000000,-0.0246|-0.0250,1,8718,train,0.01832568,0.01832568,867fcfb48b6db376448396871bd83743473156878c55991844bf8c965ce1cb7e
T1188,training,-0.0246,-0.0029,0.00000000,-0.0246|-0.0029,1,2076,train,0.26350496,0.26350496,050202b40f6bc949bb434054859870331ad0ce58de4981e9f05e6c4e710a81d6
T1189,training,-0.0246,0.0029,0.00000000,-0.0246|0.0029,1,1320,test_iid,-0.26350496,-0.26350496,68eb7cf257c26eee9fe77421062f9735dc2ebfc299d32d51337db8bbea60843d
T1190,training,-0.0246,0.0250,0.00000000,-0.0246|0.0250,1,12444,test_iid,-0.01832568,-0.01832568,67aea42cb61568d937d321bfddee28869b24219a5556eb575485acebc6455009
T1191,training,-0.0246,0.0326,0.00000000,-0.0246|0.0326,1,11649,train,-0.86545196,-0.86545196,7727e2a3814a4ae4eb5a0f0051a7d4f6ac08d3b6039a93daf1abbe74ff0b6971
T1192,training,-0.0246,0.0689,0.00000000,-0.0246|0.0689,1,11607,val_iid,-1.39854635,-1.39854635,36f6fd81a3e98dca504b23dadc41cb2e683aa5f2b67afe0df4331f897e96d596
T1193,training,-0.0246,0.0696,0.00000000,-0.0246|0.0696,2,11608;11609,train,-1.41316419,-1.41316419,acc68a5cae7788946abf1379831a1b178d8a6e146f73a7eaad1281cff2f52999
T1194,training,-0.0245,-0.0681,0.00000000,-0.0245|-0.0681,1,8096,train,1.38416153,1.38416153,565476fdbe257923660d882ebf638e051776633e87c446986a4abbff51f0d57b
T1195,training,-0.0245,0.0681,0.00000000,-0.0245|0.0681,1,11606,train,-1.38416153,-1.38416153,af1d3a4443fa5720ee86d329168e80aa5de17575eec3cf42c34e128dda1c0bf8
T1196,training,-0.0244,-0.0323,0.00000000,-0.0244|-0.0323,1,8030,test_iid,0.85677545,0.85677545,5c2cbb16a26d1fb170f2f41d8f56baaf39952c889325fe3d222eadbc6a3d6f3e
T1197,training,-0.0244,-0.0251,0.00000000,-0.0244|-0.0251,1,8341,train,0.16019970,0.16019970,002076a4ab4aa503538b4b6aba5c84f30b434e934dc0e81d0438d31bea717eae
T1198,training,-0.0244,-0.0227,0.00000000,-0.0244|-0.0227,1,2174,train,0.01214275,0.01214275,44fa4fa5170e72db9e3bbafaba53178e91641321de78b93bd863e89f58c680b4
T1199,training,-0.0244,-0.0198,0.00000000,-0.0244|-0.0198,1,1436,train,-0.62433386,-0.62433386,01dc83d753bca4a10a3984746115a0313ea3f222577d315ff2399ce5f68569ef
T1200,training,-0.0244,0.0198,0.00000000,-0.0244|0.0198,1,1976,test_iid,0.62433386,0.62433386,5863ef87b3dadf24e3d56705e8787c9a2c1ed32d51212a64430374b0b4ea0f7d
T1201,training,-0.0244,0.0227,0.00000000,-0.0244|0.0227,1,1202,val_iid,-0.01214275,-0.01214275,8303020a5e545e9cab27e5be9ca0b118e14eb96e513732e792aeeb5bd8309e4b
T1202,training,-0.0244,0.0251,0.00000000,-0.0244|0.0251,1,12067,train,-0.16019970,-0.16019970,9f8e6cdf1c35985b2017965ded51ce3c0fec38d080c7aa8a7a4a96cdaf913bfe
T1203,training,-0.0244,0.0323,0.00000000,-0.0244|0.0323,1,11648,train,-0.85677545,-0.85677545,c54869da98e8f21bd3e06b452bea9520733815240025d8e620e945a65b80c8f3
T1204,training,-0.0243,-0.0272,0.00000000,-0.0243|-0.0272,1,8772,train,-0.02146537,-0.02146537,0b05251a945de68c74c71836c576f59d468d258a3f5930c531ef0dfa3ce5c096
T1205,training,-0.0243,-0.0239,0.00000000,-0.0243|-0.0239,1,1851,train,-0.09569942,-0.09569942,48a6487034d496a863057c6ca32067c2e464a0bcd56335ae3c90f816cac91d43
T1206,training,-0.0243,0.0239,0.00000000,-0.0243|0.0239,1,1527,train,0.09569942,0.09569942,52dea6c110b3f6e7824f963c90353386e1c3c6cd76e7b41aa06a4ac899f5b7f1
T1207,training,-0.0243,0.0272,0.00000000,-0.0243|0.0272,1,12390,val_iid,0.02146537,0.02146537,7ee5b7fbdf2acff96094da254e74b4e15e5de971daf34b9b8c7da47f79d22b89
T1208,training,-0.0242,0.0000,0.00000000,-0.0242|0.0000,1,1688,train,-0.00000000,-0.00000000,1a5294891212c256b00fd91380a6fa8313c9122519fbfedc9914f5f5653c974b
T1209,training,-0.0241,-0.0247,0.00000000,-0.0241|-0.0247,1,8346,train,0.14251333,0.14251333,8ac5954816bfaa7f293c8ee96b40ce015824650cb0f3634516475aa8fb1d053f
T1210,training,-0.0241,-0.0238,0.00000000,-0.0241|-0.0238,1,2223,test_iid,-0.01810230,-0.01810230,c9a5cb7677d2bc1cf05480631933f9349e293ac4a4dcb52fd648b5ca49d00727
T1211,training,-0.0241,-0.0223,0.00000000,-0.0241|-0.0223,1,1796,test_iid,-0.05123605,-0.05123605,bcd33e0c478f4bb0f891ba143d3fde8703f599ed1c7445b140adf6d1fec21907
T1212,training,-0.0241,-0.0012,0.00000000,-0.0241|-0.0012,1,2067,train,0.14475426,0.14475426,2a2c6f42163598076ee0958ab0fe5128a1a54d0c5406dddefeb657568e3a2827
T1213,training,-0.0241,0.0012,0.00000000,-0.0241|0.0012,1,1311,train,-0.14475426,-0.14475426,c41dee6b21d96828dbf91647555e9acf59fceabfc38830a807e0d5f970c55127
T1214,training,-0.0241,0.0223,0.00000000,-0.0241|0.0223,1,1580,train,0.05123605,0.05123605,0d84865c64e9b665239bf6e15c4adc8568cf48a6305f9496912751329c8e31f0
T1215,training,-0.0241,0.0238,0.00000000,-0.0241|0.0238,1,1143,train,0.01810230,0.01810230,79d498202a048763bdfb0ff8156e6ad2723340db79b87e490600737bd01d2922
T1216,training,-0.0241,0.0247,0.00000000,-0.0241|0.0247,1,12072,test_iid,-0.14251333,-0.14251333,757d88897ca728e2632fa9503a0e794ae6f753aa64f409f30a10b3804ba1062d
T1217,training,-0.0240,0.0000,0.00000000,-0.0240|0.0000,1,1677,train,-0.00000000,-0.00000000,9da190bfdf0b6c44688bb6f5aa164f2f0e5a9221435d9fa49cefde0314c22dca
T1218,training,-0.0239,-0.0331,0.00000000,-0.0239|-0.0331,1,8063,train,0.45781288,0.45781288,b12ba4a2a7c74f33eb9cde26244177a684d61afac71bb07eb699ae38dafc396d
T1219,training,-0.0239,-0.0243,0.00000000,-0.0239|-0.0243,1,8331,train,0.09569942,0.09569942,055dc802f60b1d52583d10f5bab1aadf712e8498160139d66623fdb57f35aa92
T1220,training,-0.0239,0.0243,0.00000000,-0.0239|0.0243,1,12057,train,-0.09569942,-0.09569942,0c611ae2766eae4d9ffb83830b8aaf6fc3c32519d783cfe62277900a1212c888
T1221,test,-0.0239,0.0331,0.00000000,-0.0239|0.0331,1,11573,train,-0.45781288,-0.45781288,f7851e1a485f5023ae2763ed05bd010206174f1d9746f8f9873d37be4bf6966b
T1222,training,-0.0238,-0.0241,0.00000000,-0.0238|-0.0241,1,8703,train,0.01810230,0.01810230,08b9121a0dd61844e2f1e2983f0368419298303586e6ff7dfd051c07f81310de
T1223,training,-0.0238,-0.0191,0.00000000,-0.0238|-0.0191,1,1424,test_iid,-0.61970707,-0.61970707,19c4a35e8d091f2dc060ee696ec6d9fcacacd8fcfd304795ae57dd18fd44a0a8
T1224,training,-0.0238,0.0191,0.00000000,-0.0238|0.0191,1,1964,train,0.61970707,0.61970707,a22ed1eb7ddcce55faad69a6c8883365cb234739b2ad28ebd1307801498e3b53
T1225,training,-0.0238,0.0241,0.00000000,-0.0238|0.0241,1,12429,train,-0.01810230,-0.01810230,ae2043b28858ddffe3affbb5ff01b4fae01557567868ea151e694c8eac49a0bb
T1226,training,-0.0237,-0.0682,0.00000000,-0.0237|-0.0682,2,8092;8093,train,1.39533387,1.39533387,6868104b448c42a99c7581cfbff30687cd6198c2bc9aa602729f626fb250fba7
T1227,training,-0.0237,-0.0327,0.00000000,-0.0237|-0.0327,1,8806,train,-0.08347019,-0.08347019,08d24b3e704a97ab2eec1156da314a4a99dab221fb3a8688bb626ad14be8fba3
T1228,test,-0.0237,-0.0265,0.00000000,-0.0237|-0.0265,1,8767,train,-0.01952059,-0.01952059,ec4d160df7c09ee3979b6e16941944dce9c4eda304fb5933a74ae4e58d0b8764
T1229,training,-0.0237,0.0265,0.00000000,-0.0237|0.0265,1,12385,train,0.01952059,0.01952059,3e44e580103212b6061346637552b1564aa95d61ada858ecfa9dc8df78410738
T1230,training,-0.0237,0.0327,0.00000000,-0.0237|0.0327,1,12316,train,0.08347019,0.08347019,b19ec41e5ce5bc04b120a173256dbcce5f8d02ec0847d3877946d3cb9779f2ca
T1231,training,-0.0237,0.0682,0.00000000,-0.0237|0.0682,2,11602;11603,train;val_iid,-1.39533387,-1.39533387,902c68b365bb0a0033e73c3e1a66c6b8395e335034f334d9c85e857b03fe2293
T1232,validation,-0.0236,-0.0258,0.00000000,-0.0236|-0.0258,1,8379,train,0.06378122,0.06378122,e1e4c9b281b854c59b3b1d6bdcf176fffad4f2eeb6f6869b25746badbdb08917
T1233,training,-0.0236,-0.0254,0.00000000,-0.0236|-0.0254,1,8757,test_iid,-0.01321902,-0.01321902,bd58cb40820c2ea83e6b2dee355c9920742c730882a74e6ba1f242c69613703a
T1234,training,-0.0236,-0.0105,0.00000000,-0.0236|-0.0105,1,1380,train,-0.45145639,-0.45145639,c73148cc326cbbdbf06dc3a835508802828c37c36a9e86723846f19796d91539
T1235,training,-0.0236,0.0000,0.00000000,-0.0236|0.0000,1,1692,train,-0.00000000,-0.00000000,30927bf647fa561024cb509516b2c7780d89b036476ec3db519c3f5747c054ec
T1236,training,-0.0236,0.0105,0.00000000,-0.0236|0.0105,1,2028,val_iid,0.45145639,0.45145639,2840d667987b3005c839b45d3662be6531d58428c8b7bd12f992492c050a5d81
T1237,training,-0.0236,0.0254,0.00000000,-0.0236|0.0254,1,12375,train,0.01321902,0.01321902,aa0967e09faa7798fee8b4bf97274411666c27791df6d7d9e83ae7ef27f5dd8d
T1238,training,-0.0236,0.0258,0.00000000,-0.0236|0.0258,1,11997,train,-0.06378122,-0.06378122,4f9d27072331a0744b405a5cefe42acbf10a861d39280332c0d962840c2a72f7
T1239,training,-0.0235,-0.0232,0.00000000,-0.0235|-0.0232,1,2228,train,-0.02202887,-0.02202887,090b1d95a0150a420a397f62e802cc6279785c530279d74d3acc0dd40fd94f9a
T1240,training,-0.0235,-0.0109,0.00000000,-0.0235|-0.0109,1,1746,test_iid,-0.04471322,-0.04471322,680b7fade2c615b20c2dc82a6dfd2326f4f1267029060dfd504c3e8e301b3f5c
T1241,validation,-0.0235,0.0109,0.00000000,-0.0235|0.0109,1,1638,train,0.04471322,0.04471322,e536ca34d229f4bc7f688b247e3d1c110503c5549150e077c2f2df4073bed487
T1242,training,-0.0235,0.0232,0.00000000,-0.0235|0.0232,1,1148,val_iid,0.02202887,0.02202887,491d4fcda500455637cf8bd89a84f932325f69ad02463696bc8fb48948798a8c
T1243,training,-0.0234,-0.0658,0.00000000,-0.0234|-0.0658,1,8091,train,1.31671054,1.31671054,1355d5ae9599f80a40320874f9b9c9e251824a5787da01ef791911435fab63d8
T1244,training,-0.0234,-0.0404,0.00000000,-0.0234|-0.0404,1,8833,train,-0.12192075,-0.12192075,8c58f6e85c977c5cd73549611250e5801d5d4ded9c0d94734ce668571d1a74bd
T1245,training,-0.0234,-0.0295,0.00000000,-0.0234|-0.0295,1,8041,val_iid,0.80365295,0.80365295,202114174147c2fbb6dfaf8362257951e93f0c93d13ecbc85a22c713da724bf9
T1246,training,-0.0234,-0.0191,0.00000000,-0.0234|-0.0191,1,1430,train,-0.60747734,-0.60747734,87948a9323feab0146d1b738cfe86770c44e73e4af8452f9f46e274731fbfcaf
T1247,training,-0.0234,0.0191,0.00000000,-0.0234|0.0191,1,1970,train,0.60747734,0.60747734,4edb77b7ecbab105a85da9ebf62f20662fec0ba8a9c852aa93bdf1062425afe3
T1248,training,-0.0234,0.0295,0.00000000,-0.0234|0.0295,1,11659,val_iid,-0.80365295,-0.80365295,52c875dccc6840ba074e7521b2706f805b398721a7bb4099eb2906e6727d3913
T1249,test,-0.0234,0.0404,0.00000000,-0.0234|0.0404,1,12343,train,0.12192075,0.12192075,e7ea60e5e549799c46746100ca18981354f00bf430ae0ee6cdc9cbaddbe8dba7
T1250,training,-0.0234,0.0658,0.00000000,-0.0234|0.0658,1,11601,test_iid,-1.31671054,-1.31671054,246b5076bbc7be0c7267d869d0abd38ba47bcf4e70be126aa8ee7461c479d247
T1251,training,-0.0233,-0.0271,0.00000000,-0.0233|-0.0271,1,8389,train,0.08984258,0.08984258,0a357ae16e42128c92610b26fca1589844b62ee0156ee9c532db2ece2e077fae
T1252,training,-0.0233,0.0271,0.00000000,-0.0233|0.0271,1,12007,train,-0.08984258,-0.08984258,18c35056ab0b3895e2d5e17a29b50774158813807e2d7e26448c3caf9ce821c6
T1253,test,-0.0232,-0.0608,0.00000000,-0.0232|-0.0608,1,8090,train,1.23702010,1.23702010,f826d0ca267d48c4ebe98e788fdb6fb4b157db8cef87dadbe0aee2de68a372e9
T1254,training,-0.0232,-0.0235,0.00000000,-0.0232|-0.0235,1,8708,train,0.02202887,0.02202887,8b8f4f8eeee93ec5daad6a3851dc050678d62b2dd1cf549b2457e32ac2ce1e90
T1255,training,-0.0232,-0.0210,0.00000000,-0.0232|-0.0210,1,1785,val_iid,-0.05793324,-0.05793324,609b0e87a9adc84a3a4506823dd100f2a5399adaf742d99776d022fdcd3fba90
T1256,training,-0.0232,-0.0178,0.00000000,-0.0232|-0.0178,1,1440,train,-0.62635014,-0.62635014,c3c9676311c1091663db3535a2591685a50d3e396fbc2b08d67dd5f43aad695f
T1257,training,-0.0232,0.0178,0.00000000,-0.0232|0.0178,1,1980,train,0.62635014,0.62635014,23537b0b80916e28f9089dfb21169aff8ad772dd077e4d20aa413d61c27e867f
T1258,training,-0.0232,0.0210,0.00000000,-0.0232|0.0210,1,1569,val_iid,0.05793324,0.05793324,ae4a2e3105e7fa18fd2e42e74c7a213f293909f3a320a3ccf1d35c8662c782e8
T1259,training,-0.0232,0.0235,0.00000000,-0.0232|0.0235,1,12434,train,-0.02202887,-0.02202887,647a5fe4f3c2a6582701b81a33eca6ad0f809e87832ab6e3792441e3d122fad9
T1260,training,-0.0232,0.0608,0.00000000,-0.0232|0.0608,1,11600,train,-1.23702010,-1.23702010,528b6b201b08a23f32c826cca8a333c178592151bb08a0563186e59048a67c94
T1261,training,-0.0231,-0.0296,0.00000000,-0.0231|-0.0296,2,8026;8027,train,0.72377232,0.72377232,54fb211517bfd9497e40afca77f7f1edc03d247c171f05f697b7f4fcb6225acb
T1262,validation,-0.0231,-0.0174,0.00000000,-0.0231|-0.0174,1,2121,test_iid,0.05436720,0.05436720,ce8571ed5a373411f5ffec722bbc56ae41109f116fa0d0697edefbb34d38e807
T1263,test,-0.0231,-0.0161,0.00000000,-0.0231|-0.0161,1,2115,train,0.05994881,0.05994881,f2f2230659e30f33efaf766158a420f533a8c3d5e733f5aa9142bdf7d8778791
T1264,training,-0.0231,-0.0154,0.00000000,-0.0231|-0.0154,1,1742,train,-0.03255734,-0.03255734,532976aa9a479c2f93f38ac51550541d241e00106b9f25a8d7aadd2ffb5a50f8
T1265,training,-0.0231,0.0154,0.00000000,-0.0231|0.0154,1,1634,train,0.03255734,0.03255734,acc838a38b1be243b269bfcdc6102b82db45da552020c6f14a810b2edec56882
T1266,training,-0.0231,0.0161,0.00000000,-0.0231|0.0161,1,1251,test_iid,-0.05994881,-0.05994881,c430d581f9ab9b5e437d0fe147e4306095f6ffbcbba96605de0ab883cfe0c434
T1267,training,-0.0231,0.0174,0.00000000,-0.0231|0.0174,1,1257,test_iid,-0.05436720,-0.05436720,84fe3a496bd46caef870520b01e5ca10acc36caac4293722932b78356c64c078
T1268,training,-0.0231,0.0296,0.00000000,-0.0231|0.0296,2,11644;11645,train,-0.72377232,-0.72377232,bcc9c6078e61c159324e83e0de4d6b488abb97bd80d8e7de83898eaf77cf1058
T1269,training,-0.0229,-0.0293,0.00000000,-0.0229|-0.0293,1,8025,train,0.71653920,0.71653920,4655290f4848f548a381c8145c20f52234b64eec498afb0a8698b88369dc0ad6
T1270,training,-0.0229,-0.0292,0.00000000,-0.0229|-0.0292,2,8020;8021,train;val_iid,0.70380851,0.70380851,44a7a37f2b0e38cff91dc9a8a5f00598a18fdb0549fa5ad3342b65e0f58331ff
T1271,training,-0.0229,-0.0264,0.00000000,-0.0229|-0.0264,1,8394,val_iid,0.08432636,0.08432636,c8f44c77d3060212720f2f2a737cd5ee915c6af44a7c29bc79f630ecae38974d
T1272,training,-0.0229,-0.0139,0.00000000,-0.0229|-0.0139,1,1736,train,-0.03631831,-0.03631831,6afb03d9e8843aa8bd61b505530433e32f43f34706f1b934b766a81223a23756
T1273,training,-0.0229,0.0139,0.00000000,-0.0229|0.0139,1,1628,train,0.03631831,0.03631831,4ff156e05fc7c74b89881178245ee78324e34f7fd927461101cbd38abe9f83eb
T1274,validation,-0.0229,0.0264,0.00000000,-0.0229|0.0264,1,12012,test_iid,-0.08432636,-0.08432636,e0299d95b1f1e594338efbed81131265a53bbfb98a6f24852e2f1e841520af32
T1275,training,-0.0229,0.0292,0.00000000,-0.0229|0.0292,2,11638;11639,train,-0.70380851,-0.70380851,b46da21feb09180737b149192e39ebe2d4a14aec0375ff0be6724c85794b85e6
T1276,training,-0.0229,0.0293,0.00000000,-0.0229|0.0293,1,11643,test_iid,-0.71653920,-0.71653920,96ed0118829bda6ba3dc433bc932a3f42a5c48c8e0654cf61692e9b2873f1b5d
T1277,training,-0.0228,-0.0651,0.00000000,-0.0228|-0.0651,2,8086;8087,train,1.26499030,1.26499030,4a443ef54b6d3d86b743d79bd25db8d95c4de2cd8349c71a7ea3f526647baaec
T1278,test,-0.0228,-0.0416,0.00000000,-0.0228|-0.0416,1,8838,train,-0.18608000,-0.18608000,ee85ef094684b6a67fc0fa1ea82b21b2348b6d193dd827312609be3f7da87808
T1279,training,-0.0228,-0.0211,0.00000000,-0.0228|-0.0211,1,2163,train,0.01238339,0.01238339,25a2369982190d645a7b545d524c590076af24c12b9b8b0fbeb64c0d3a0afb45
T1280,training,-0.0228,0.0211,0.00000000,-0.0228|0.0211,1,1191,train,-0.01238339,-0.01238339,9d9bf7b7016da96bc9e65dd6244a6ad9f3d82d333bae870562a96b1661840c42
T1281,training,-0.0228,0.0416,0.00000000,-0.0228|0.0416,1,12348,train,0.18608000,0.18608000,382991d2b9bf0ccc3d56c87a7cb1fe279bad151cea931beac316ad929f4d3853
T1282,training,-0.0228,0.0651,0.00000000,-0.0228|0.0651,2,11596;11597,train,-1.26499030,-1.26499030,42a7e419d949fe28afc9ce7862fbb97cc2419b9d2acbee707b653120c2dd5336
T1283,validation,-0.0227,-0.0244,0.00000000,-0.0227|-0.0244,1,8762,train,-0.01214275,-0.01214275,d0a181c8d67a9d6f2fade0bcb1c4a0c22148a9bc1ce945c4aef938f5dce3a044
T1284,training,-0.0227,-0.0207,0.00000000,-0.0227|-0.0207,1,1790,train,-0.05641081,-0.05641081,44b4f9e075c7abe58306921bd767f340bec44ab44138d133499e9c5e98c0e321
T1285,training,-0.0227,0.0000,0.00000000,-0.0227|0.0000,1,1682,train,0.00000000,0.00000000,04745f2e68f2381793c59f3d866ce7205bef100d912ed9539e89d69b2b292af9
T1286,training,-0.0227,0.0207,0.00000000,-0.0227|0.0207,1,1574,train,0.05641081,0.05641081,09e0d516492222f135f5a5afa35359f1591d6bc0588a75a68f320fbfdf1f22ed
T1287,training,-0.0227,0.0244,0.00000000,-0.0227|0.0244,1,12380,train,0.01214275,0.01214275,403f86ef6c766050b9ed4caace2859bac616dfe5a4e1849db99cedaa03e7312f
T1288,training,-0.0226,-0.0625,0.00000000,-0.0226|-0.0625,1,8085,train,1.26647956,1.26647956,ac367df3f40315814c9789c65e223445f7b7c342ce4bf79de1118f8e0767a6dc
T1289,training,-0.0226,-0.0209,0.00000000,-0.0226|-0.0209,1,2168,val_iid,0.01348844,0.01348844,a9f49f073ba3a5d4859b892b2bb1b9f880a2559d629852ad3fb07be69bcc4c38
T1290,training,-0.0226,0.0209,0.00000000,-0.0226|0.0209,1,1196,train,-0.01348844,-0.01348844,a95019f258eae04e69debc258fca819780239a9e14582d88cdec83ffd6cdfce5
T1291,training,-0.0226,0.0625,0.00000000,-0.0226|0.0625,1,11595,train,-1.26647956,-1.26647956,64ee8382b88f1b895487fca4c7c2d75736ca6282e8c0df1c2b14e44e3f5332ed
T1292,validation,-0.0225,-0.0330,0.00000000,-0.0225|-0.0330,1,8428,test_iid,0.04774556,0.04774556,cc92f9ff84ccf9632034d09b357d0be24f6ea96118342aa604be7728f7b9a3db
T1293,test,-0.0225,0.0330,0.00000000,-0.0225|0.0330,1,11938,train,-0.04774556,-0.04774556,f76da148e7f6120daf815478852692ab90cf8db31dfc8f7d204c76a70afef0f6
T1294,training,-0.0224,-0.0440,0.00000000,-0.0224|-0.0440,1,8079,train,0.86291586,0.86291586,24f652b79dd0fa2df6b80edf20fef3fbbcd6f693c6bb50ced20190ca31980059
T1295,training,-0.0224,-0.0288,0.00000000,-0.0224|-0.0288,2,8014;8015,train,0.71005303,0.71005303,673aab593907d0afaa57122b748a5019f98c36708fca1c03c1a3794bd724eaaf
T1296,training,-0.0224,0.0288,0.00000000,-0.0224|0.0288,2,11632;11633,train;test_iid,-0.71005303,-0.71005303,7d6383f4e1b0a9cac4b60a4c6503542bf16e36e26f9019cb404ec13285064ea3
T1297,training,-0.0224,0.0440,0.00000000,-0.0224|0.0440,1,11589,test_iid,-0.86291586,-0.86291586,6dab33c22ee065511f4691f3e4496f4eb13165ea109fdad30e1d5bb85ec64d9a
T1298,training,-0.0223,-0.0241,0.00000000,-0.0223|-0.0241,1,8384,test_iid,0.05123605,0.05123605,5cfb4fbd5b10297f08649f5546d3fae9a1a02331db06ca2eedc4dc8565e06c7a
T1299,training,-0.0223,-0.0219,0.00000000,-0.0223|-0.0219,1,1845,train,-0.09261937,-0.09261937,8dbb529f738d3260dc5769ec0bec291712ad7bfa451a542910eaa28b5a906246
T1300,training,-0.0223,-0.0012,0.00000000,-0.0223|-0.0012,1,2061,train,0.14514553,0.14514553,492216f62e02d9a9b3312a9ee610675c041734892a2de73aa4362f27d8a17389
T1301,training,-0.0223,0.0012,0.00000000,-0.0223|0.0012,1,1305,train,-0.14514553,-0.14514553,bc91cb4a464f97e03cfbd1da16869f51e2fa5557dd4961be5fc84ec27e0f0ec8
T1302,test,-0.0223,0.0219,0.00000000,-0.0223|0.0219,1,1521,train,0.09261937,0.09261937,f3ae00aef84f2c6292447317b389158cffe4ff63c114257e887b11448ae0eca1
T1303,validation,-0.0223,0.0241,0.00000000,-0.0223|0.0241,1,12002,train,-0.05123605,-0.05123605,cebcbbc05759790c17fdfc08f06fd5cd033e182fa22dd8cafaaac6aa894d16dd
T1304,training,-0.0222,-0.0218,0.00000000,-0.0222|-0.0218,1,1850,train,-0.08801244,-0.08801244,9ddb73187250c53941c43cfd93a901baa364af51accf84f556ee2a689b62a189
T1305,training,-0.0222,0.0218,0.00000000,-0.0222|0.0218,1,1526,train,0.08801244,0.08801244,4d136132dcc540f3b8a9a3c2dbf7c916bcdf5f32c79d88b116a54c25cb170364
T1306,training,-0.0221,-0.0137,0.00000000,-0.0221|-0.0137,1,1731,train,-0.03233123,-0.03233123,6da670c1ebdae7eeaffb5d9adef24c56be443fdcc226cd5333ffbf7905e102f7
T1307,training,-0.0221,-0.0119,0.00000000,-0.0221|-0.0119,1,2124,train,0.08969058,0.08969058,629d38d186c83b5d05b7de75742baed5e824a95427368cd35eb75011b4866a05
T1308,training,-0.0221,0.0119,0.00000000,-0.0221|0.0119,1,1260,val_iid,-0.08969058,-0.08969058,a79b75f6590be05485b1c0d83ff4a3f7be0f3c56be173a9b2ea97aca50910f3e
T1309,training,-0.0221,0.0137,0.00000000,-0.0221|0.0137,1,1623,test_iid,0.03233123,0.03233123,88a6b02113c75e95c8158bf2c0cd0c87dc3367b0e3dd4a070166474ad6fbba18
T1310,training,-0.0219,-0.0223,0.00000000,-0.0219|-0.0223,1,8325,train,0.09261937,0.09261937,2479e5ae173e9142b1bab7ce629c5be5e16134aca983dd123472d85ca5bf3c30
T1311,training,-0.0219,-0.0186,0.00000000,-0.0219|-0.0186,1,1421,test_iid,-0.42902123,-0.42902123,c61fa00b8325f86105961fc36b3283995a87eae5483f6ea59f555b113f7f9445
T1312,training,-0.0219,0.0186,0.00000000,-0.0219|0.0186,1,1961,test_iid,0.42902123,0.42902123,58a2c822bcc64a80dc090762da2713b1e9a0b1f43854fd3618e3a529f2d73c87
T1313,training,-0.0219,0.0223,0.00000000,-0.0219|0.0223,1,12051,train,-0.09261937,-0.09261937,12203a68b210656df8bd1b81c6ebf6a67fd3930e295164d80c4e460c818df805
T1314,training,-0.0218,-0.0222,0.00000000,-0.0218|-0.0222,1,8330,train,0.08801244,0.08801244,a1b99ee21069a4179590314f1ed1453f8d2b55c8c09de3e43f01cedfc63831ef
T1315,training,-0.0218,-0.0012,0.00000000,-0.0218|-0.0012,1,2066,train,0.13676203,0.13676203,a60f2269d0a613371f6afda735f428481004d835f62096de3e558532956b3d57
T1316,training,-0.0218,0.0012,0.00000000,-0.0218|0.0012,1,1310,val_iid,-0.13676203,-0.13676203,59a255dfca668b1b6c0d5f11597c577159bde3b26dd79e8c7cc37a01b69579ec
T1317,validation,-0.0218,0.0222,0.00000000,-0.0218|0.0222,1,12056,train,-0.08801244,-0.08801244,cff3ea0f175c6fc3eac0fccc2eadb419e06e25c19cf5b4ca525225776ab098dd
T1318,training,-0.0217,-0.0310,0.00000000,-0.0217|-0.0310,1,8057,train,0.44164312,0.44164312,78a7417af587c1a719740e60588b60aa3046f470f0542154eb3680bdcb1e5829
T1319,training,-0.0217,-0.0142,0.00000000,-0.0217|-0.0142,1,1365,train,-0.32194636,-0.32194636,74184625be77775aefb5487215d8c3f7290ea4721b4584ba1a4500fed3933dd5
T1320,training,-0.0217,0.0142,0.00000000,-0.0217|0.0142,1,2013,train,0.32194636,0.32194636,125cc1f6f4c688dda4dd71161bc6cf61a7fe029ed904d44d76b4fce30478280c
T1321,training,-0.0217,0.0310,0.00000000,-0.0217|0.0310,1,11567,train,-0.44164312,-0.44164312,47893a7322637252ffb649ecc9911c4a53f2e74bc1cc8c9b30243a3b808c0fc6
T1322,validation,-0.0216,-0.0421,0.00000000,-0.0216|-0.0421,1,8455,val_iid,0.07509303,0.07509303,d089fa1fbc184ce990b67bff82768db528cbc2ebe6623d368465c710149a84f8
T1323,training,-0.0216,-0.0272,0.00000000,-0.0216|-0.0272,1,8040,train,0.73628297,0.73628297,2cfb247d6c41992ce2bc6823963a06cf7eb17e15b75b75eb498ae0b3c158f12e
T1324,training,-0.0216,-0.0213,0.00000000,-0.0216|-0.0213,1,2217,train,-0.01541978,-0.01541978,8e6e12bad8aa9a785aedb1c6062f02136677da44fc83825edf720a123a513267
T1325,test,-0.0216,-0.0144,0.00000000,-0.0216|-0.0144,1,2109,train,0.06023952,0.06023952,fc4290df8e9b899898a2d0b3b0963ff6b668a5cc89d8bcca93638656c6f246c1
T1326,training,-0.0216,0.0144,0.00000000,-0.0216|0.0144,1,1245,test_iid,-0.06023952,-0.06023952,50adde8ebb9c7036180ce65e1e499bf62b032d9c651e0c406ed7d7df3193ae8f
T1327,training,-0.0216,0.0213,0.00000000,-0.0216|0.0213,1,1137,train,0.01541978,0.01541978,1d80dac45a40507bda987ef155e68429e49f76e3b8103af68c7e17836a40d43b
T1328,training,-0.0216,0.0272,0.00000000,-0.0216|0.0272,1,11658,train,-0.73628297,-0.73628297,3af4a8d226c8750f3190e04851c38e6a54504aa9ae24c3c72eb49c8a0c64b363
T1329,test,-0.0216,0.0421,0.00000000,-0.0216|0.0421,1,11965,val_iid,-0.07509303,-0.07509303,f46c38c24589b844d6f584fedebb1b40c3b45a5c01bc16deb1c7998b108374f7
T1330,training,-0.0213,-0.0420,0.00000000,-0.0213|-0.0420,1,8078,train,0.81995846,0.81995846,665db95050abea916d2598b87aa1f0a158d97eda1529c9cbf441ce8fce54356c
T1331,test,-0.0213,-0.0216,0.00000000,-0.0213|-0.0216,1,8697,train,0.01541978,0.01541978,f5f9bb2ea7c950f4e4095c366617fe765890b989930ab86dc2f09c4cb929a541
T1332,training,-0.0213,-0.0182,0.00000000,-0.0213|-0.0182,1,1415,train,-0.43965137,-0.43965137,3bf8e2c57b04e1c4ac65a433382392ac87c9329ae7eb8d3402317ad718ba760f
T1333,training,-0.0213,-0.0178,0.00000000,-0.0213|-0.0178,1,1800,train,-0.07597695,-0.07597695,282fd40a99b6e4704a73afc10762e0032adc5160a844eaa538ab5771a4ae27f2
T1334,test,-0.0213,-0.0085,0.00000000,-0.0213|-0.0085,1,1369,train,-0.40605379,-0.40605379,ecbb8c03041df9c0711487ae738a18b6a1571f939a895edddbbf3d9b77cb5f71
T1335,training,-0.0213,0.0085,0.00000000,-0.0213|0.0085,1,2017,train,0.40605379,0.40605379,80f180b8de3ff1c70a5ab9ce240327585d137521ae76349763bbefe617aaab59
T1336,training,-0.0213,0.0178,0.00000000,-0.0213|0.0178,1,1584,train,0.07597695,0.07597695,77b4f29920647cb916b375ade981b84bea6ed2880cc313e84440b7569ad396db
T1337,training,-0.0213,0.0182,0.00000000,-0.0213|0.0182,1,1955,train,0.43965137,0.43965137,63a14807b67924c03097178dd88c3828a211eaec72d60b8e8c8c65e4a16c80f2
T1338,training,-0.0213,0.0216,0.00000000,-0.0213|0.0216,1,12423,train,-0.01541978,-0.01541978,8f0381bb677db9d7c23c38ea30c25fa7a59d601b15f7a1b1a1a05a2aacb2089f
T1339,training,-0.0213,0.0420,0.00000000,-0.0213|0.0420,1,11588,train,-0.81995846,-0.81995846,53f7e945e9fac207892f8a7ff13fa1f2a506e3d7e7bee1c5d8f9d5afed0117b8
T1340,validation,-0.0212,-0.0526,0.00000000,-0.0212|-0.0526,1,8084,train,1.10315770,1.10315770,d836509c604006c5364196a486f32b638aa60fac9c33062db326f487058ecdae
T1341,training,-0.0212,-0.0182,0.00000000,-0.0212|-0.0182,1,1420,train,-0.41963684,-0.41963684,45a48abe9ef4e04ed11e49df6e5edaa4f9e0e1843d95dcef39fb97a654525823
T1342,training,-0.0212,0.0182,0.00000000,-0.0212|0.0182,1,1960,train,0.41963684,0.41963684,189d48427c2a690bd9540655b547212520cbab95996167871ab7090ee14081a7
T1343,training,-0.0212,0.0526,0.00000000,-0.0212|0.0526,1,11594,train,-1.10315770,-1.10315770,99a2a0e0c846fa094ed8dbf7966db666fa36dde63b79fa79a0d9f40f19b3b736
T1344,training,-0.0211,-0.0437,0.00000000,-0.0211|-0.0437,1,8073,train,0.86536421,0.86536421,5eeaf7eeecef1dfc75f2b00aa6b2cffd2c5cb959ed1f12b0e0c1320ab72c359e
T1345,training,-0.0211,-0.0228,0.00000000,-0.0211|-0.0228,1,8751,train,-0.01238339,-0.01238339,5c6611253c6b04a2987c68e06204b4c2a87095d22f6adc7611180944a1ac8e17
T1346,training,-0.0211,-0.0204,0.00000000,-0.0211|-0.0204,1,1855,train,-0.14755593,-0.14755593,1d3d13c5292756a576cd641ee641ffdfbcd3ed4f84bd780dc44f5a4ce4307a91
T1347,training,-0.0211,0.0204,0.00000000,-0.0211|0.0204,1,1531,train,0.14755593,0.14755593,05c3ba387c93c9fda069e5f1189a2f08f472e939c5c38d0dbc58eb70a0eba1d5
T1348,training,-0.0211,0.0228,0.00000000,-0.0211|0.0228,1,12369,train,0.01238339,0.01238339,83c75a3c39233d790eba71552b64d554630546730a40c3f83e5ee27035bd5b3d
T1349,training,-0.0211,0.0437,0.00000000,-0.0211|0.0437,1,11583,train,-0.86536421,-0.86536421,c1ce04e80d1066077419fa22f271736bbd81453669852a41c9094d7b21030d0d
T1350,training,-0.0210,-0.1283,0.00000000,-0.0210|-0.1283,1,8907,train,-1.51967197,-1.51967197,23bd7c2c6f5a161b54bff75a74f87a7b9d67bc6f99fec47f474c935723c7d356
T1351,training,-0.0210,-0.0272,0.00000000,-0.0210|-0.0272,1,8035,train,0.72821873,0.72821873,59d8cac8dd6589b46aa14cf326d3518d7b6c60bdd36c2a76018a200b15c96ace
T1352,training,-0.0210,-0.0264,0.00000000,-0.0210|-0.0264,1,8019,train,0.65798194,0.65798194,ac828fb0eb5a96ddcaa1a2ac35f2b091fedff570818c621034fd797d41fc6368
T1353,training,-0.0210,-0.0232,0.00000000,-0.0210|-0.0232,1,8373,train,0.05793324,0.05793324,8e893a282de25d5b167b6a2ec7c7f4ebd1d0a6f2c72ca18f53a4c029c79e93a0
T1354,training,-0.0210,-0.0204,0.00000000,-0.0210|-0.0204,1,1860,train,-0.13991974,-0.13991974,6a896c5d968d85f9e5af64d4868f95b6c89b97c4110b9bf9fb7784546c1ffdd3
T1355,validation,-0.0210,-0.0184,0.00000000,-0.0210|-0.0184,1,2178,train,0.01868668,0.01868668,cfedf84705ee40dafe90029c26b482860392137ab0d9d17614b2186e3a138ec5
T1356,training,-0.0210,0.0184,0.00000000,-0.0210|0.0184,1,1206,train,-0.01868668,-0.01868668,14faaa69e3ffeed800af474321f7bd341f62a108458271c22ef02e1e3d80b8d6
T1357,training,-0.0210,0.0204,0.00000000,-0.0210|0.0204,1,1536,train,0.13991974,0.13991974,00efa74604f3076d3c272e55cba5bf93e7d827b1f23b36306373e9a77eb4028d
T1358,training,-0.0210,0.0232,0.00000000,-0.0210|0.0232,1,11991,val_iid,-0.05793324,-0.05793324,adbcdebcf73860c74d8cf67af60a04ba528e9ceeb815d9c841f25d78141718a9
T1359,test,-0.0210,0.0264,0.00000000,-0.0210|0.0264,1,11637,train,-0.65798194,-0.65798194,ee9bf75ec47c1e248bf9b5171f3106a765431691838e6b547eb33ec34361eff6
T1360,training,-0.0210,0.0272,0.00000000,-0.0210|0.0272,1,11653,test_iid,-0.72821873,-0.72821873,6f78440f50fdce8fb383c5ffb2ec657b80bc80e0d3f5393fb3e7404547f2233a
T1361,training,-0.0210,0.1283,0.00000000,-0.0210|0.1283,1,12309,train,1.51967197,1.51967197,50d9f5d06802b9f1c5ebdd9729e54e026cb74c4e6c7ef008ca6f2d9f591f6bf3
T1362,training,-0.0209,-0.0297,0.00000000,-0.0209|-0.0297,1,8062,train,0.42704659,0.42704659,a72729939fb8c8a4cb8968191dffe716e89b6dde17ff9b1023854945f605f1d7
T1363,training,-0.0209,-0.0226,0.00000000,-0.0209|-0.0226,1,8756,train,-0.01348844,-0.01348844,460cb65edc9ce19ed6d74311a14f19b55bda72fec46c1ef212dd3b3ca79cb9d3
T1364,validation,-0.0209,-0.0206,0.00000000,-0.0209|-0.0206,1,2222,train,-0.01390711,-0.01390711,e084233710d7a7b970f6da0213847cb383c86b066533c05a0b249d5fa169bb51
T1365,training,-0.0209,-0.0014,0.00000000,-0.0209|-0.0014,1,2055,train,0.15123242,0.15123242,4f8c5a39fabc2c0c7214cd8d8422dbb6e1a1b91553b0c52605aab7c74b68311a
T1366,training,-0.0209,0.0014,0.00000000,-0.0209|0.0014,1,1299,train,-0.15123242,-0.15123242,0d78f44a20a3b75677df2bc7bfc124b3310bd2feac2622f5fccca879180a256a
T1367,validation,-0.0209,0.0206,0.00000000,-0.0209|0.0206,1,1142,train,0.01390711,0.01390711,cf7e423f032361892531e8a21eff81ce05f5c6e2aa14c750fb8f68d48fdef1f4
T1368,training,-0.0209,0.0226,0.00000000,-0.0209|0.0226,1,12374,train,0.01348844,0.01348844,3a4ae385f727a6b99219989c7d30b06815746be302a0d062ee820da30e6a156d
T1369,training,-0.0209,0.0297,0.00000000,-0.0209|0.0297,1,11572,train,-0.42704659,-0.42704659,9e66da51d688fff17ad549aa1aa3b0e3dc5291e94061e90fe58ecdf4367a7f26
T1370,training,-0.0208,-0.0168,0.00000000,-0.0208|-0.0168,1,1435,train,-0.53351884,-0.53351884,5b7682498a2cef3091ab49577259c5e17f357bb013e9af0b5dc5936db307e443
T1371,training,-0.0208,-0.0152,0.00000000,-0.0208|-0.0152,1,2120,train,0.05099996,0.05099996,3ee46c38e9fcf4af0a264cb78b1b62e02422a19124401851252a2f4a7414eaf4
T1372,training,-0.0208,0.0152,0.00000000,-0.0208|0.0152,1,1256,train,-0.05099996,-0.05099996,79c8e2ddb6073efdb849c6c24adcfb1f56b2f04204f68b4a83a2f994b9ee213d
T1373,validation,-0.0208,0.0168,0.00000000,-0.0208|0.0168,1,1975,train,0.53351884,0.53351884,dfff61aa2c9a77abfbc0b4b822ee12bbf5595cac3dab990060c402af88840459
T1374,training,-0.0207,-0.0227,0.00000000,-0.0207|-0.0227,1,8378,train,0.05641081,0.05641081,979fb80471234bbd300b8f0ad36ac49a78234e1a27c10591d8a90cfe1bfb5dfc
T1375,training,-0.0207,-0.0140,0.00000000,-0.0207|-0.0140,1,2114,train,0.05606404,0.05606404,2229c310bd50c1cd6eb95d13c87d170500cde4e2818dc868a677c94c8fa2d43c
T1376,test,-0.0207,0.0000,0.00000000,-0.0207|0.0000,1,1676,val_iid,0.00000000,0.00000000,e731894dd98855161b7fa3bbd1fb38312c679455df55678af48cde09d8ebac44
T1377,training,-0.0207,0.0140,0.00000000,-0.0207|0.0140,1,1250,train,-0.05606404,-0.05606404,20349249d611aba506923d78d23e214f787dd9a1407224860f3cc7e6179e6d47
T1378,training,-0.0207,0.0227,0.00000000,-0.0207|0.0227,1,11996,train,-0.05641081,-0.05641081,240de08cf491dcac0a0c75295559ae549f321fa4be7de9ecb111998e4dc521e4
T1379,test,-0.0206,-0.0209,0.00000000,-0.0206|-0.0209,1,8702,train,0.01390711,0.01390711,eac2a2b78fc73b6f373c0d5a9d28807bcaee58dad5b031b8c0ce35591da94671
T1380,training,-0.0206,0.0209,0.00000000,-0.0206|0.0209,1,12428,train,-0.01390711,-0.01390711,aacbf233820f6942aa5c8f2e66139bae40569fffaa588d15098e9afda93564f5
T1381,validation,-0.0205,-0.0459,0.00000000,-0.0205|-0.0459,1,8460,train,0.09734064,0.09734064,e38742453ff95e6a45acc5e93d62262f275be518b65c07129cedf02b0a7780d3
T1382,validation,-0.0205,0.0459,0.00000000,-0.0205|0.0459,1,11970,test_iid,-0.09734064,-0.09734064,d2e67d888352a5f481d62821772644d07a3680acbe5200f2e31418ca076bda55
T1383,test,-0.0204,-0.0211,0.00000000,-0.0204|-0.0211,1,8335,train,0.14755593,0.14755593,ee6b5e40c86c3ab4f0c3672564afe4f1c2209c81d90b50356c4533d3155d5cf9
T1384,training,-0.0204,-0.0210,0.00000000,-0.0204|-0.0210,1,8340,train,0.13991974,0.13991974,a8ccaa3b3a79527a3f7ae6da105492e19591545eb037f7b3294c5fce8827b66e
T1385,training,-0.0204,-0.0082,0.00000000,-0.0204|-0.0082,1,1374,train,-0.39322269,-0.39322269,5cd4e78917197c1f58d71047898653c6041e1ff3e2deff8ae27d08ec4d1cb213
T1386,training,-0.0204,0.0082,0.00000000,-0.0204|0.0082,1,2022,train,0.39322269,0.39322269,9ac17de1f44d314e3a2d38ce96fa4eed6cccfb0da236357a98f9c5c51748659b
T1387,training,-0.0204,0.0210,0.00000000,-0.0204|0.0210,1,12066,test_iid,-0.13991974,-0.13991974,2687d3132cb603e274675816f793128302bc9fdc597a7ab36d6b33315a7f9d7d
T1388,training,-0.0204,0.0211,0.00000000,-0.0204|0.0211,1,12061,train,-0.14755593,-0.14755593,896b8c35fc3174459e701a8af097df25125cb81021a4c8df9f3cbe4cd23f38a5
T1389,validation,-0.0202,-0.0198,0.00000000,-0.0202|-0.0198,2,1839;1844,train,-0.08693777,-0.08640823,d34e43980527eb2e25f048e84f909322c845bff25b77f93371f166654ef25be1
T1390,training,-0.0202,-0.0182,0.00000000,-0.0202|-0.0182,1,1784,test_iid,-0.05190072,-0.05190072,87cbbcf4fccdd9216c50e9e8bae2029c37068efd621f3d2f0b824d0ffda936a1
T1391,training,-0.0202,-0.0175,0.00000000,-0.0202|-0.0175,1,1414,train,-0.42352204,-0.42352204,6761d17f742d6ef97d1682e768bf7307d752aca518617739b2514e6d0493aabe
T1392,training,-0.0202,0.0175,0.00000000,-0.0202|0.0175,1,1954,train,0.42352204,0.42352204,9d93e7bb396421059b85d2ade8813ff59b7f54e4a2f01facbc14201cbdbec975
T1393,validation,-0.0202,0.0182,0.00000000,-0.0202|0.0182,1,1568,train,0.05190072,0.05190072,dddcaee41c54c7e8716daca9484b60855a96a01fbfcab3263c344fcf48c11ca9
T1394,test,-0.0202,0.0198,0.00000000,-0.0202|0.0198,2,1515;1520,train,0.08640823,0.08693777,ed6ff0bed285347e676bd91a2dc49592998aab8eceb3499b57a3d2779abfe828
T1395,training,-0.0201,-0.0252,0.00000000,-0.0201|-0.0252,1,8013,train,0.63868785,0.63868785,70d1678583fabfdd1d29f4a4bd556efbd893db76867a0cc88e22692e3d741813
T1396,training,-0.0201,-0.0124,0.00000000,-0.0201|-0.0124,1,1359,train,-0.31215106,-0.31215106,c637b49bd1c6060459eba458c7bf2517e0f42a70b3692c94c7b90a1c65b90a9c
T1397,training,-0.0201,0.0124,0.00000000,-0.0201|0.0124,1,2007,test_iid,0.31215106,0.31215106,8955942ecb8c0a77282fe20f4b3780f301ee7cceff7addc8633672e6452a3f0a
T1398,training,-0.0201,0.0252,0.00000000,-0.0201|0.0252,1,11631,train,-0.63868785,-0.63868785,c827df1de17ff848141852e47082d7aeef8743f660690d454a16b0eec2e16f6f
T1399,training,-0.0200,-0.0169,0.00000000,-0.0200|-0.0169,1,1409,val_iid,-0.42863925,-0.42863925,1d4ebd0297e26717745f953cd3cf4bd15f7de15d094d201c089897b9be0fde8b
T1400,training,-0.0200,0.0169,0.00000000,-0.0200|0.0169,1,1949,train,0.42863925,0.42863925,b4dcd383de233c18a7d4efae2aa9136cb9087471d74b1c3603bb7f71540a37c4
T1401,training,-0.0199,-0.0256,0.00000000,-0.0199|-0.0256,1,8034,train,0.68687028,0.68687028,856447e2fd6dd74fc0d7a8de1106d2c623bd460211c8a8d6f4832778b83f5545
T1402,training,-0.0199,0.0256,0.00000000,-0.0199|0.0256,1,11652,test_iid,-0.68687028,-0.68687028,8511d0688c5c51a0d29dce209cf1affb2efcd720adea0d64d0b529a3e04086b7
T1403,test,-0.0198,-0.0292,0.00000000,-0.0198|-0.0292,1,8051,test_iid,0.42563772,0.42563772,fc22b321e037f69d4b1f422a81ba50ef21e205e3fad7589650ae8198606bf0fa
T1404,training,-0.0198,-0.0244,0.00000000,-0.0198|-0.0244,1,8024,train,0.62433386,0.62433386,aa47eedebb3df39702cb06c5f26ec7fc954196d2b06f52ab1e4eb5b10138e9c7
T1405,training,-0.0198,-0.0202,0.00000000,-0.0198|-0.0202,2,8319;8324,train;val_iid,0.08640823,0.08693777,7fc811d43cf065f7a81b4282051aa274ba8ee0f53b3a25292e777130c46d11e8
T1406,training,-0.0198,-0.0182,0.00000000,-0.0198|-0.0182,1,2162,train,0.01222016,0.01222016,533873efe7c1d3507a2b228cd64fdf7e21bca4ac7b320840ffc790e8fe65fbd4
T1407,training,-0.0198,0.0182,0.00000000,-0.0198|0.0182,1,1190,train,-0.01222016,-0.01222016,a113abd2bdb1547d0e614b600c78ec86009104743de1d5a76e9fa16ef31ba676
T1408,training,-0.0198,0.0202,0.00000000,-0.0198|0.0202,2,12045;12050,train,-0.08693777,-0.08640823,bd73f1b2da9341190b17bf475191a06f3e62fed53ee4fe13dcb55627e6c0b468
T1409,training,-0.0198,0.0244,0.00000000,-0.0198|0.0244,1,11642,val_iid,-0.62433386,-0.62433386,77e6d5264913e9d08fa0392946021fd530dc2bc828de410074d994762e8e0fa5
T1410,training,-0.0198,0.0292,0.00000000,-0.0198|0.0292,1,11561,train,-0.42563772,-0.42563772,5ae76a653a14cd1f9093d87e32e03fa97feda8b4aafa125acdda071f72190ee5
T1411,training,-0.0197,-0.0460,0.00000000,-0.0197|-0.0460,1,8095,train,0.94102733,0.94102733,7dae10b88f78cbf6cb8796abdf928b232f78e335fa01ab09b3eac2b93dbf0196
T1412,training,-0.0197,-0.0116,0.00000000,-0.0197|-0.0116,1,1730,test_iid,-0.02975219,-0.02975219,54f314c366d6caa115f7581d8f3a00a47a4906911236313a3fedc6a45439a898
T1413,training,-0.0197,-0.0012,0.00000000,-0.0197|-0.0012,1,2060,train,0.13703888,0.13703888,0996698f843670406165c049e4bee707001f63c91269fd0c32c860f92a80d479
T1414,training,-0.0197,0.0012,0.00000000,-0.0197|0.0012,1,1304,train,-0.13703888,-0.13703888,728c6da694b1653e0ab5b3a5a6d66bcba6e3d2af78216fa282cd4f519147ad4c
T1415,test,-0.0197,0.0116,0.00000000,-0.0197|0.0116,1,1622,train,0.02975219,0.02975219,f567ef1bcb62bd9e29233a08bf7dab6d640950d2bf01c3756e705bb05db12a16
T1416,training,-0.0197,0.0460,0.00000000,-0.0197|0.0460,1,11605,test_iid,-0.94102733,-0.94102733,1596330c1d71ab277d820827abb895b19b6d7e59100500e2c932e5438a5c54fd
T1417,training,-0.0196,-0.0256,0.00000000,-0.0196|-0.0256,1,8029,train,0.68710982,0.68710982,33d6a450639165c0cc865fefe6160ffec1d8c03d99f7bb7662461d3e6a8d324f
T1418,training,-0.0196,-0.0158,0.00000000,-0.0196|-0.0158,1,1429,train,-0.50813027,-0.50813027,267147878fcfe12f49265e5a85e523e3051f9d35ba6b932e083dad53d234cb48
T1419,test,-0.0196,-0.0024,0.00000000,-0.0196|-0.0024,1,2070,train,0.21783341,0.21783341,eb2849775463a49f77a2ab4af74b046f82acf91a12e00a4c986f5695281cb22c
T1420,training,-0.0196,0.0024,0.00000000,-0.0196|0.0024,1,1314,test_iid,-0.21783341,-0.21783341,36361cbf37bdae9e08761d21406b4808d5d351b64b7ce23df3931d16a1ffe891
T1421,training,-0.0196,0.0158,0.00000000,-0.0196|0.0158,1,1969,train,0.50813027,0.50813027,1520a0421375d581e359cfcb847fbba54eb86e69b46f48e5b4da85b26bbf4da7
T1422,training,-0.0196,0.0256,0.00000000,-0.0196|0.0256,1,11647,train,-0.68710982,-0.68710982,58a4fc45824083a41adbcc224230e35c77218efb1f9ec4f1cdb380fd691aba69
T1423,training,-0.0195,-0.0169,0.00000000,-0.0195|-0.0169,1,1419,train,-0.38676345,-0.38676345,00232c2d05bba95fbb32c0330657f86cb6e181b70f0eb6d23bca553a15af5cb5
T1424,training,-0.0195,-0.0165,0.00000000,-0.0195|-0.0165,1,1408,train,-0.42350249,-0.42350249,c5c1d2b918c295efd6f4138e13a484e252849e35ea3f63f0a5deb5674bed6ce7
T1425,training,-0.0195,0.0165,0.00000000,-0.0195|0.0165,1,1948,train,0.42350249,0.42350249,0efbce42f3c25a70cda4bffcf0ca2ac14ee08a9eb4f21c2304eec28d24ff63de
T1426,test,-0.0195,0.0169,0.00000000,-0.0195|0.0169,1,1959,train,0.38676345,0.38676345,e898304d42198c0251bbb79b9308e1b0a4ac8f984ed8a5a78e24ffbcdfb73e5f
T1427,training,-0.0194,-0.0411,0.00000000,-0.0194|-0.0411,1,8067,train,0.80671184,0.80671184,9cafa544f164d213e307621d12c4b381d4e92c72aeb89d44fb6ee33986889618
T1428,training,-0.0194,-0.0345,0.00000000,-0.0194|-0.0345,1,8827,train,-0.11340648,-0.11340648,746d2033e19161f203a32c4a6fdfe7bda5b5505a4fce76bb847f348d21ce9677
T1429,training,-0.0194,0.0345,0.00000000,-0.0194|0.0345,1,12337,train,0.11340648,0.11340648,20193f096f71502df3bd7c1c8445523616feca00b8c241278fc188488cf5d42e
T1430,training,-0.0194,0.0411,0.00000000,-0.0194|0.0411,1,11577,test_iid,-0.80671184,-0.80671184,459e4602b8e56e56745e37d000525287950f7279267ccddfcd3fde0f6492e0dd
T1431,training,-0.0191,-0.0238,0.00000000,-0.0191|-0.0238,1,8012,train,0.61970707,0.61970707,5048514e0f1650e268d63963f0fe5ca5f4351a70aa50fbb26a4f2bea5fb90000
T1432,training,-0.0191,-0.0234,0.00000000,-0.0191|-0.0234,1,8018,train,0.60747734,0.60747734,146f7605cc9df1feb81a9816e706142cede58046cf62d845d8e3ce9e1762cc82
T1433,validation,-0.0191,0.0234,0.00000000,-0.0191|0.0234,1,11636,train,-0.60747734,-0.60747734,daa424a762aeeaa573db09b6f5cb593d55683ce9cd77d436e95779596cff8924
T1434,training,-0.0191,0.0238,0.00000000,-0.0191|0.0238,1,11630,train,-0.61970707,-0.61970707,c8f1474c8ec738ccf91b74a5188c0ed96cf14d8aa4474c86ffdc1470933850a8
T1435,training,-0.0190,-0.0187,0.00000000,-0.0190|-0.0187,1,2232,train,-0.01215242,-0.01215242,00f5a9b36837f9e9b938d4b13fa3cdea80a513e6884480e618eb82dfcaebf689
T1436,training,-0.0190,-0.0122,0.00000000,-0.0190|-0.0122,1,2108,train,0.05420417,0.05420417,94e4da65a4dc1c13e491cfa6e321657d2ab496f9cdbc5f3d6180d9a29ab62364
T1437,training,-0.0190,0.0122,0.00000000,-0.0190|0.0122,1,1244,train,-0.05420417,-0.05420417,452731e970af4c9110b3a6c4bfeae8cff79f59e14964daa0a0af1f520b45a2a9
T1438,training,-0.0190,0.0187,0.00000000,-0.0190|0.0187,1,1152,val_iid,0.01215242,0.01215242,057e86fda5f4fae45ff42546e5d085ed369778f36f0fc4cdd3629a70e29edd46
T1439,training,-0.0189,-0.0397,0.00000000,-0.0189|-0.0397,1,8072,train,0.77821616,0.77821616,63151817db3ccee4a5fc9b4c1c3d86cb432675ca6305dfac908fae003e437500
T1440,training,-0.0189,-0.0186,0.00000000,-0.0189|-0.0186,1,2216,train,-0.01186339,-0.01186339,2b53528d3e2cee5220e5c758deb7f15f54b100a701956d2811713ab916fec134
T1441,training,-0.0189,0.0186,0.00000000,-0.0189|0.0186,1,1136,train,0.01186339,0.01186339,0bb8629bce86adaec3649afa721394b34db1990a794733051da3fe890fa7616c
T1442,test,-0.0189,0.0397,0.00000000,-0.0189|0.0397,1,11582,train,-0.77821616,-0.77821616,fdc18abd47b6229b3639aa701699b50b14a21762a69a6eb6e5c6339fa4d03be7
T1443,training,-0.0187,-0.0277,0.00000000,-0.0187|-0.0277,1,8056,train,0.41135257,0.41135257,6f66670a134182f00ea0c64ec7fdbfcc0523cf76bc0141f5f60d380e11d6204b
T1444,validation,-0.0187,-0.0190,0.00000000,-0.0187|-0.0190,1,8712,train,0.01215242,0.01215242,e1d708eea17e42dea2826b72704e5ef89c11ca536d421882f845ec2d5f1c2eb3
T1445,test,-0.0187,-0.0116,0.00000000,-0.0187|-0.0116,1,1364,train,-0.29295089,-0.29295089,e58045094ff4aba20c4757731acaf96230b2fdbc1c3b4a33f41724c50ad70ca4
T1446,training,-0.0187,0.0116,0.00000000,-0.0187|0.0116,1,2012,train,0.29295089,0.29295089,bc0ea0e4b642c5a3a7dd41eb3c52168856b0fb33128535e31e181d2a1a07056d
T1447,training,-0.0187,0.0190,0.00000000,-0.0187|0.0190,1,12438,train,-0.01215242,-0.01215242,0e8c6e04f496d840d13c2c460aab05ba00e810dcc7f0e232636bd139d2eb5b4e
T1448,training,-0.0187,0.0277,0.00000000,-0.0187|0.0277,1,11566,train,-0.41135257,-0.41135257,34bdb62ec1c16b354349a51634705eb1a8fa0285b1c7023102ed3a727cc1295e
T1449,training,-0.0186,-0.0327,0.00000000,-0.0186|-0.0327,1,8832,test_iid,-0.10393015,-0.10393015,cb10f64764938bc393c9e74f75d39610bff591e36223fbe4b27ff153d2d59f19
T1450,training,-0.0186,-0.0219,0.00000000,-0.0186|-0.0219,1,8009,train,0.42902123,0.42902123,162887d8628d30bc9a207522a227f4a2299473078f8ec93d2594921269bacd1a
T1451,training,-0.0186,-0.0189,0.00000000,-0.0186|-0.0189,1,8696,train,0.01186339,0.01186339,59442e4ed89937260a6801b332d6db54db6d554ed45134438a6b0a821b007020
T1452,training,-0.0186,0.0189,0.00000000,-0.0186|0.0189,1,12422,val_iid,-0.01186339,-0.01186339,5c644437e6580a965d4d2329d8e4e699e2fe843a0260b685ee2c225fd829bd58
T1453,training,-0.0186,0.0219,0.00000000,-0.0186|0.0219,1,11627,train,-0.42902123,-0.42902123,ae9c770ef4d3a90b63e02ea465ffa9b1e72f449ef40d4cf4f469e9e3ba08b166
T1454,training,-0.0186,0.0327,0.00000000,-0.0186|0.0327,1,12342,train,0.10393015,0.10393015,5893ec2f075e7e5c1c01f273640967c8cfa794aef02ebc044b74e61e1268c6d4
T1455,training,-0.0185,-0.0013,0.00000000,-0.0185|-0.0013,1,2054,train,0.14203844,0.14203844,5cca08a4a0680362a3f9f21e281d9c918ad2a85908de26d605129581dfcbeb3f
T1456,training,-0.0185,0.0013,0.00000000,-0.0185|0.0013,1,1298,train,-0.14203844,-0.14203844,237817b74dce43c02cc65183faa7162f42386f9b072a112d84bd70174b087684
T1457,training,-0.0184,-0.0210,0.00000000,-0.0184|-0.0210,1,8766,train,-0.01868668,-0.01868668,12835aaa0b480314e627cdbfd50d9ac4eb67348fce13e8d1142c376e7abe3b93
T1458,training,-0.0184,0.0210,0.00000000,-0.0184|0.0210,1,12384,train,0.01868668,0.01868668,8981f97111069c3095947e4ade545e2b08d02a82ed71c02e6928f6d50045e583
T1459,training,-0.0183,-0.0106,0.00000000,-0.0183|-0.0106,1,1353,val_iid,-0.29427098,-0.29427098,a08a36da45c6df4193fb71167acef524f967e54149a515c59767f2a79a7740b1
T1460,validation,-0.0183,0.0106,0.00000000,-0.0183|0.0106,1,2001,train,0.29427098,0.29427098,d85dd8c7ba352a3f358790aecc3b664d43d55794a9c677d692c575ea9e0a3654
T1461,training,-0.0182,-0.0213,0.00000000,-0.0182|-0.0213,1,8003,test_iid,0.43965137,0.43965137,799057fd5fb877750c2c3f9d33f6d0de4dca58f50982efcf4bb3c98330c03301
T1462,training,-0.0182,-0.0212,0.00000000,-0.0182|-0.0212,1,8008,val_iid,0.41963684,0.41963684,02cc9253662e9cc0bcd75ffc293bb550667ccd95020cfd80ab6e1157411bcfab
T1463,training,-0.0182,-0.0202,0.00000000,-0.0182|-0.0202,1,8372,test_iid,0.05190072,0.05190072,c67da47028a4f0c9146d4a719434ba27a26b8732d4a906a6ea502e22d29ab971
T1464,training,-0.0182,-0.0198,0.00000000,-0.0182|-0.0198,1,8750,train,-0.01222016,-0.01222016,aaec99bdf06ddc4893b9619fc0568fdb4072b720dee7a8049e9389f2d6db0030
T1465,validation,-0.0182,0.0198,0.00000000,-0.0182|0.0198,1,12368,train,0.01222016,0.01222016,cdd79dc23eb2c07c06ba346d5bb97608db093b7adeeecfa2c29f2afe1e18dc5b
T1466,training,-0.0182,0.0202,0.00000000,-0.0182|0.0202,1,11990,train,-0.05190072,-0.05190072,9224731d5344e8a971b3f0d2327c2a00a8a977dde2cce9936285dc3c2394bed3
T1467,training,-0.0182,0.0212,0.00000000,-0.0182|0.0212,1,11626,val_iid,-0.41963684,-0.41963684,0f0ef10afe94803593367a3032e7b91b16adc292b5b9342fc5aca237bd8e82ed
T1468,training,-0.0182,0.0213,0.00000000,-0.0182|0.0213,1,11621,train,-0.43965137,-0.43965137,422370a2157f685d1c339457a2b75dbd8eeec1a8cd92d931a48c63a036f1284b
T1469,test,-0.0180,-0.0384,0.00000000,-0.0180|-0.0384,1,8066,train,0.75188025,0.75188025,ebc79f5dbd0de68da2288d70de027501ae4265c56739ec0eb42ec91567eaf174
T1470,training,-0.0180,0.0384,0.00000000,-0.0180|0.0384,1,11576,train,-0.75188025,-0.75188025,319a7e02fb8a22962f50fd584120775df612a47ea4a75239b5bac399f9da4a9b
T1471,training,-0.0178,-0.0232,0.00000000,-0.0178|-0.0232,1,8028,val_iid,0.62635014,0.62635014,be28ff166a327b454c631d80c34d46db50c26e4e9d123fb1a62e5c968951a6cc
T1472,training,-0.0178,-0.0213,0.00000000,-0.0178|-0.0213,1,8388,train,0.07597695,0.07597695,7434997f4f9109b4fb060b9937114b562e440a7188b364aa5fd30dd4ec8d081e
T1473,training,-0.0178,-0.0153,0.00000000,-0.0178|-0.0153,1,1413,val_iid,-0.37443031,-0.37443031,14bf588025d460daa4f74d887ab46cc71daf83f6bd8922d5d1f38b6197cc15ac
T1474,training,-0.0178,-0.0144,0.00000000,-0.0178|-0.0144,1,1434,train,-0.46627855,-0.46627855,1c08480e1c7a5aef5ced972b69732533bcca73e1175c0b0170bed48ba21d1fcc
T1475,training,-0.0178,0.0144,0.00000000,-0.0178|0.0144,1,1974,test_iid,0.46627855,0.46627855,74de25661c517bba212fdc915c7a473c77218e43be8e356c827c8bea74666f9f
T1476,training,-0.0178,0.0153,0.00000000,-0.0178|0.0153,1,1953,train,0.37443031,0.37443031,6fbbb99b6263c4879b8eb8dd167da36ba87fe18e69619804138da42a5b36d8c5
T1477,training,-0.0178,0.0213,0.00000000,-0.0178|0.0213,1,12006,train,-0.07597695,-0.07597695,6de0306d5f995787ccb6de4ddc0aa4939ad536dd6f415bbd8d682f2d565895d5
T1478,training,-0.0178,0.0232,0.00000000,-0.0178|0.0232,1,11646,test_iid,-0.62635014,-0.62635014,b632ac5acbac17f8b11a01bec92ee2cbd4dec6f06ff69fe5217859dbaa2c2493
T1479,training,-0.0177,-0.0257,0.00000000,-0.0177|-0.0257,1,8439,test_iid,0.03592108,0.03592108,c3f22715a9d68ff1a2fc7e716883a75c16c7889e66a6bd80757d6b90e6b9a9f2
T1480,test,-0.0177,0.0257,0.00000000,-0.0177|0.0257,1,11949,train,-0.03592108,-0.03592108,fa0d8abf2355ea5f66536413f6f6376342914d277651edb2779ae757199705c6
T1481,training,-0.0176,-0.0410,0.00000000,-0.0176|-0.0410,1,8094,train,0.83184479,0.83184479,9be217eacb72df99986eb7b6be98228aaad7580b3e8b1d9d17b3f540df2abcc3
T1482,training,-0.0176,-0.0356,0.00000000,-0.0176|-0.0356,1,8449,train,0.06378008,0.06378008,44275766eb3130020d1344c9201014946465483cf315e21fe29feb65469e398c
T1483,training,-0.0176,0.0356,0.00000000,-0.0176|0.0356,1,11959,train,-0.06378008,-0.06378008,104be54b2fb6baf50536231d17ba36fd3943d11ea04b7a95c37e50c7c9378fd1
T1484,training,-0.0176,0.0410,0.00000000,-0.0176|0.0410,1,11604,train,-0.83184479,-0.83184479,95952df5ad8a4e66876fe3ad080a5d5ff75af79117747c41ef583c57842ce60c
T1485,training,-0.0175,-0.0202,0.00000000,-0.0175|-0.0202,1,8002,train,0.42352204,0.42352204,4f7b6b744b284caeeabc71d8177e91d9c9df7604d03d1688dd754ad30ccc3730
T1486,training,-0.0175,-0.0102,0.00000000,-0.0175|-0.0102,1,1358,val_iid,-0.28659595,-0.28659595,0dfaf5109f28905d56d1b59466d4ded08bc544beeeca259b067083932429f66c
T1487,training,-0.0175,0.0102,0.00000000,-0.0175|0.0102,1,2006,train,0.28659595,0.28659595,0eeb4b1bb3a01a9b9ac5758ad569d858e48156ceaa32225aec84489440e22d78
T1488,validation,-0.0175,0.0202,0.00000000,-0.0175|0.0202,1,11620,train,-0.42352204,-0.42352204,d435481d89e865b8558382de82b7b28368a0fefd6b038e5976686c510428341b
T1489,training,-0.0174,-0.0345,0.00000000,-0.0174|-0.0345,1,8454,train,0.06271017,0.06271017,b175885be150c6f6eb3543d052874b29bc87676de8b3f081dba0c9d2b3533fe7
T1490,training,-0.0174,-0.0231,0.00000000,-0.0174|-0.0231,1,8817,train,-0.05436720,-0.05436720,9b023f483199eee880f90a14b13b5c3304a691e4650e374b81255cc28674144d
T1491,training,-0.0174,-0.0170,0.00000000,-0.0174|-0.0170,1,1838,train,-0.07798724,-0.07798724,2f2624208a2879069500b228c02e2bbcb174b8bb7e17f5d3d01a97e44351013a
T1492,training,-0.0174,0.0170,0.00000000,-0.0174|0.0170,1,1514,train,0.07798724,0.07798724,c6515152a46e5d426f613079a46b9732f77fb33de36be1c9ce9743dfad70209d
T1493,training,-0.0174,0.0231,0.00000000,-0.0174|0.0231,1,12327,train,0.05436720,0.05436720,86209272dfb1219e801b64382dca3c647415bd1552b0d63b4571454b404fe48f
T1494,training,-0.0174,0.0345,0.00000000,-0.0174|0.0345,1,11964,train,-0.06271017,-0.06271017,b000a48985bb63bbdf38d6a545c6fc0b74183891a53b46b8e4a5db9d5728feff
T1495,training,-0.0173,-0.0167,0.00000000,-0.0173|-0.0167,1,1854,train,-0.12604563,-0.12604563,34c403df5aa9e77ac3db0f99606d0fa4a09b7a6773e9962cc68ce5e94c732ebc
T1496,training,-0.0173,0.0167,0.00000000,-0.0173|0.0167,1,1530,train,0.12604563,0.12604563,833ba58b2ca34803b551037802e12c0655467da1518f391510737ca2f6afa09e
T1497,validation,-0.0172,-0.0136,0.00000000,-0.0172|-0.0136,1,1423,train,-0.44994275,-0.44994275,ccfbf182bff1603de6126dd9eef1f7eed05a269c03d2238e4ec86fb58ad47def
T1498,training,-0.0172,0.0136,0.00000000,-0.0172|0.0136,1,1963,train,0.44994275,0.44994275,16d59a5f72c57a4245493393662052cfb5603b62ea8a4750d0e093ae257eef6e
T1499,training,-0.0171,-0.0262,0.00000000,-0.0171|-0.0262,1,8050,train,0.39957628,0.39957628,8569d377781dae6dc48290b62b7d8a640c3029d49ca3b0d053ab6f144b24844a
T1500,training,-0.0171,-0.0148,0.00000000,-0.0171|-0.0148,1,1418,val_iid,-0.35586438,-0.35586438,2e1fe01889f1b6285ebba51a795f24113ff249ed5a706ea87db18892e01ed762
T1501,validation,-0.0171,0.0148,0.00000000,-0.0171|0.0148,1,1958,train,0.35586438,0.35586438,d065a336816148e1148c477b962a64e826f21403cd4a7bf52d9968ab97f629aa
T1502,training,-0.0171,0.0262,0.00000000,-0.0171|0.0262,1,11560,train,-0.39957628,-0.39957628,16c02d5acaf9c35639b4ef901e183659251662d818bf1d6b08ab8d398ab2ae38
T1503,training,-0.0170,-0.0174,0.00000000,-0.0170|-0.0174,1,8318,train,0.07798724,0.07798724,8c69bb172030f8507b96fd58a1736f1cfd8684a5f81485e1eefb0bb03ac5dc14
T1504,training,-0.0170,0.0174,0.00000000,-0.0170|0.0174,1,12044,test_iid,-0.07798724,-0.07798724,2980a3c0466247a3416b82e74ce3c074401e0ea800c70c75aa75c73292c3d72e
T1505,training,-0.0169,-0.0200,0.00000000,-0.0169|-0.0200,1,7997,train,0.42863925,0.42863925,1c27f8e861f5bda0ab70bf72966cbac7da3b80836732653808c23b66d6196a93
T1506,training,-0.0169,-0.0195,0.00000000,-0.0169|-0.0195,1,8007,train,0.38676345,0.38676345,a24112c299e8a2d08c50f6181d4b22443e4ff5463f9dc879dfc7018f68e0c71c
T1507,validation,-0.0169,0.0195,0.00000000,-0.0169|0.0195,1,11625,train,-0.38676345,-0.38676345,dd39b462b5166c29e97944c7da01912d97d0442678c1d995a6fee811eddc599a
T1508,training,-0.0169,0.0200,0.00000000,-0.0169|0.0200,1,11615,train,-0.42863925,-0.42863925,291a70070859b55f2caeff031d58a5e8aa9b1026959a36e590806e17a7431697
T1509,training,-0.0168,-0.0208,0.00000000,-0.0168|-0.0208,1,8023,train,0.53351884,0.53351884,7f537a0f72a3e6a8e9e645159ed070fc31e98e75dcb0ff6ca832d8f86bf36a25
T1510,training,-0.0168,-0.0141,0.00000000,-0.0168|-0.0141,1,1407,train,-0.36958225,-0.36958225,07128f0ed8121794b91b101e2fbdfebc735968250d021d5c3c12aaf3df1c4597
T1511,training,-0.0168,0.0141,0.00000000,-0.0168|0.0141,1,1947,train,0.36958225,0.36958225,86e6d287b5d64cd288b0297431631a6815b6be4890226e023c8b0f3ce21800fb
T1512,training,-0.0168,0.0208,0.00000000,-0.0168|0.0208,1,11641,train,-0.53351884,-0.53351884,8829baf8ed8eed1301d009810788c47768c86a50c5268d48810fa2b7880ec5be
T1513,training,-0.0167,-0.0173,0.00000000,-0.0167|-0.0173,1,8334,val_iid,0.12604563,0.12604563,1bc2390c10b6eb3ce23e30cc7596a18b8c5f36cdc450ac77e3fbb12879bf20e5
T1514,test,-0.0167,0.0173,0.00000000,-0.0167|0.0173,1,12060,train,-0.12604563,-0.12604563,f686d91a039f9aba5eacd706d6ad336c93b6484b337684ee3f11a231815b1c0d
T1515,training,-0.0165,-0.0195,0.00000000,-0.0165|-0.0195,1,7996,train,0.42350249,0.42350249,1a5fb792373e4af0944428cb02f5fe8623793c025508a34512773f9771668001
T1516,training,-0.0165,0.0195,0.00000000,-0.0165|0.0195,1,11614,train,-0.42350249,-0.42350249,bfd06401363c33d4a1324a27b30f6419867ca5c3c5f9a4d60743dcd7bb03db32
T1517,training,-0.0164,-0.0130,0.00000000,-0.0164|-0.0130,1,1428,test_iid,-0.43281326,-0.43281326,55ee9d2ed79bd2e68096df0b92a7f74646d788b99e496f7c8bd28473b3e9eb77
T1518,training,-0.0164,-0.0060,0.00000000,-0.0164|-0.0060,1,1368,val_iid,-0.32030068,-0.32030068,1634c9bda7c9626962da59f08dd67a01011d54d0ddb8d8a74f1cee2e5a7b94b3
T1519,training,-0.0164,0.0060,0.00000000,-0.0164|0.0060,1,2016,train,0.32030068,0.32030068,65e29353705231b7259405d60cf7c8a324cf33bb0e82a57a8e74067c244182aa
T1520,test,-0.0164,0.0130,0.00000000,-0.0164|0.0130,1,1968,train,0.43281326,0.43281326,f646af365ef28e89c0c2178316c26d59a88bb177214cbda543af6a292d549999
T1521,training,-0.0161,-0.0257,0.00000000,-0.0161|-0.0257,1,8433,train,0.03999756,0.03999756,90fd04ca40ae6a828c13ed8d71922907d90a572f0a3dd3dddf408fb79e0d068c
T1522,validation,-0.0161,-0.0231,0.00000000,-0.0161|-0.0231,1,8811,train,-0.05994881,-0.05994881,dbbc1c3669436132a9b86456711fa93a2a88e594d56d46b55d494144648ecfe7
T1523,validation,-0.0161,0.0231,0.00000000,-0.0161|0.0231,1,12321,train,0.05994881,0.05994881,d1409d34b9df4aaa6a535f1c3c6d08def8493112878e89736522bf37111e25b4
T1524,training,-0.0161,0.0257,0.00000000,-0.0161|0.0257,1,11943,val_iid,-0.03999756,-0.03999756,aaba719c97218aebf479c938f274b8f9bde13205ec53b968154e705b0e8586c9
T1525,training,-0.0160,-0.0087,0.00000000,-0.0160|-0.0087,1,1352,train,-0.26989832,-0.26989832,52b34c948e8c6c0ac07163c0f8a70d6d55124db8a57e5e6d430995029a2d8202
T1526,test,-0.0160,0.0087,0.00000000,-0.0160|0.0087,1,2000,train,0.26989832,0.26989832,f95df388bc7cc976d61f2e5f3ed7bdb2883333e982568edab15d8f2bec1879e1
T1527,training,-0.0158,-0.0399,0.00000000,-0.0158|-0.0399,1,8089,train,0.79773651,0.79773651,a087afce5282bd86b483d946ea34f0934e088ea91621f0d01ab9585381d42244
T1528,training,-0.0158,-0.0196,0.00000000,-0.0158|-0.0196,1,8017,train,0.50813027,0.50813027,3cf0307168e202cab5787932bbc49b2ee9f0b14fd1761c0d37e35507280cb37f
T1529,training,-0.0158,0.0196,0.00000000,-0.0158|0.0196,1,11635,train,-0.50813027,-0.50813027,9aed16f9bb4a77074df33429b4baf4c07773ec9714282c271925ace749822e94
T1530,training,-0.0158,0.0399,0.00000000,-0.0158|0.0399,1,11599,train,-0.79773651,-0.79773651,b8f08c61a9bd591d63c1dd132908ac1c2d1349715ad16cc337e41adff0d8d0a6
T1531,test,-0.0155,-0.0132,0.00000000,-0.0155|-0.0132,1,1412,train,-0.34241880,-0.34241880,eeca30cdbae28b1a07ccf4633aa0f158d0c2a02c02b085aaad99f5930c898a8a
T1532,validation,-0.0155,0.0132,0.00000000,-0.0155|0.0132,1,1952,train,0.34241880,0.34241880,e1e7cf8c5d1b4b2da3e45baafb5a905d5261b6e8f62c788edc95f937140b45ac
T1533,training,-0.0154,-0.0280,0.00000000,-0.0154|-0.0280,1,8821,train,-0.10365952,-0.10365952,a715b5b9b948cb4d6e29a2fe95db27e624bae035ef4a039830aca538790040b8
T1534,training,-0.0154,-0.0231,0.00000000,-0.0154|-0.0231,1,8438,train,0.03255734,0.03255734,26dcf43a035571bc63637f3e0abb10e4bb60b1794b2379a330a7e564ff95e4da
T1535,training,-0.0154,0.0231,0.00000000,-0.0154|0.0231,1,11948,train,-0.03255734,-0.03255734,a6d55ef08d8c847b693370d1c1e214b449c9d361d7cc3fbf1e2ffdb0b410fde3
T1536,training,-0.0154,0.0280,0.00000000,-0.0154|0.0280,1,12331,train,0.10365952,0.10365952,65e5cace001003854bc55d356f21504b0983611cf60e32efc2749be965c1882d
T1537,training,-0.0153,-0.0178,0.00000000,-0.0153|-0.0178,1,8001,train,0.37443031,0.37443031,80fd5255bbea3438728d0e42106d4110e8a9f434eebd41d46d6ff1e0e6a0e501
T1538,training,-0.0153,0.0178,0.00000000,-0.0153|0.0178,1,11619,train,-0.37443031,-0.37443031,93cf5d882f3a59279b67cbc3bd046613d91efedadec1eafd969b3e8ba78c9083
T1539,training,-0.0152,-0.0274,0.00000000,-0.0152|-0.0274,1,8826,val_iid,-0.09795586,-0.09795586,6e16167eff13a03dc014b05e026fc67e826a4ac82bd1bfcd98fac76344f8d739
T1540,training,-0.0152,-0.0208,0.00000000,-0.0152|-0.0208,1,8816,val_iid,-0.05099996,-0.05099996,a17285f20391fb144edc07544f37f669e2ac77599b653955108e575ae772b398
T1541,training,-0.0152,0.0208,0.00000000,-0.0152|0.0208,1,12326,train,0.05099996,0.05099996,63da6ec67928c3bfb7550b45e74b971989b3effc854cfd07f7477e57d424b7db
T1542,training,-0.0152,0.0274,0.00000000,-0.0152|0.0274,1,12336,train,0.09795586,0.09795586,41f3c2927a4840ea7d543a579cea7a32cd0455dfc723ac53c7074649a82a4037
T1543,test,-0.0148,-0.0171,0.00000000,-0.0148|-0.0171,1,8006,train,0.35586438,0.35586438,f117b8c7613aaac2668f098289dc78d0396effd79aa1069802873b58e8b68459
T1544,training,-0.0148,0.0171,0.00000000,-0.0148|0.0171,1,11624,train,-0.35586438,-0.35586438,2b700abb149c5a611499c305e510ca350542854bab57ee016d7e437be2e5c016
T1545,training,-0.0147,0.0000,0.00000000,-0.0147|0.0000,1,1687,train,0.00000000,0.00000000,3d749c67de4407b7382830dd66cf40f682c4f5a10aae40627d1d670978b0f1d0
T1546,training,-0.0144,-0.0216,0.00000000,-0.0144|-0.0216,1,8805,train,-0.06023952,-0.06023952,9695ecb0e2c441959cd4cb40beae9afef92d8b091ac0ad8ac0102dc72d6c82af
T1547,training,-0.0144,-0.0178,0.00000000,-0.0144|-0.0178,1,8022,train,0.46627855,0.46627855,b17796c674358066b5f5f568581bae09aa0194baa5e103bbd04f917503e6f055
T1548,training,-0.0144,-0.0084,0.00000000,-0.0144|-0.0084,1,1741,train,-0.02265294,-0.02265294,94001bc8f4de91f78137bb97e4bcd90b12512dc38a2ddcbc89bf2b0b81c501f5
T1549,training,-0.0144,0.0084,0.00000000,-0.0144|0.0084,1,1633,train,0.02265294,0.02265294,a2ab81846560f023fcb82334c5823e58e01bb4854d8818c8585c42a06139888b
T1550,training,-0.0144,0.0178,0.00000000,-0.0144|0.0178,1,11640,val_iid,-0.46627855,-0.46627855,9e281d03398632e056615eeacaac78948d6fc31a6c3ed44059ffb26dd96d9edf
T1551,training,-0.0144,0.0216,0.00000000,-0.0144|0.0216,1,12315,train,0.06023952,0.06023952,45c603317cdfade378072b903b2f1fbe32ec51519e0948d89ed858df08f11307
T1552,training,-0.0143,-0.0132,0.00000000,-0.0143|-0.0132,6,1500;1501;1502;1503;1504;1505,train,-0.45844783,-0.45844783,3de228a867d470f46577898cfdc53b2edc110b5ac289aafcd663dbcdf84bf1e4
T1553,training,-0.0143,0.0132,0.00000000,-0.0143|0.0132,6,1932;1933;1934;1935;1936;1937,train;test_iid,0.45844783,0.45844783,b73c4e30a26c82152f368ad6116cb080c916c089e757a1c0c9f47ff2e8b95f86
T1554,training,-0.0142,-0.0217,0.00000000,-0.0142|-0.0217,1,8061,test_iid,0.32194636,0.32194636,36ea1440336f857c72f395cd6f6feaf3312b8248978194a973c8f92f6fb68630
T1555,validation,-0.0142,0.0217,0.00000000,-0.0142|0.0217,1,11571,train,-0.32194636,-0.32194636,d0a87664d10bce5bc1bf13a0f1f8b4f8983c1ae109a36f4394de881a314091e7
T1556,training,-0.0141,-0.1147,0.00000000,-0.0141|-0.1147,1,8891,train,-1.19712917,-1.19712917,76da657491f00964a6545e4fcf77e282ab1bbcf6f45216fa0cdca4d6a61b99f0
T1557,test,-0.0141,-0.0168,0.00000000,-0.0141|-0.0168,1,7995,train,0.36958225,0.36958225,fd64198fe392bfc9d477a3a936b58c57d9efef5530949e3cdcb59ed23093f08d
T1558,training,-0.0141,0.0168,0.00000000,-0.0141|0.0168,1,11613,train,-0.36958225,-0.36958225,8cf46fcf869938b13ddc63edfd1c777726057e3d512d70a276bacfa87fce2e3a
T1559,training,-0.0141,0.1147,0.00000000,-0.0141|0.1147,1,12293,train,1.19712917,1.19712917,882e5f88a318db217004badcf9066ab93a8066626732a924b9c86326fb50423c
T1560,training,-0.0140,-0.0207,0.00000000,-0.0140|-0.0207,1,8810,train,-0.05606404,-0.05606404,4a43a0cc688f124e44c93f9b711b9185f0a3322f2eadacf008fd63a3d42272a3
T1561,training,-0.0140,0.0207,0.00000000,-0.0140|0.0207,1,12320,train,0.05606404,0.05606404,b0ad4d81bddca2799f47d498a82405ca26635890fa93f57d6bef49b50020e533
T1562,training,-0.0139,-0.1084,0.00000000,-0.0139|-0.1084,1,8901,test_iid,-1.35645943,-1.35645943,68b8556c2490a4ea3425f3b9ce721393dc76d6fd32836e9d7970bd53a45c6131
T1563,training,-0.0139,-0.0229,0.00000000,-0.0139|-0.0229,1,8432,train,0.03631831,0.03631831,46831d60589be045e5ad11c753a63f7221efef53a04a5e0116eea7035886bc09
T1564,test,-0.0139,0.0229,0.00000000,-0.0139|0.0229,1,11942,train,-0.03631831,-0.03631831,f7618f6a39be44b9b50fd25ef94c88f274a31331e740a7b15acdde776bcbdfd9
T1565,test,-0.0139,0.1084,0.00000000,-0.0139|0.1084,1,12303,train,1.35645943,1.35645943,f87cfe3f1063a7e71ae3eff2189b432b97c5bea37b514f52597250ed937f8210
T1566,training,-0.0138,-0.0286,0.00000000,-0.0138|-0.0286,1,8443,train,0.05180531,0.05180531,49b27561cf749655811fdcae083351192cebaf760d48f929709940e22dd2b01e
T1567,validation,-0.0138,-0.0125,0.00000000,-0.0138|-0.0125,1,1795,test_iid,-0.03123135,-0.03123135,ddf9489f4b55b092a8abed260f2483618e54b7a8d7f4d3204c991f73c4f08112
T1568,training,-0.0138,0.0125,0.00000000,-0.0138|0.0125,1,1579,train,0.03123135,0.03123135,58d834a76b0c8cd684e0877bb6934c63749369b41ab492d34f4f5f695e97948f
T1569,training,-0.0138,0.0286,0.00000000,-0.0138|0.0286,1,11953,train,-0.05180531,-0.05180531,a7339f64c351d84f0eb5907d78784ed4b0f853cd6e9b69ba84b13dd7ba689b14
T1570,training,-0.0137,-0.0356,0.00000000,-0.0137|-0.0356,1,8083,train,0.71010822,0.71010822,4a053588fbcc06e239c7e5665f114b06ac76aa18dd132f3812937ccee7a63368
T1571,test,-0.0137,-0.0221,0.00000000,-0.0137|-0.0221,1,8427,val_iid,0.03233123,0.03233123,ed1518595cc727226d2e85c2b0aded2e7b2a047eb5d7eda074c3c4b0d735c623
T1572,test,-0.0137,-0.0126,0.00000000,-0.0137|-0.0126,1,2173,train,0.01011640,0.01011640,f2cb2498bc068fabf2cf056b0e25792915d568ddea7259c059548fb590e399ba
T1573,training,-0.0137,-0.0114,0.00000000,-0.0137|-0.0114,1,1406,train,-0.32320768,-0.32320768,347156d9ea1681a57f9e13ab42e479669a389c66c39c87b5949a9b2a741a3e51
T1574,training,-0.0137,0.0114,0.00000000,-0.0137|0.0114,1,1946,train,0.32320768,0.32320768,2c7bbeea2eae6b6316ef4e65c094a3bd54f2bcef9c6218bce75c9904adc4ee8b
T1575,training,-0.0137,0.0126,0.00000000,-0.0137|0.0126,1,1201,train,-0.01011640,-0.01011640,9bd2bf218ba933f246b8dddee450f9b697a22be0c7f594da0209b8c9f722a0ad
T1576,test,-0.0137,0.0221,0.00000000,-0.0137|0.0221,1,11937,train,-0.03233123,-0.03233123,f6df00935c7e54fc81c942b11503c4390cd4a342d00f4d4daa7527023af4342f
T1577,training,-0.0137,0.0356,0.00000000,-0.0137|0.0356,1,11593,train,-0.71010822,-0.71010822,57aa7dfd6211b12d5ca13a3ea7a304d7686a0a064022f149730bef2eb3d05859
T1578,training,-0.0136,-0.0284,0.00000000,-0.0136|-0.0284,1,8448,test_iid,0.05236611,0.05236611,b7f083dae99e24b7b032ea25ee81dba8e003f264593440a99e9481ff63e587a6
T1579,training,-0.0136,-0.0172,0.00000000,-0.0136|-0.0172,1,8011,train,0.44994275,0.44994275,4cab8e2e6d7e1ffd4cd0e7ac7c91e132ba1a462317cc109bbc69a7751a8aeb4d
T1580,test,-0.0136,0.0172,0.00000000,-0.0136|0.0172,1,11629,val_iid,-0.44994275,-0.44994275,ff43346ebda74d2735bcc38dae19fe297469c7f22c982cf3b121ba2464730440
T1581,training,-0.0136,0.0284,0.00000000,-0.0136|0.0284,1,11958,train,-0.05236611,-0.05236611,497f80f8c518e6ff8865c29f874af8cc7a43f0f73c88c4529cbdd87df016314c
T1582,training,-0.0135,-0.0124,0.00000000,-0.0135|-0.0124,6,1506;1507;1508;1509;1510;1511,train;val_iid,-0.42429977,-0.42429977,0396eeaa65118cd85267fa464a2e6654a9fb564024782899bae7325f9a1a8d30
T1583,training,-0.0135,-0.0123,0.00000000,-0.0135|-0.0123,6,1494;1495;1496;1497;1498;1499,train,-0.43209794,-0.43209794,09deffbf0bba61e2300309ff6c5c2ee4978fad38f2c8675da46055290a2ecf88
T1584,training,-0.0135,0.0123,0.00000000,-0.0135|0.0123,6,1926;1927;1928;1929;1930;1931,train;test_iid,0.43209794,0.43209794,00a555fce9a058a11b1e360940e28a86763db8ca78f1b79c4b3dab353a44c27c
T1585,training,-0.0135,0.0124,0.00000000,-0.0135|0.0124,6,1938;1939;1940;1941;1942;1943,train,0.42429977,0.42429977,39be4f6ff4ae281471fb58e332ecdf5c61250b73c222650ebb05f814f452f628
T1586,training,-0.0134,-0.0284,0.00000000,-0.0134|-0.0284,1,8077,test_iid,0.53510592,0.53510592,705f38c5368bb62bd677f4f2c52b31f6fda0cd47e46c880d84367dcf576a7da8
T1587,training,-0.0134,-0.0104,0.00000000,-0.0134|-0.0104,1,1422,train,-0.36161587,-0.36161587,9f10d14b798a9f788dd3a298a72463d5f2de37301e18b8947e118061bffa8a5a
T1588,training,-0.0134,0.0104,0.00000000,-0.0134|0.0104,1,1962,train,0.36161587,0.36161587,b17ac547ec5a7e580c111515620dab22941f52f6a1b6f5aa2230799ff2e4382d
T1589,training,-0.0134,0.0284,0.00000000,-0.0134|0.0284,1,11587,train,-0.53510592,-0.53510592,29d58a27f2098da89e302c3b70ec32c139576a182b22c9d38f00aa7aab4ffb19
T1590,test,-0.0132,-0.0155,0.00000000,-0.0132|-0.0155,1,8000,test_iid,0.34241880,0.34241880,f302cccf4ec2184b0be011efdd222958366af2fe0ca9de6924a2ac02fc324a72
T1591,training,-0.0132,-0.0143,0.00000000,-0.0132|-0.0143,6,7980;7981;7982;7983;7984;7985,train;val_iid;test_iid,0.45844783,0.45844783,a6a756a85f8c1f2b4b4a233b3d93960cfc7e9d9f96ac6c7fbfa8f6f60204a31b
T1592,training,-0.0132,-0.0130,0.00000000,-0.0132|-0.0130,1,2227,test_iid,-0.00709424,-0.00709424,a6f2f79f9866e25651e9562369a880b21cbc4692e9fc3d0878181f11f3757e2c
T1593,training,-0.0132,-0.0009,0.00000000,-0.0132|-0.0009,1,2065,train,0.10284669,0.10284669,8229bc2309dddc92963f1717525a355a69fb739fae5824b9eb4ad389452fcf77
T1594,training,-0.0132,0.0009,0.00000000,-0.0132|0.0009,1,1309,train,-0.10284669,-0.10284669,ac359de7dcf61fb4f445e97f4d6551f51c2696a50604bb75f088acfe9dfd2705
T1595,validation,-0.0132,0.0130,0.00000000,-0.0132|0.0130,1,1147,train,0.00709424,0.00709424,d69a51a12d6a00b4e5befeda3a437db659d112f9d4bf843f8844b46bdafdc4fb
T1596,training,-0.0132,0.0143,0.00000000,-0.0132|0.0143,6,11706;11707;11708;11709;11710;11711,train;val_iid,-0.45844783,-0.45844783,705c339ab4ed08c75fb0ef1867cf3d4d0194cd902b6a7dff3eb9ab62f9040b03
T1597,training,-0.0132,0.0155,0.00000000,-0.0132|0.0155,1,11618,train,-0.34241880,-0.34241880,97f267286beb5935919db6160af8edf51d8f9dc23a01d59fb90c286880cd1b42
T1598,training,-0.0130,-0.0164,0.00000000,-0.0130|-0.0164,1,8016,train,0.43281326,0.43281326,4bd8286db5306f9260582dabeb5b36571b630f8a9b83397daec5ee821bc09d69
T1599,training,-0.0130,-0.0132,0.00000000,-0.0130|-0.0132,1,8707,test_iid,0.00709424,0.00709424,cb7b57e61c11d7a4d01df40b10cd7b08b223ad3049cff0a3141db43d19597983
T1600,training,-0.0130,-0.0070,0.00000000,-0.0130|-0.0070,1,1735,train,-0.02132176,-0.02132176,5e0f3ae3ac7958904ae02e2f52152a0e571dc4266e3f4a788b534d01f275cfd1
T1601,training,-0.0130,0.0070,0.00000000,-0.0130|0.0070,1,1627,train,0.02132176,0.02132176,5c0bc504a0d6c22da88c310ed040a77b8a95681ac3dd4eccaf8a23d542fd72c8
T1602,training,-0.0130,0.0132,0.00000000,-0.0130|0.0132,1,12433,train,-0.00709424,-0.00709424,c7c2439bd74ce10d2b0892f7692f56643df3459cdae22cc484642d43f3634cba
T1603,training,-0.0130,0.0164,0.00000000,-0.0130|0.0164,1,11634,train,-0.43281326,-0.43281326,4aa10c59b5f700baaa89f73569bae6201e70126d26a6441d8a6784bfbf6bcd1e
T1604,training,-0.0129,-0.0084,0.00000000,-0.0129|-0.0084,1,2119,train,0.03649522,0.03649522,0842066390822d18dfe26fd08520a7d6e18a34062ce369e2ce855d50e3178c48
T1605,training,-0.0129,0.0084,0.00000000,-0.0129|0.0084,1,1255,train,-0.03649522,-0.03649522,b521b47de17c5d9787d3112391aa66dd204167eea004574a10a2dde5e1f56d27
T1606,training,-0.0128,0.0000,0.00000000,-0.0128|0.0000,1,1681,train,0.00000000,0.00000000,bf870bcb40c8872486db833b67fc3915fea87af75d4794a551ead44764c8b3bd
T1607,training,-0.0126,-0.0333,0.00000000,-0.0126|-0.0333,1,8088,train,0.65938186,0.65938186,0db8065cf3f2713db53d14d0e305d217b04855468da9567355f34e1a70b5c58e
T1608,training,-0.0126,-0.0137,0.00000000,-0.0126|-0.0137,1,8761,train,-0.01011640,-0.01011640,5714eb339dde0565216b776723aa6b07de516b0671a9013d41d4d7862b00a12a
T1609,test,-0.0126,-0.0123,0.00000000,-0.0126|-0.0123,1,1849,train,-0.04715727,-0.04715727,fa34518f46f360869514e1068f5f795f946ef15d289f7f8c0614a3889c622e49
T1610,training,-0.0126,0.0000,0.00000000,-0.0126|0.0000,1,1686,test_iid,-0.00000000,-0.00000000,b445a2bde06cd69a749b62027347de4d2fe79c0ffbd73ffa4157df82ce56d43d
T1611,training,-0.0126,0.0123,0.00000000,-0.0126|0.0123,1,1525,train,0.04715727,0.04715727,0f27aa42c6b296467279bc5f648d7ce8307c55ac8deb4793c5fa3bd936831e54
T1612,training,-0.0126,0.0137,0.00000000,-0.0126|0.0137,1,12379,test_iid,0.01011640,0.01011640,b46c47271e3a3af0209a4d6ab8cf8e198e3419e5a7c107ba318493e01bf99e33
T1613,training,-0.0126,0.0333,0.00000000,-0.0126|0.0333,1,11598,train,-0.65938186,-0.65938186,7617e0052dc2fb3a04b7907170609ac99fc7414c628ab5cdbdb8c0062bbcc19d
T1614,validation,-0.0125,-0.0138,0.00000000,-0.0125|-0.0138,1,8383,train,0.03123135,0.03123135,d648323e57283917c0d5779326d71c137930d60d3cd8bc037494d0bdd319e63d
T1615,training,-0.0125,0.0138,0.00000000,-0.0125|0.0138,1,12001,train,-0.03123135,-0.03123135,a1a5b7d4572ace9debeaa9bd57b06758e2095370bc0626286cc1cd9c044d6ab4
T1616,validation,-0.0124,-0.0201,0.00000000,-0.0124|-0.0201,1,8055,val_iid,0.31215106,0.31215106,e0211d247be8dad31c099fa05bfc23e5a8288fcd4ff74e647ebfbe6f7bb80340
T1617,training,-0.0124,-0.0135,0.00000000,-0.0124|-0.0135,6,7986;7987;7988;7989;7990;7991,train;val_iid;test_iid,0.42429977,0.42429977,1922a0144fa02bc1ce2aa8b583c0343852c6a3e3a21cd26d8f16a0732cd9113e
T1618,training,-0.0124,-0.0110,0.00000000,-0.0124|-0.0110,1,1789,train,-0.03203759,-0.03203759,2f7e57e3bd6571598022843b681a21564ea0de577188344269bc42236b8eaff4
T1619,training,-0.0124,0.0110,0.00000000,-0.0124|0.0110,1,1573,train,0.03203759,0.03203759,5f42aa70a3563aeb51474cb905c92bb15fc841968de73f6ddba29ace160afa96
T1620,training,-0.0124,0.0135,0.00000000,-0.0124|0.0135,6,11712;11713;11714;11715;11716;11717,train;val_iid;test_iid,-0.42429977,-0.42429977,7e3fb6f5eb095e446a27f0639d88d9560de8138ff6f8c95a9eff5646605a32dc
T1621,training,-0.0124,0.0201,0.00000000,-0.0124|0.0201,1,11565,train,-0.31215106,-0.31215106,c18beac4b1f1d621f0d3cf8271b81b7ca86cca125d4685ae60b60f873b93e185
T1622,training,-0.0123,-0.0135,0.00000000,-0.0123|-0.0135,6,7974;7975;7976;7977;7978;7979,train,0.43209794,0.43209794,51197dac93b54a2ba3800b347b2cf55ebd5f56ff658aa8de5d7a381f5e523c52
T1623,validation,-0.0123,-0.0126,0.00000000,-0.0123|-0.0126,1,8329,train,0.04715727,0.04715727,e3b7a0e0cf8fc9dcd8e74cdc121181ea6bf930ebc3b86ec9de13e4d9b92d54e0
T1624,test,-0.0123,-0.0111,0.00000000,-0.0123|-0.0111,1,2167,train,0.01073063,0.01073063,fde0edd41a047cc2e7b0e6543e4a7c9fedc8baa58c293b7bb01bdab655273807
T1625,training,-0.0123,-0.0068,0.00000000,-0.0123|-0.0068,1,1740,train,-0.01985624,-0.01985624,671ed4f4e5b2b4870b6d02be84b563d4de3c1d7b49ce6da4d5589076283303c8
T1626,training,-0.0123,0.0068,0.00000000,-0.0123|0.0068,1,1632,train,0.01985624,0.01985624,20616e51b4c10f19763de600d359e2a87d7ea953b3a56918b8af98bdcf1962bb
T1627,training,-0.0123,0.0111,0.00000000,-0.0123|0.0111,1,1195,train,-0.01073063,-0.01073063,3fa98030f7cdd686d0e1f54ff4e608c28b924ae3d66f5d3f7c05637b463deead
T1628,training,-0.0123,0.0126,0.00000000,-0.0123|0.0126,1,12055,train,-0.04715727,-0.04715727,371ae884c4250bd15ba50fa766da79bb7474ac6216dca8bfae2ccb76edb57bd9
T1629,training,-0.0123,0.0135,0.00000000,-0.0123|0.0135,6,11700;11701;11702;11703;11704;11705,train;val_iid,-0.43209794,-0.43209794,24e0d6f3100cde785b31adaa5a9795866f81e89942a4fe701689ece70fd88a1e
T1630,training,-0.0122,-0.0190,0.00000000,-0.0122|-0.0190,1,8804,test_iid,-0.05420417,-0.05420417,391bc6aed22d815fcc1311375a7a774605bfae6eaa99044ea4c13e57152ffb10
T1631,test,-0.0122,0.0190,0.00000000,-0.0122|0.0190,1,12314,val_iid,0.05420417,0.05420417,f2614580add89025a0fe7e09d9987e8d9fb8d32812c3bc5a7440f95de0844472
T1632,test,-0.0121,-0.0072,0.00000000,-0.0121|-0.0072,1,2113,train,0.03918618,0.03918618,eada252ffab64d977c865611c94ae58ff0adbff3a2dd5cca578d4a2ce8f033c2
T1633,training,-0.0121,0.0072,0.00000000,-0.0121|0.0072,1,1249,train,-0.03918618,-0.03918618,1ad63744347848f90b8db9b8afeb16a82d09fcab9edc26e01843d3b4bca5169f
T1634,training,-0.0120,-0.0108,0.00000000,-0.0120|-0.0108,4,1484;1485;1486;1487,train;test_iid,-0.36724645,-0.36724645,5dd72150200f0f71fac92c72cc4d06b34a79ece575b4952ac3c0ee0b00aea66a
T1635,training,-0.0120,0.0108,0.00000000,-0.0120|0.0108,4,1916;1917;1918;1919,train,0.36724645,0.36724645,7d56233c37ea12e9b7d932ab8139e01c6427caf4ebaa9ff4ac261c743c052296
T1636,test,-0.0119,-0.0221,0.00000000,-0.0119|-0.0221,1,8820,train,-0.08969058,-0.08969058,f87b2e5cfb321d02a282e1f8625c3c17ee4c5ecbb906695a5492084274ced363
T1637,training,-0.0119,-0.0110,0.00000000,-0.0119|-0.0110,4,1478;1479;1480;1481,train,-0.37189736,-0.37189736,204ef681cd8b56dbad7a91408119e966443d14fbbf1678e58be8faa45c52f762
T1638,training,-0.0119,0.0110,0.00000000,-0.0119|0.0110,4,1910;1911;1912;1913,train,0.37189736,0.37189736,c0fb491fb2a64d4e2f3bb60aafc121508d6068d646f57e84ad1610620067e680
T1639,validation,-0.0119,0.0221,0.00000000,-0.0119|0.0221,1,12330,train,0.08969058,0.08969058,dee8210e320dbaeacb0c647e23b92ad276f7cadfdb77a10a108ad703c7aea581
T1640,training,-0.0117,-0.0064,0.00000000,-0.0117|-0.0064,1,1363,train,-0.19448937,-0.19448937,6fe13b26143785124162cd2ffe8f65f059a2a09ec15c1e365c21ca9c6481a325
T1641,training,-0.0117,-0.0009,0.00000000,-0.0117|-0.0009,1,2059,train,0.09984199,0.09984199,1bc468722c900d228dd5086e6e414b2c43c24c8cd668b2f67432ba3a0fe43ec6
T1642,training,-0.0117,0.0009,0.00000000,-0.0117|0.0009,1,1303,train,-0.09984199,-0.09984199,acc9cae74ddc8bb06737a55982e9c0003333c4a2c81c3142c28a61883cadc8b7
T1643,test,-0.0117,0.0064,0.00000000,-0.0117|0.0064,1,2011,train,0.19448937,0.19448937,ed31f041397c9ea00544b7f40a198de748df046edeb4b5aaf965ab6e785f7eae
T1644,training,-0.0116,-0.0197,0.00000000,-0.0116|-0.0197,1,8426,train,0.02975219,0.02975219,8af5716c9fc290dd7bf6a09dd21fb875c1ada78017652458bb0aa7d9c1853579
T1645,training,-0.0116,-0.0187,0.00000000,-0.0116|-0.0187,1,8060,train,0.29295089,0.29295089,18463f55240476ba9aa731924f7a951547e9e01ee7e7d21c55177c7fc1eec6ec
T1646,training,-0.0116,-0.0114,0.00000000,-0.0116|-0.0114,1,2221,train,-0.00624170,-0.00624170,2cac040ef28103369426dff08db79309f035630787ead616bd5e4c1fc023dbec
T1647,training,-0.0116,0.0114,0.00000000,-0.0116|0.0114,1,1141,train,0.00624170,0.00624170,4dfecd9e680341955ffb143ed11385fa34e87e5e4c0d1d94544da7596f70a0c4
T1648,training,-0.0116,0.0187,0.00000000,-0.0116|0.0187,1,11570,train,-0.29295089,-0.29295089,74fe91b8ed0dac921a94039a827d32b0187e39b9e46736da69220b2a23c5d532
T1649,training,-0.0116,0.0197,0.00000000,-0.0116|0.0197,1,11936,test_iid,-0.02975219,-0.02975219,7990989660a1f1442ee9b70c877133b3f01d70ca412424768f38e840f9bec72f
T1650,training,-0.0115,-0.0105,0.00000000,-0.0115|-0.0105,1,1482,test_iid,-0.35544717,-0.35544717,3d347803a608174e4e25a94ed0151daf305582ae5a30f4902e751a037f856a62
T1651,training,-0.0115,-0.0103,0.00000000,-0.0115|-0.0103,1,1794,train,-0.02634927,-0.02634927,57e3b9e09377fa300042901eb3ba612d9a3a42f8017952fe78bbc758a4cac08f
T1652,training,-0.0115,0.0103,0.00000000,-0.0115|0.0103,1,1578,train,0.02634927,0.02634927,b8e435d2740cf2da6f652f2df9907ff1ad270e0feae6f3b1be34dcf85d4c6396
T1653,training,-0.0115,0.0105,0.00000000,-0.0115|0.0105,1,1914,train,0.35544717,0.35544717,a90550fe8b10edae3c219262b2c5793d3b4c9cd55be3dc2c619ac010a69e0b4b
T1654,training,-0.0114,-0.0137,0.00000000,-0.0114|-0.0137,1,7994,train,0.32320768,0.32320768,4ecd51f2900d86e898f5a43334691cfa392108f9b48c7b0fb261bbc2dab7830a
T1655,training,-0.0114,-0.0116,0.00000000,-0.0114|-0.0116,1,8701,train,0.00624170,0.00624170,19e171a32270267cd386bd8c53573e977317478fb18a9607596494ee5f46c116
T1656,training,-0.0114,-0.0104,0.00000000,-0.0114|-0.0104,1,2172,train,0.00938808,0.00938808,3eab9bb9cb9c2cbb82cd32ce3ebfa945fbef51a832bf736377f2bce4e05c6801
T1657,training,-0.0114,0.0104,0.00000000,-0.0114|0.0104,1,1200,train,-0.00938808,-0.00938808,6ae8f9075cb704bc19216706d68e40739ce952cdfa3281bade9898da5d898805
T1658,training,-0.0114,0.0116,0.00000000,-0.0114|0.0116,1,12427,train,-0.00624170,-0.00624170,35a794ce91f08a645c302e9e4f5009973babb59a50cb0a6a42a1a0ab8f448818
T1659,test,-0.0114,0.0137,0.00000000,-0.0114|0.0137,1,11612,train,-0.32320768,-0.32320768,e7b7b955ad9530ec858a1389cbc9d00ada825b5a8f8adcd7657b9e857422b160
T1660,training,-0.0113,-0.0104,0.00000000,-0.0113|-0.0104,1,1477,train,-0.35034777,-0.35034777,0dffa9abcb847c81c780de96594644bfea7a15728fb0788efa7eb061fa000755
T1661,test,-0.0113,0.0000,0.00000000,-0.0113|0.0000,1,1675,train,-0.00000000,-0.00000000,ec46ae055ed40fe963089c2e9ce37cf55ce4c66643d83e64affe6a0ebf265656
T1662,training,-0.0113,0.0104,0.00000000,-0.0113|0.0104,1,1909,train,0.35034777,0.35034777,9a39b96a6ded600daccfa979fccf5b265ab405d677780b70c0418aa057e2ae7d
T1663,training,-0.0112,-0.0008,0.00000000,-0.0112|-0.0008,1,2064,train,0.09449767,0.09449767,922505100c9b739491bcf3be3385932c6a9e8c15acc4489ab1b91bc22d75bab4
T1664,validation,-0.0112,0.0008,0.00000000,-0.0112|0.0008,1,1308,train,-0.09449767,-0.09449767,e061c40e5244b5752a569ea5b93352cfc396b332eccb5f677923716e81304fd4
T1665,training,-0.0111,-0.0123,0.00000000,-0.0111|-0.0123,1,8755,train,-0.01073063,-0.01073063,39afd4f291d58318f85973f544e0cfd7bc0af33d58615ff2337ea628b29a8644
T1666,training,-0.0111,-0.0101,0.00000000,-0.0111|-0.0101,1,1483,train,-0.34217876,-0.34217876,4cbd4c5e72cc1bfdfa94b20a72427d4de6b9d1e4e284ade95f9eed19afa6a132
T1667,training,-0.0111,0.0101,0.00000000,-0.0111|0.0101,1,1915,train,0.34217876,0.34217876,9fec85af6e90dcf04203fed36746a6ffc01da4b71e70783c486011e84fd29ce2
T1668,training,-0.0111,0.0123,0.00000000,-0.0111|0.0123,1,12373,train,0.01073063,0.01073063,9b5366c995bb068e22f0232226f896fa9abfb42f161cdcf103aacc175d0925ef
T1669,training,-0.0110,-0.0254,0.00000000,-0.0110|-0.0254,1,8071,train,0.48321808,0.48321808,0be799c01ea5433e7b0b774f5715e84222dcaa61d00371d04eb7ac711977f4e8
T1670,test,-0.0110,-0.0124,0.00000000,-0.0110|-0.0124,1,8377,train,0.03203759,0.03203759,fe0166d83b8d2631d34403c1a703f3242d018f5c21c8a3dc2283efca89a0f2c3
T1671,training,-0.0110,-0.0119,0.00000000,-0.0110|-0.0119,4,7958;7959;7960;7961,train,0.37189736,0.37189736,33306e6c142867b67c6f872c0d53d6617501ab57c886263669563da50413218c
T1672,training,-0.0110,-0.0069,0.00000000,-0.0110|-0.0069,1,2118,train,0.03292294,0.03292294,a4c6659ccd1739c80936cb523e778e0662d82d21a44531355af846dd41a2cddb
T1673,training,-0.0110,0.0069,0.00000000,-0.0110|0.0069,1,1254,val_iid,-0.03292294,-0.03292294,0d0647ef9f4a403dc53f4788d2b79478e063f579c60efbb029bc7bf0f458bf42
T1674,training,-0.0110,0.0119,0.00000000,-0.0110|0.0119,4,11684;11685;11686;11687,train;val_iid,-0.37189736,-0.37189736,12041e274725b2048cc282b51f72c03253db9effc6d62f01e9d51a1d490e1d2b
T1675,training,-0.0110,0.0124,0.00000000,-0.0110|0.0124,1,11995,test_iid,-0.03203759,-0.03203759,0fd01e65d7cc2c16c86da83362bc438b35b654296a35eb69d515cda1c009c45b
T1676,training,-0.0110,0.0254,0.00000000,-0.0110|0.0254,1,11581,train,-0.48321808,-0.48321808,6767281e606940fe2d52bb6ce73fb77d185d471850cc6db0e26bb542e055104f
T1677,training,-0.0109,-0.0235,0.00000000,-0.0109|-0.0235,1,8442,val_iid,0.04471322,0.04471322,55a7a7e64fcf0cad1e762257977080b9c25f432ece0996a5e6ff8d1a8d624798
T1678,validation,-0.0109,-0.0107,0.00000000,-0.0109|-0.0107,1,2226,train,-0.00630165,-0.00630165,e0e4d6ca4a80c1405a405bd805cefc6c9e8b4b5ff041399968cd8927e2f66816
T1679,training,-0.0109,-0.0055,0.00000000,-0.0109|-0.0055,2,1729;1734,train;test_iid,-0.01909797,-0.01876381,b1c9c2ea945f606a8fb9ad0ccadd524335e237ad1943dfebf3f5b783f2714472
T1680,training,-0.0109,0.0055,0.00000000,-0.0109|0.0055,2,1621;1626,train;test_iid,0.01876381,0.01909797,008fca965e787d53bd33d6c87c5feb825d0020f2a4bab8d563cb68ade0932ca5
T1681,training,-0.0109,0.0107,0.00000000,-0.0109|0.0107,1,1146,train,0.00630165,0.00630165,a990fa27ed67aa3500fc6d51cda187d40f6730e2dd846365d254438afdf06f70
T1682,training,-0.0109,0.0235,0.00000000,-0.0109|0.0235,1,11952,test_iid,-0.04471322,-0.04471322,36a3b86ba429fea1f08056e1a50815db5e1f7d831d63596885f1513b2981830d
T1683,training,-0.0108,-0.0120,0.00000000,-0.0108|-0.0120,4,7964;7965;7966;7967,train;test_iid,0.36724645,0.36724645,b09c4f643029f708a32a85b7d9863df8ccc07e2529f78055645310e3a9b0b281
T1684,training,-0.0108,-0.0099,0.00000000,-0.0108|-0.0099,5,1489;1490;1491;1492;1493,train;val_iid,-0.32688086,-0.32635317,683f6d448126b5ad9f87dc94e441bee4a9ee9a779d3ec5ec412fddad99518341
T1685,test,-0.0108,-0.0091,0.00000000,-0.0108|-0.0091,1,1417,train,-0.24081379,-0.24081379,fdfc7d519df3fc4945406060fae02febf44a9d82e92c7c9eb8a4b566ca6bd922
T1686,training,-0.0108,0.0091,0.00000000,-0.0108|0.0091,1,1957,val_iid,0.24081379,0.24081379,1564f687ed854a13521d5ae04625a62f20b3869c002f4cd7854bdd364aadadec
T1687,training,-0.0108,0.0099,0.00000000,-0.0108|0.0099,5,1921;1922;1923;1924;1925,train;test_iid,0.32635317,0.32688086,bab71e88a10fe523ec747598790a5b62330099f2e5320405c725f77aa0d7f91d
T1688,training,-0.0108,0.0120,0.00000000,-0.0108|0.0120,4,11690;11691;11692;11693,train,-0.36724645,-0.36724645,89323432028da576f466954a51e68c395213d64487d47eae1353b85f4802de8c
T1689,training,-0.0107,-0.0295,0.00000000,-0.0107|-0.0295,1,8082,train,0.58449585,0.58449585,c268cdd12ff101600906d6e63323281523b834b3e69a7d2bcab121d8c32d4971
T1690,training,-0.0107,-0.0109,0.00000000,-0.0107|-0.0109,1,8706,test_iid,0.00630165,0.00630165,0b0653d1e284e4d8468d90e7bd80e0aad225724e73fefcb5a5cd605dd2244af6
T1691,training,-0.0107,-0.0104,0.00000000,-0.0107|-0.0104,1,1843,train,-0.04882402,-0.04882402,020e918a7c3e299e50db9617f4f8b7d95fca0680b8de50610126955ecc79ce7b
T1692,training,-0.0107,-0.0099,0.00000000,-0.0107|-0.0099,1,1488,train,-0.32613518,-0.32613518,c92b3c1baca1809bcf08050deb93d11d974c0df2b5940ae98b1f43da030927ac
T1693,training,-0.0107,0.0000,0.00000000,-0.0107|0.0000,1,1680,train,-0.00000000,-0.00000000,b44c2424aba257d4ac17d62387504e1388c22bab461e55e641ccab5b52d38a93
T1694,training,-0.0107,0.0099,0.00000000,-0.0107|0.0099,1,1920,train,0.32613518,0.32613518,3ecff545987747e2abbf701788053182871a29540fa4eed4cbe92aa1fc5801b8
T1695,training,-0.0107,0.0104,0.00000000,-0.0107|0.0104,1,1519,train,0.04882402,0.04882402,a870653e0481c68dabfac9f9fb6b29141b9eeb6f064222f7ce335fc2464e3904
T1696,test,-0.0107,0.0109,0.00000000,-0.0107|0.0109,1,12432,train,-0.00630165,-0.00630165,e98614c48613e7aaec345e0845dbdbc25a37426d0b7e33c5bbe252759efeaf3d
T1697,validation,-0.0107,0.0295,0.00000000,-0.0107|0.0295,1,11592,train,-0.58449585,-0.58449585,cf095b6d934771eba1f5d8eb847f7329c7dfd9b194de78988383d0871f28a5ac
T1698,training,-0.0106,-0.0183,0.00000000,-0.0106|-0.0183,1,8049,train,0.29427098,0.29427098,038f9e62dabdc614439ea5cba68ceac6f945a0b0c2dbad46e5375b7341d7b082
T1699,validation,-0.0106,-0.0104,0.00000000,-0.0106|-0.0104,1,1848,val_iid,-0.04449720,-0.04449720,d2d89da50957908c02145b4ba2dd7d1b0e745ccb4b2a0ffd7d2851c85a97f719
T1700,training,-0.0106,0.0104,0.00000000,-0.0106|0.0104,1,1524,train,0.04449720,0.04449720,0467da39cf11938c5b2fb155342ef27b69ee82435bb23721dba97400625ba7ac
T1701,training,-0.0106,0.0183,0.00000000,-0.0106|0.0183,1,11559,train,-0.29427098,-0.29427098,16b7f9aa38bb2748f3add03929ce6c5fac9560af3c2325ae83edcfb19ef43f43
T1702,training,-0.0105,-0.0236,0.00000000,-0.0105|-0.0236,1,8076,train,0.45145639,0.45145639,aff20321620c08c9f78924cf4ce77a4f8bfcfd66dd513585a06e5812eb8efaba
T1703,training,-0.0105,-0.0115,0.00000000,-0.0105|-0.0115,1,7962,train,0.35544717,0.35544717,ace5b73e917097293e9ad81c14cb6cb9cbf95af2f996cbcb0e98993de2f6642d
T1704,training,-0.0105,-0.0051,0.00000000,-0.0105|-0.0051,1,1357,train,-0.18274899,-0.18274899,c42303b7fe6caecf3ac70c951fca15cba62704e0611d683a6bb875466679214d
T1705,training,-0.0105,0.0051,0.00000000,-0.0105|0.0051,1,2005,val_iid,0.18274899,0.18274899,9a5bb0544a6cd885b11f09cabd6ba4236570954a0d416c1e119e020cd6f60693
T1706,training,-0.0105,0.0115,0.00000000,-0.0105|0.0115,1,11688,train,-0.35544717,-0.35544717,6d3c5b15bc6d72f56fe0837704d8c0bbd2340b340178f628136917be382bad65
T1707,training,-0.0105,0.0236,0.00000000,-0.0105|0.0236,1,11586,train,-0.45145639,-0.45145639,c7ebcd903a45101ffaa3ca1a3058fcb72a1907a37ef3e652b6e4f179179cd8fe
T1708,training,-0.0104,-0.0134,0.00000000,-0.0104|-0.0134,1,8010,test_iid,0.36161587,0.36161587,252bc2e6b6f8e44423affea3bdde2ac43a2fde1be3247ef5586df1e27c0ecbf1
T1709,training,-0.0104,-0.0114,0.00000000,-0.0104|-0.0114,1,8760,train,-0.00938808,-0.00938808,323906ceb2e25de142c34fc2c7c999a4d7cf3847793afbc2ea4be054a28ff1de
T1710,training,-0.0104,-0.0113,0.00000000,-0.0104|-0.0113,1,7957,train,0.35034777,0.35034777,96999a85136fdd816c7f965e3219d0b20a267774eb36fcdcd28951be86d5841c
T1711,training,-0.0104,-0.0107,0.00000000,-0.0104|-0.0107,1,8323,train,0.04882402,0.04882402,224c968cef54729b3a96583ce0fd5eaf95fd5a8423a88e8a88780ef56a74c418
T1712,validation,-0.0104,-0.0106,0.00000000,-0.0104|-0.0106,1,8328,train,0.04449720,0.04449720,d8fc245c3bc4e0e66206a06f6ebcb45b0f671b04328b4fcd2ac520b92cb8a07a
T1713,training,-0.0104,-0.0093,0.00000000,-0.0104|-0.0093,1,2161,test_iid,0.01038152,0.01038152,24beafb674e00967838d5bd7acc8cb52874936d203610753d3f518d6d39997cd
T1714,test,-0.0104,-0.0090,0.00000000,-0.0104|-0.0090,1,1783,train,-0.03032458,-0.03032458,f2f76be366c179b9c7f6bbcc73673ff0ce5517a874057b3982518b1469454566
T1715,training,-0.0104,0.0090,0.00000000,-0.0104|0.0090,1,1567,train,0.03032458,0.03032458,0c981ebf8769bd2e231a18b6c5e30e76b609686ec079a9f17ccf7fdd42595b3e
T1716,training,-0.0104,0.0093,0.00000000,-0.0104|0.0093,1,1189,train,-0.01038152,-0.01038152,5bcae2cf02e0cabf13ec325eaf114d0c912035645fbbf901964bf8b4b8faffa5
T1717,training,-0.0104,0.0106,0.00000000,-0.0104|0.0106,1,12054,train,-0.04449720,-0.04449720,4ace813c83377864aed20a0a21f3e68bb2f6bc8a887f1c65da9f54b5932c9e54
T1718,training,-0.0104,0.0107,0.00000000,-0.0104|0.0107,1,12049,val_iid,-0.04882402,-0.04882402,9351f5bebd6a91b209d97e1d5284b7b87c5f0a15aaa360fb9adfe2161d14fdb6
T1719,training,-0.0104,0.0113,0.00000000,-0.0104|0.0113,1,11683,val_iid,-0.35034777,-0.35034777,681f52a6ee3757374ab47348dc640baa229f8ac6dfb164fb4b94519e72a9054e
T1720,training,-0.0104,0.0114,0.00000000,-0.0104|0.0114,1,12378,test_iid,0.00938808,0.00938808,285dfb6056cd8f5967661e2487fc172190f027689c5b5a60e64b90e6d790a053
T1721,training,-0.0104,0.0134,0.00000000,-0.0104|0.0134,1,11628,train,-0.36161587,-0.36161587,32c0ebfbc3e29fc52343c9df02116d409257c2027c9126671f19e4f89da083d8
T1722,training,-0.0103,-0.0115,0.00000000,-0.0103|-0.0115,1,8382,train,0.02634927,0.02634927,3deca7b474a10711445d79b88f694dcf235eb58a89c496f0c7360da2062fb804
T1723,training,-0.0103,-0.0058,0.00000000,-0.0103|-0.0058,1,2107,train,0.03702409,0.03702409,15669a942ea7b2823d0ae3e64daa09c640bc4175d9acb4ece743c608763e391b
T1724,training,-0.0103,0.0058,0.00000000,-0.0103|0.0058,1,1243,test_iid,-0.03702409,-0.03702409,36cc08d5331942ac75eaeb51aa9da006ddbc2188a151706905f0758af734696c
T1725,training,-0.0103,0.0115,0.00000000,-0.0103|0.0115,1,12000,train,-0.02634927,-0.02634927,84075b946deab8f321c5646055fe0ac4a2146f27fb67ead74d7bdff9a0a3af35
T1726,training,-0.0102,-0.0175,0.00000000,-0.0102|-0.0175,1,8054,train,0.28659595,0.28659595,0f79aac5814840f133da3cd491762c0c19e7c8c66c60f96e4139cbd5cc451e3c
T1727,training,-0.0102,0.0175,0.00000000,-0.0102|0.0175,1,11564,train,-0.28659595,-0.28659595,3936c5909cca0789eb2f6651a77b2c45758e377cf668009354b5e1903af0bc11
T1728,training,-0.0101,-0.0111,0.00000000,-0.0101|-0.0111,1,7963,train,0.34217876,0.34217876,ad7a3c32e4a6b2120dda5124836e945a3a27aadf253bfa3639b8b230a5b18b41
T1729,training,-0.0101,-0.0057,0.00000000,-0.0101|-0.0057,1,2112,train,0.03469967,0.03469967,5f654cfce6bd75aab56161672b0b5a01befddb8fbe1ef052da426e1a050a5cf3
T1730,test,-0.0101,0.0057,0.00000000,-0.0101|0.0057,1,1248,train,-0.03469967,-0.03469967,eef0827e806ed6cc6bac455b3449071b14496dc4cb1ff5b955f8886711d76d3b
T1731,training,-0.0101,0.0111,0.00000000,-0.0101|0.0111,1,11689,test_iid,-0.34217876,-0.34217876,0181cb1d4bc1b2172a2856d81d1557918ad11790073a74a72eac7abd95325f0d
T1732,test,-0.0100,-0.0943,0.00000000,-0.0100|-0.0943,1,8895,train,-1.23810511,-1.23810511,fe99ba825ec8a5df0aa3e965a5a8663fe152b0ddb7fa04a73f124b3ac1b8ef27
T1733,training,-0.0100,-0.0089,0.00000000,-0.0100|-0.0089,1,2166,train,0.00968818,0.00968818,549ddda465da47fb0d8bc33ac71f4705481a1dddd8090c24344ed22f80ba3032
T1734,training,-0.0100,0.0089,0.00000000,-0.0100|0.0089,1,1194,train,-0.00968818,-0.00968818,609a1b36da6e4c54216ead7a709234bd79dcbe1d30e401d23119ef6d07ffc804
T1735,training,-0.0100,0.0943,0.00000000,-0.0100|0.0943,1,12297,train,1.23810511,1.23810511,8947f29affa336e06f07fe27f11228dadce25a49c2e5483ff8ee47d3d75fe4c7
T1736,training,-0.0099,-0.0108,0.00000000,-0.0099|-0.0108,5,7969;7970;7971;7972;7973,train;val_iid,0.32635317,0.32688086,843becb2b8dfaa17a96a9f1c7fd74fe6ad6d57be3952d80d4e6279f97cd8fc1d
T1737,training,-0.0099,-0.0107,0.00000000,-0.0099|-0.0107,1,7968,train,0.32613518,0.32613518,628e82a44a51812fd762de8a89af4bb0b1d8b505eb757896feb2a9062bb696ff
T1738,training,-0.0099,-0.0092,0.00000000,-0.0099|-0.0092,1,1476,train,-0.31368549,-0.31368549,860e211088f45ea1978f3f020fc782fdd8ef7cf7b1290ff2b516d4126cecd326
T1739,validation,-0.0099,0.0092,0.00000000,-0.0099|0.0092,1,1908,train,0.31368549,0.31368549,e3110e6c041973d839f2f4f5d68e934dc53398e81a10312817cf2354c93a70d2
T1740,training,-0.0099,0.0107,0.00000000,-0.0099|0.0107,1,11694,train,-0.32613518,-0.32613518,bc8dd3d1507b1cb6360391f58cacac117514fe3a150f9198ee8e5c21215d255a
T1741,training,-0.0099,0.0108,0.00000000,-0.0099|0.0108,5,11695;11696;11697;11698;11699,train;test_iid,-0.32688086,-0.32635317,7002a643b2707c6253b5561c97b715d8997e955a67aef935688b4846efc269b6
T1742,test,-0.0098,-0.0049,0.00000000,-0.0098|-0.0049,1,1362,train,-0.17344046,-0.17344046,f46eb0ac5d4d876f625b399c21a4a1b6c7012b7cc31ffc5f56dd69d0a541723f
T1743,training,-0.0098,-0.0008,0.00000000,-0.0098|-0.0008,2,2053;2058,train,0.09169163,0.09320933,5446088272d608c7e21a2a43cf279811f114c3d33a8723d520ee4035bc9cb769
T1744,training,-0.0098,0.0008,0.00000000,-0.0098|0.0008,2,1297;1302,train,-0.09320933,-0.09169163,5a5ea0ea59ac3718e97f9aac25395507958344c39e69b7443695127b3d0c55b1
T1745,training,-0.0098,0.0049,0.00000000,-0.0098|0.0049,1,2010,train,0.17344046,0.17344046,7865a308f5b3d67a426adbd0524385f3124fbe0ed024199d0b9f51bcd3a88e21
T1746,training,-0.0097,-0.0084,0.00000000,-0.0097|-0.0084,1,1788,train,-0.02623336,-0.02623336,81e16a97064e5bd1d5564d3b81f8803a89e407797fc1ae67c3c492c0d7a5ab98
T1747,test,-0.0097,0.0084,0.00000000,-0.0097|0.0084,1,1572,train,0.02623336,0.02623336,fafde56895dbaa146eb7b1252b66f4c124c2496a46076b4f29a98996354026f1
T1748,training,-0.0096,-0.0094,0.00000000,-0.0096|-0.0094,1,2215,train,-0.00496157,-0.00496157,751ac0c24e64010fc16e186199be02af4819e1a13fa8ff8557d9f65e0afba6fa
T1749,training,-0.0096,0.0094,0.00000000,-0.0096|0.0094,1,1135,train,0.00496157,0.00496157,abf5977cb141e3770a547454e9ad7ef66fcae39ae227cf5ca75c60248d7b9126
T1750,training,-0.0095,-0.0093,0.00000000,-0.0095|-0.0093,1,2220,train,-0.00542675,-0.00542675,c5718454b8c2f993c66c04245cdf917354102decbfbc1a88ede9558664887356
T1751,training,-0.0095,-0.0088,0.00000000,-0.0095|-0.0088,4,1460;1461;1462;1463,train;test_iid,-0.25616310,-0.25487001,9a06f4c82e034312c10ccd6517e1735e807b8be55b8c88f80fb0aabe17b3efbb
T1752,training,-0.0095,0.0088,0.00000000,-0.0095|0.0088,4,1892;1893;1894;1895,train,0.25487001,0.25616310,0e5dc76b68339209581088acfd26f535363f28d6f3491e8745dfaa823a1b1133
T1753,training,-0.0095,0.0093,0.00000000,-0.0095|0.0093,1,1140,train,0.00542675,0.00542675,b31f0b257140b3489254a42f9ca64d3b869d1432a9298a94cd5fc9a711872cc9
T1754,training,-0.0094,-0.0096,0.00000000,-0.0094|-0.0096,1,8695,train,0.00496157,0.00496157,5e1cb92058ad5274ae74003520a607c65587fea5384af9536b26b4f4e9941c36
T1755,training,-0.0094,0.0096,0.00000000,-0.0094|0.0096,1,12421,train,-0.00496157,-0.00496157,4e8a3ae1e01dd4e4a528657fe04f0604951ce9f3fa74ba5eba6ad86d2002125e
T1756,validation,-0.0093,-0.0104,0.00000000,-0.0093|-0.0104,1,8749,train,-0.01038152,-0.01038152,d793ee403609243997c7a1abac64dd962e95cec44823bb91f563b7e960777f4a
T1757,training,-0.0093,-0.0095,0.00000000,-0.0093|-0.0095,1,8700,train,0.00542675,0.00542675,c94741196af29f3f9c7b0312d0c1e3c855bc432696d33970f45d914e63512f28
T1758,training,-0.0093,0.0000,0.00000000,-0.0093|0.0000,1,1674,val_iid,0.00000000,0.00000000,9722f6396d22c3b72d93cac3616cfe665367f64b648b4de5e9ea6aca2c88244b
T1759,training,-0.0093,0.0095,0.00000000,-0.0093|0.0095,1,12426,val_iid,-0.00542675,-0.00542675,9fad35896b086015ef65906a4adda3cbe3a815460499f749c1529a7b133dd934
T1760,training,-0.0093,0.0104,0.00000000,-0.0093|0.0104,1,12367,train,0.01038152,0.01038152,86b0c22409e9dc878df7dfbfc5a0b51ca171ef74a2ff9207644bfdcf61f0f26c
T1761,training,-0.0092,-0.0099,0.00000000,-0.0092|-0.0099,1,7956,train,0.31368549,0.31368549,61547c6a8c322b1a63bc5ced9624d8e2f8997cc83f09a8be7b23d231f6b07faf
T1762,training,-0.0092,-0.0075,0.00000000,-0.0092|-0.0075,1,1411,train,-0.22260602,-0.22260602,1c38d776d3bbfe5d3b5d3dd6903eacdc615a1d26a1f3f52f13e18707cfdabacb
T1763,training,-0.0092,0.0075,0.00000000,-0.0092|0.0075,1,1951,train,0.22260602,0.22260602,39cf2dabee25388e56795785c4b6aea80b3237ae344ebcb3ee5d4761c3a853b1
T1764,training,-0.0092,0.0099,0.00000000,-0.0092|0.0099,1,11682,train,-0.31368549,-0.31368549,509634d7fd08a2a36ea68d3d8d1da817b7c966a98852c36122353ef7b9726ef7
T1765,training,-0.0091,-0.0108,0.00000000,-0.0091|-0.0108,1,8005,train,0.24081379,0.24081379,c88f169d06cd22e81b7cb9598d3d52beec39854bfd7c467898b57393d2c95925
T1766,training,-0.0091,0.0108,0.00000000,-0.0091|0.0108,1,11623,train,-0.24081379,-0.24081379,b7b058e66f815aaa8a530ae38b7a4feb8e1453b779835be8a510646f321cc0f4
T1767,validation,-0.0090,-0.0104,0.00000000,-0.0090|-0.0104,1,8371,val_iid,0.03032458,0.03032458,d66439ba32a32e3f9ddeb0db6ba861d52ca938418e551a6e2da3cc104d4feb2d
T1768,test,-0.0090,-0.0085,0.00000000,-0.0090|-0.0085,4,1472;1473;1474;1475,train;val_iid,-0.23278249,-0.23278249,f91a6a4434d35ddb9c5a8cd4d0e3aa6248c6aefc9601770a680648b2f7b6f0bb
T1769,training,-0.0090,0.0085,0.00000000,-0.0090|0.0085,4,1904;1905;1906;1907,train;val_iid,0.23278249,0.23278249,0eeafb8027e76496f17a5180c5708ab26cee9519706ce4ad9120061f2c24ab33
T1770,training,-0.0090,0.0104,0.00000000,-0.0090|0.0104,1,11989,train,-0.03032458,-0.03032458,b0ddaaef2c054e6939ab7999d59c9876363b25fda01e1492fed9abbab847368f
T1771,test,-0.0089,-0.0100,0.00000000,-0.0089|-0.0100,1,8754,test_iid,-0.00968818,-0.00968818,f6f3e5a5f65e81fc9266e2d7a4e069d24c3280860e2b5ac77903acd003a30ec6
T1772,training,-0.0089,-0.0086,0.00000000,-0.0089|-0.0086,1,1837,train,-0.05059781,-0.05059781,55ab293455b6a51084eb089aeacd467dcad08a6f2f4975ee23f446d96cf482d9
T1773,training,-0.0089,-0.0084,0.00000000,-0.0089|-0.0084,4,1466;1467;1468;1469,train;test_iid,-0.23960346,-0.23960346,9f519a802068866155f7f3b395a4b99451468445268404a119c3772cf7e678d0
T1774,validation,-0.0089,0.0084,0.00000000,-0.0089|0.0084,4,1898;1899;1900;1901,train;test_iid,0.23960346,0.23960346,e08387e1d8219862ba0a4cf8b788577cf51c1d6b8e390d9977b7ba8e54e46c60
T1775,training,-0.0089,0.0086,0.00000000,-0.0089|0.0086,1,1513,train,0.05059781,0.05059781,133e354b8c1b2a1f52c9ef44a57fbde31c2325fc6affa3d67e3e53511420f8e3
T1776,training,-0.0089,0.0100,0.00000000,-0.0089|0.0100,1,12372,train,0.00968818,0.00968818,5a2ff0006fc1f775328758123ff0614070cf50dbe64e5251630e2de031c40050
T1777,training,-0.0088,-0.0095,0.00000000,-0.0088|-0.0095,4,7940;7941;7942;7943,train;val_iid,0.25487001,0.25616310,bf5757453c3a6f25858efe8c99297b7314a6af58a78f2adbe778d231f6a643ff
T1778,training,-0.0088,-0.0041,0.00000000,-0.0088|-0.0041,1,1728,train,-0.01672983,-0.01672983,a08048bbaa218e2052aae5271ca5996491cd7780924d73490ab48bc5684236cf
T1779,training,-0.0088,-0.0037,0.00000000,-0.0088|-0.0037,1,1351,train,-0.16221287,-0.16221287,432f69412f52561676a92e688af6d420f667d672bebfb0859a118f2f696d6498
T1780,training,-0.0088,0.0037,0.00000000,-0.0088|0.0037,1,1999,train,0.16221287,0.16221287,4910194ffb3a62951f496057ff158a31e73e43780296eb8ac96b3c651e42db9a
T1781,validation,-0.0088,0.0041,0.00000000,-0.0088|0.0041,1,1620,train,0.01672983,0.01672983,e0eead90a1b28533b3ad064ad9b24404f44db41776701ac87dd89f5c37ec5c16
T1782,training,-0.0088,0.0095,0.00000000,-0.0088|0.0095,4,11666;11667;11668;11669,train;val_iid,-0.25616310,-0.25487001,606e4e4031062331a29b91074c7abd1d4e6d888ffb06c0a831c22668b8bc5441
T1783,test,-0.0087,-0.0160,0.00000000,-0.0087|-0.0160,1,8048,train,0.26989832,0.26989832,f8e734eff24c8b664ba15ee39aa9a7197771346b661f47009c0f21279ad8e469
T1784,training,-0.0087,0.0160,0.00000000,-0.0087|0.0160,1,11558,train,-0.26989832,-0.26989832,b7e14e49c2b29f2ca756b885bdd84c1ec9b8ef565a4843c35e1a12196637a9ed
T1785,test,-0.0086,-0.0089,0.00000000,-0.0086|-0.0089,1,8317,val_iid,0.05059781,0.05059781,fdfad4a04b785183ff9397e4ed1fd6390faf375a830e61442f4fda9905c3e4c8
T1786,validation,-0.0086,-0.0083,0.00000000,-0.0086|-0.0083,1,1842,train,-0.04632797,-0.04632797,e2bd4f008ad369bbfa990a66f89843c7066ab90e39cf27afaba0aaba02bcac60
T1787,training,-0.0086,-0.0070,0.00000000,-0.0086|-0.0070,1,1416,train,-0.20550125,-0.20550125,aeace291121e48e9a7a295987982169449c5a769c7e712e5a7e58ac55e891e3c
T1788,training,-0.0086,0.0070,0.00000000,-0.0086|0.0070,1,1956,train,0.20550125,0.20550125,5873db24878c188bd0dc35de111e35fb0140c75228b1679271ed7a7d163223c6
T1789,validation,-0.0086,0.0083,0.00000000,-0.0086|0.0083,1,1518,train,0.04632797,0.04632797,d0f6f3181ccc75cefbf43d487ac7f7445901acefbe5c0fe04c192e2fef33392e
T1790,training,-0.0086,0.0089,0.00000000,-0.0086|0.0089,1,12043,train,-0.05059781,-0.05059781,a9ad154d9423d6e97841c98d4175dffab266a545e2a33ab120efb9ae8141a89b
T1791,training,-0.0085,-0.0939,0.00000000,-0.0085|-0.0939,1,8906,train,-1.22481944,-1.22481944,3aae508d172be1c2878abef246db84079776ea8a8d068e5cc72555f25414970e
T1792,training,-0.0085,-0.0213,0.00000000,-0.0085|-0.0213,1,8065,train,0.40605379,0.40605379,9efd205fd7f1826d17c1412dab578ddf5b09a2db4f15f0e57017c2b5c1502cc7
T1793,training,-0.0085,-0.0090,0.00000000,-0.0085|-0.0090,4,7952;7953;7954;7955,train;val_iid,0.23278249,0.23278249,bae067de29ff1f677c9e0c1ac0b14933f3f676f343e8b1223c24ea0896732313
T1794,training,-0.0085,-0.0037,0.00000000,-0.0085|-0.0037,1,1356,train,-0.15744045,-0.15744045,b8e08c92ecfe2d5889bddfc85c764b78d9a2375517d174f4ded9b84cfea0c35d
T1795,validation,-0.0085,0.0037,0.00000000,-0.0085|0.0037,1,2004,train,0.15744045,0.15744045,d0365a015b4bf82569a283df6981e8c6ecc3c86bef61ae2de1c8db2a128c0a23
T1796,training,-0.0085,0.0090,0.00000000,-0.0085|0.0090,4,11678;11679;11680;11681,train,-0.23278249,-0.23278249,2aa79ebbbbaca66bb5e6bf3b8045afe18ff8d94c62c2ef1bd239a882a8633227
T1797,training,-0.0085,0.0213,0.00000000,-0.0085|0.0213,1,11575,test_iid,-0.40605379,-0.40605379,94991488207a26bacccfc45eaf43ebff38e07cf2e116a1518c88beee31e14a1f
T1798,training,-0.0085,0.0939,0.00000000,-0.0085|0.0939,1,12308,train,1.22481944,1.22481944,ca1b626b45c8d1c8fbb835424df8b968715f09787c91ab2b3f521fe10dd07088
T1799,training,-0.0084,-0.0840,0.00000000,-0.0084|-0.0840,1,8894,train,-1.07320935,-1.07320935,7a032cc0a7a0c3968b0b96d04d8d57db5c1a2af2151af2ea3e03161fcbc7795b
T1800,test,-0.0084,-0.0144,0.00000000,-0.0084|-0.0144,1,8437,train,0.02265294,0.02265294,fd9314a35ef43c8a55d75324c8044cadc711a2992acb287843b8a491111668e1
T1801,training,-0.0084,-0.0129,0.00000000,-0.0084|-0.0129,1,8815,val_iid,-0.03649522,-0.03649522,1c9da23669f3ccfa35ed81d6e3bfddf2c108951d101aa3f5ae8551c816fd1c5e
T1802,training,-0.0084,-0.0097,0.00000000,-0.0084|-0.0097,1,8376,train,0.02623336,0.02623336,32988b2f9737b8ef7fe18decc9d9a8f83ab4b7672d7f4f1b090b3c7913e578a0
T1803,training,-0.0084,-0.0089,0.00000000,-0.0084|-0.0089,4,7946;7947;7948;7949,train;val_iid,0.23960346,0.23960346,c2819e2533a7d65230cbda1937a9ef392959f2abdfef26fe21fc66d1686ada44
T1804,validation,-0.0084,-0.0044,0.00000000,-0.0084|-0.0044,1,2106,val_iid,0.03356148,0.03356148,e516a286264626c581a5d3d0cd76ff93758474d6a337444dca26283d63339cad
T1805,training,-0.0084,0.0044,0.00000000,-0.0084|0.0044,1,1242,train,-0.03356148,-0.03356148,314d09a4983238eb6c4618f609c87c0709c6115a35b0831a63ac563a06f5db3d
T1806,training,-0.0084,0.0089,0.00000000,-0.0084|0.0089,4,11672;11673;11674;11675,train,-0.23960346,-0.23960346,76047a765f0f93854904a7eb2f7da98171b980cfbe7621e39df3e430498100ca
T1807,training,-0.0084,0.0097,0.00000000,-0.0084|0.0097,1,11994,train,-0.02623336,-0.02623336,3c9e940d05294ff49818ac71995b0db49199dd8093181908e523b6c05c6ca82d
T1808,training,-0.0084,0.0129,0.00000000,-0.0084|0.0129,1,12325,train,0.03649522,0.03649522,97ea019bfc7ee3138445204198eb0dae817f3e2a25971a9752838a32fb181d4c
T1809,training,-0.0084,0.0144,0.00000000,-0.0084|0.0144,1,11947,test_iid,-0.02265294,-0.02265294,4c6095ae565814357e423749c6e7fdb473663de623648e4073eaa32576648b79
T1810,test,-0.0084,0.0840,0.00000000,-0.0084|0.0840,1,12296,train,1.07320935,1.07320935,f074b1cf4a9c20b935413fbeb5f6687fe98b38ddacc1c7d007baa82113ee2c21
T1811,training,-0.0083,-0.0086,0.00000000,-0.0083|-0.0086,1,8322,train,0.04632797,0.04632797,6431080221454c82a2f2290ef56729e0a754b71590101ffac5d5da4901ca54b0
T1812,training,-0.0083,0.0086,0.00000000,-0.0083|0.0086,1,12048,train,-0.04632797,-0.04632797,3a7464bdd4cbf631c990dbd55aacfecb8d4fd7a9b65e9ffd4864903f4cca055d
T1813,training,-0.0082,-0.0901,0.00000000,-0.0082|-0.0901,1,8900,test_iid,-1.17612802,-1.17612802,62a8927e1453ca0c5c574fd98433b54dd9ab56800d89cddb3238e4bccac78cea
T1814,test,-0.0082,-0.0204,0.00000000,-0.0082|-0.0204,1,8070,train,0.39322269,0.39322269,e64c7e1dae68381633eba72eaeafadcab3fdfc957eb18135ffa9d1d998213f9b
T1815,training,-0.0082,-0.0071,0.00000000,-0.0082|-0.0071,1,2160,train,0.00941913,0.00941913,1392ad1ba52f2e5d07d55feaddca1cbb822705146a21b098a22a44e58081726e
T1816,training,-0.0082,0.0071,0.00000000,-0.0082|0.0071,1,1188,train,-0.00941913,-0.00941913,46e0529424138fdca6d9b9b09d81f247b6c6ef5692c87c69509c85b5018277d3
T1817,training,-0.0082,0.0204,0.00000000,-0.0082|0.0204,1,11580,train,-0.39322269,-0.39322269,7389c2c849b0636d015c832a24d0c44c99525e5637bd64d85a3eb90adcb35122
T1818,training,-0.0082,0.0901,0.00000000,-0.0082|0.0901,1,12302,train,1.17612802,1.17612802,1241afb024e0d2f585199dddc086cefc5e0d60a5aea5e04899ffc5453331b683
T1819,training,-0.0080,-0.0067,0.00000000,-0.0080|-0.0067,1,1782,train,-0.02571773,-0.02571773,4c3de302af70f32e252d649af25c5d8bd65b7e2ca8fe9387c8e1e57eabd34ef7
T1820,training,-0.0080,-0.0008,0.00000000,-0.0080|-0.0008,1,2052,train,0.08555711,0.08555711,b60000c3b114ad006599a73de81f84229a94a741c3273da2d1176bdb6fb5156e
T1821,training,-0.0080,0.0008,0.00000000,-0.0080|0.0008,1,1296,train,-0.08555711,-0.08555711,21e5c9fd42c31e7bed73cddadc635c93ff3ead8192a8754c9747ddea274d60c0
T1822,training,-0.0080,0.0067,0.00000000,-0.0080|0.0067,1,1566,train,0.02571773,0.02571773,944787402d429905d10f294c12384db97f997a8121bc1c871b10c14b2725545d
T1823,training,-0.0079,-0.0074,0.00000000,-0.0079|-0.0074,1,1471,train,-0.20597070,-0.20597070,1943a18027b8ba9c60b9733ce46653d37d7e14df91b76af584cc93a3d00e98c4
T1824,training,-0.0079,0.0074,0.00000000,-0.0079|0.0074,1,1903,train,0.20597070,0.20597070,0eb338e089aaf74c536c2551c5b9deddd61840cc07bb7cebdbf01e567bb8766f
T1825,training,-0.0078,-0.0061,0.00000000,-0.0078|-0.0061,1,1405,val_iid,-0.19833343,-0.19833343,31139d9dd46314ea6e6f220efa833af13ac92a7cde09539eac0d42fafbecaeba
T1826,validation,-0.0078,0.0061,0.00000000,-0.0078|0.0061,1,1945,val_iid,0.19833343,0.19833343,d404108450d0ab46d67dde9e3a20425b5f51a11a69a51341aad688f97bda6025
T1827,training,-0.0076,-0.0964,0.00000000,-0.0076|-0.0964,1,8885,train,-1.09113212,-1.09113212,8d56247648c52d5471a202d4d255fdca506984bd7456e1de77270920797fa3aa
T1828,validation,-0.0076,-0.0075,0.00000000,-0.0076|-0.0075,1,2214,train,-0.00383421,-0.00383421,d2f5c6e15b9db19409d0d49d04886da79bf404d83d523c7e36cf7d50a8e71d28
T1829,training,-0.0076,0.0075,0.00000000,-0.0076|0.0075,1,1134,train,0.00383421,0.00383421,95f911973dfdfc7fab789b1fb07d64703a8aed5848cdae63a1bfe718e9efbe66
T1830,training,-0.0076,0.0964,0.00000000,-0.0076|0.0964,1,12287,train,1.09113212,1.09113212,3cd4df336c29ab74dc052c99f092395b45663bb9d2314b0182fa983bafe8f270
T1831,training,-0.0075,-0.0092,0.00000000,-0.0075|-0.0092,1,7999,train,0.22260602,0.22260602,143e8e39b3530640a29f8e5c2561dffce6f0d58832f8302affe3fd457efcc37c
T1832,training,-0.0075,-0.0076,0.00000000,-0.0075|-0.0076,1,8694,train,0.00383421,0.00383421,c6011c2b1f849a01da950a5c0e94e73ae3a572b653d8f84ac15f6f8939b88646
T1833,training,-0.0075,0.0076,0.00000000,-0.0075|0.0076,1,12420,train,-0.00383421,-0.00383421,2e481a0a2d1a2ae7b917ff0e8d36aea1c399bda18b3657ac67e1a626e479f0c2
T1834,training,-0.0075,0.0092,0.00000000,-0.0075|0.0092,1,11617,train,-0.22260602,-0.22260602,6e5895fb7914203653dec313fd0bebe7c55fa29ecc381aa02cb0e06e1cd9048f
T1835,training,-0.0074,-0.0079,0.00000000,-0.0074|-0.0079,1,7951,train,0.20597070,0.20597070,88a0faea4ab6822c6a67833e6c9b6252687cc2c56f582cd3e11f85fd681e2a95
T1836,training,-0.0074,-0.0059,0.00000000,-0.0074|-0.0059,1,1410,train,-0.18900106,-0.18900106,87e0963c9a1c2e980b01db1b0e3a189cf6a8fc54628fd0131af32a35af18c457
T1837,training,-0.0074,0.0059,0.00000000,-0.0074|0.0059,1,1950,train,0.18900106,0.18900106,2ebbfd4ad53b30fce06dccfd6a4872acde3df76ab157b221415a6d243be8599b
T1838,training,-0.0074,0.0079,0.00000000,-0.0074|0.0079,1,11677,train,-0.20597070,-0.20597070,2e3e6cacf0cb27b2ad81bdc456b317d70789987fdf67153861500d29cf84e665
T1839,validation,-0.0073,-0.0070,0.00000000,-0.0073|-0.0070,1,1836,train,-0.04496846,-0.04496846,e2aa47e861701f6c5b1e37afa279e2858b1a9c256881cb27eeaee278e06630f0
T1840,validation,-0.0073,0.0070,0.00000000,-0.0073|0.0070,1,1512,val_iid,0.04496846,0.04496846,cdf27e4071d79e2dac3b877c7a92ebb8ed48e583139ea1a7075eade7629b032a
T1841,training,-0.0072,-0.0121,0.00000000,-0.0072|-0.0121,1,8809,train,-0.03918618,-0.03918618,78fda77be8c652438cda55baaafc84339790f639111e191df9cdee6cd9638209
T1842,test,-0.0072,0.0121,0.00000000,-0.0072|0.0121,1,12319,test_iid,0.03918618,0.03918618,fdf4bba4ea1a68f1dbe3aaa52dd08f29922633fafd8080c4a85812f47055fb50
T1843,training,-0.0071,-0.0082,0.00000000,-0.0071|-0.0082,1,8748,train,-0.00941913,-0.00941913,a9dac46bab3a1d2fe2e69d8a70c92417e2d77ca2aa29aa49822d14961864ecb3
T1844,training,-0.0071,-0.0027,0.00000000,-0.0071|-0.0027,1,1350,train,-0.13598690,-0.13598690,903557a8ae8a0e1c488a9ed816a2285d96f091c8b2145f267fc91f66472f0ba5
T1845,training,-0.0071,0.0027,0.00000000,-0.0071|0.0027,1,1998,train,0.13598690,0.13598690,ada3feac6dcc102959aba48165c74e030fc963f74dd32909844e400d60e6c7bd
T1846,training,-0.0071,0.0082,0.00000000,-0.0071|0.0082,1,12366,val_iid,0.00941913,0.00941913,665cffcd8de1e86e8c719cd27c9c7aea1baaa4b37603bd75f87cde4a6d8c482a
T1847,test,-0.0070,-0.0130,0.00000000,-0.0070|-0.0130,1,8431,train,0.02132176,0.02132176,e96d52b19f431a931ee16110c8e48a3f8f38ae7773237fbc4a9776afb687fc4e
T1848,training,-0.0070,-0.0086,0.00000000,-0.0070|-0.0086,1,8004,train,0.20550125,0.20550125,a6e07789ed297dd99d1b83b16cd2f36f2e0f3139704422a3dea3075047b950fd
T1849,validation,-0.0070,-0.0073,0.00000000,-0.0070|-0.0073,1,8316,train,0.04496846,0.04496846,da732cf378ba6756721657fcf15e3d5efd9bda28651c4503bc61fafa7ba34d02
T1850,training,-0.0070,0.0073,0.00000000,-0.0070|0.0073,1,12042,train,-0.04496846,-0.04496846,4ba72de7c4e4dd89868c28d3189b792f21be0a1a699a51baf2725f6032da8477
T1851,training,-0.0070,0.0086,0.00000000,-0.0070|0.0086,1,11622,val_iid,-0.20550125,-0.20550125,1a3e812ae44d063276ca81bec06a3bdd3aba87b32a2ddd02a9d907150554fab8
T1852,training,-0.0070,0.0130,0.00000000,-0.0070|0.0130,1,11941,train,-0.02132176,-0.02132176,3c1179d0b595de020aae9cef52ea7286585a0b7d6be3117538dd4528f110b45f
T1853,test,-0.0069,-0.0657,0.00000000,-0.0069|-0.0657,1,8905,train,-0.77452413,-0.77452413,fd0b7f1957558d8fcf6b551df44c161364876620f1996934d9d7cdcdd6391fb3
T1854,training,-0.0069,-0.0110,0.00000000,-0.0069|-0.0110,1,8814,val_iid,-0.03292294,-0.03292294,762b053505ac8a38ecb20fb403a7d9188621575780ff6a4c6a807479c4879e52
T1855,test,-0.0069,-0.0065,0.00000000,-0.0069|-0.0065,1,1465,train,-0.19290896,-0.19290896,e7ab823b13f0a1bc175fc479989f8ad9887afa37e0d5f696fa05309124f8c2bc
T1856,training,-0.0069,0.0065,0.00000000,-0.0069|0.0065,1,1897,train,0.19290896,0.19290896,4d91ec8e87663e248993bf149e6b1b848eb6d0ed6a43b6c799494db01b116b98
T1857,training,-0.0069,0.0110,0.00000000,-0.0069|0.0110,1,12324,train,0.03292294,0.03292294,02e1f5bc53cb943e92fe43dac2a0581780edf74622339939da82ea07dacd10aa
T1858,training,-0.0069,0.0657,0.00000000,-0.0069|0.0657,1,12307,test_iid,0.77452413,0.77452413,bb390fc1248ea8e65d69735450391706648df69ca141f1da238f85cc4d203b95
T1859,training,-0.0068,-0.0123,0.00000000,-0.0068|-0.0123,1,8436,train,0.01985624,0.01985624,8be6c084f4185cff955621afe9beaca64aec97db9898a04d0ac749989cdcf8db
T1860,training,-0.0068,0.0123,0.00000000,-0.0068|0.0123,1,11946,train,-0.01985624,-0.01985624,957ba756558ed57c15ca378cb11517ce9d687af45d7c5d7351033814ce785a8c
T1861,validation,-0.0067,-0.0080,0.00000000,-0.0067|-0.0080,1,8370,train,0.02571773,0.02571773,d7a895a9ebf543dce4ac70482cb07405ffafa2329a0560358f837fe03c01ed89
T1862,training,-0.0067,0.0080,0.00000000,-0.0067|0.0080,1,11988,train,-0.02571773,-0.02571773,c72ce20f2c5d0b92fbbde9ce0584b12c59cee3b98cd8999719682316a202bac5
T1863,training,-0.0066,-0.0930,0.00000000,-0.0066|-0.0930,1,8890,train,-1.06053973,-1.06053973,5eafce4818ee231b6b641ca09a142cf8f9bbcf971dec753493c56f7166837ec0
T1864,training,-0.0066,-0.0571,0.00000000,-0.0066|-0.0571,1,8899,train,-0.66511995,-0.66511995,99e5109821e006e4d2180d338f142e82b050cf825ae96d5699b7366292f04508
T1865,test,-0.0066,-0.0062,0.00000000,-0.0066|-0.0062,1,1470,train,-0.18177897,-0.18177897,ed6ae824370a8a6d45679d70623c2ddaa11f09c8ce1ecb0e189a317dfb913609
T1866,training,-0.0066,0.0062,0.00000000,-0.0066|0.0062,1,1902,val_iid,0.18177897,0.18177897,a92e1837156f62b94ff80dd34006f2b066bed3a378d6354982b3378e1a4675c6
T1867,training,-0.0066,0.0571,0.00000000,-0.0066|0.0571,1,12301,train,0.66511995,0.66511995,3d181736212b5b9084eecd60e0c4456e9b88afcd39a832bf12aa1b3265799284
T1868,training,-0.0066,0.0930,0.00000000,-0.0066|0.0930,1,12292,train,1.06053973,1.06053973,1c741c7bce1b49d1f457e1ff32dc3415c2f114dc8667e93650b95e84e2425ae2
T1869,training,-0.0065,-0.0069,0.00000000,-0.0065|-0.0069,1,7945,train,0.19290896,0.19290896,15b3c9f2ef533112f68be4c50a6cc4803d70ca04d9cbf7d043cd1650cef25391
T1870,training,-0.0065,0.0069,0.00000000,-0.0065|0.0069,1,11671,train,-0.19290896,-0.19290896,7ca7f1941f10a89141ccebf035bb10e639e5d13527cdd21df3442c8197c6b33d
T1871,training,-0.0064,-0.0542,0.00000000,-0.0064|-0.0542,1,8904,train,-0.62957369,-0.62957369,43156f35785c318da852d55b4101ef35325a76a7df66793728128f7246f33496
T1872,training,-0.0064,-0.0117,0.00000000,-0.0064|-0.0117,1,8059,train,0.19448937,0.19448937,cb2809aa057ade94275af9ec0d6608d23a354f7c165be5e6bc7d472f85be69de
T1873,training,-0.0064,0.0117,0.00000000,-0.0064|0.0117,1,11569,val_iid,-0.19448937,-0.19448937,72a287e9a91aae1af78fa344d3ab9ec41eccb5aa02063a4aa11afcd3d6f89370
T1874,training,-0.0064,0.0542,0.00000000,-0.0064|0.0542,1,12306,train,0.62957369,0.62957369,aed6f0cd51af776eb495b62ec4be870df8093d7cf236e68f31039587dd09f6cb
T1875,training,-0.0063,-0.0902,0.00000000,-0.0063|-0.0902,1,8879,train,-1.01502308,-1.01502308,8f16f65a7633174f4bf3b2868215fa3660cfa682216bffac4b6a98f3c646ce45
T1876,validation,-0.0063,0.0902,0.00000000,-0.0063|0.0902,1,12281,test_iid,1.01502308,1.01502308,e318293bef34f51cd9b98f3d17c30c0a76faa2ec964d29acc8a4065b6c2fd347
T1877,training,-0.0062,-0.0889,0.00000000,-0.0062|-0.0889,1,8884,train,-1.00962401,-1.00962401,9b4468ee480a0030b354a535a4f1f693f90a310fd5d8f410257b649929778fee
T1878,training,-0.0062,-0.0066,0.00000000,-0.0062|-0.0066,1,7950,train,0.18177897,0.18177897,a4f08a08a7100efad8d6bf30af32062c909709148eb6043925c2f84502ab137a
T1879,training,-0.0062,0.0066,0.00000000,-0.0062|0.0066,1,11676,train,-0.18177897,-0.18177897,25455e8433c6ee3cf09b2fa19558a72eb85883868fd885512e2be43870e11b17
T1880,training,-0.0062,0.0889,0.00000000,-0.0062|0.0889,1,12286,train,1.00962401,1.00962401,7d37a0d1cc1987e747aa5fd727777d6b38c59dcf9d6329c32b14e353ab2a03bd
T1881,validation,-0.0061,-0.0078,0.00000000,-0.0061|-0.0078,1,7993,test_iid,0.19833343,0.19833343,e1bad9382961fa51e6b22cf9916fe76d2c401d4b27ea4fdb08fa4b80c199c82c
T1882,training,-0.0061,-0.0056,0.00000000,-0.0061|-0.0056,1,1459,train,-0.17592015,-0.17592015,c6bfe57c175cdeb90941f31c0e6338140140ebc710bb81d80dfd29944e1d3c2d
T1883,validation,-0.0061,-0.0046,0.00000000,-0.0061|-0.0046,1,1404,train,-0.16329795,-0.16329795,cdc17007cd109f8d19c7486731193a2521a8d84f2fba58ac757a4a775d256672
T1884,training,-0.0061,0.0046,0.00000000,-0.0061|0.0046,1,1944,test_iid,0.16329795,0.16329795,c036153055bd84930a5b74a34c376f7561f750d7eac59c72eca6a8863274c7f4
T1885,test,-0.0061,0.0056,0.00000000,-0.0061|0.0056,1,1891,train,0.17592015,0.17592015,f7f4198a6562e20e16dda0e6dac89208f819002bd6c93df32356d5ce0c98e806
T1886,training,-0.0061,0.0078,0.00000000,-0.0061|0.0078,1,11611,train,-0.19833343,-0.19833343,a3bbc1d75cb584b8affbe32f41170c5042fb3af45399a7dad5f26204d4fdaee1
T1887,training,-0.0060,-0.0164,0.00000000,-0.0060|-0.0164,1,8064,train,0.32030068,0.32030068,14cc9212ae2293d6b06082c9a327887c27cf61205d790f524afbc1cd887d8c84
T1888,training,-0.0060,0.0164,0.00000000,-0.0060|0.0164,1,11574,train,-0.32030068,-0.32030068,90bc699f10d267c3642386c3eff109d0fa002afb3af12ac58b7a0e146786ad04
T1889,training,-0.0059,-0.0074,0.00000000,-0.0059|-0.0074,1,7998,train,0.18900106,0.18900106,326e1d5a75a564c029982caf123ec2c0c3638a9bbad3574ad662c11813393784
T1890,training,-0.0059,0.0074,0.00000000,-0.0059|0.0074,1,11616,train,-0.18900106,-0.18900106,092c0497a07f215e15f140a55314c2ba057b884bdef2a764b827c991074960f1
T1891,training,-0.0058,-0.0103,0.00000000,-0.0058|-0.0103,1,8803,train,-0.03702409,-0.03702409,8280c160d03405ff99c0479fa7fdb79ca75e6af515f5ecaf66edd604833835ff
T1892,test,-0.0058,0.0103,0.00000000,-0.0058|0.0103,1,12313,train,0.03702409,0.03702409,f7c078d5a908de7c32106cedf633406acbe351d20a9d04652b58114aad992658
T1893,training,-0.0057,-0.0659,0.00000000,-0.0057|-0.0659,1,8883,test_iid,-0.70400871,-0.70400871,a6c08160e4d60f8bb8357fa7064136e9e9bc1326d5274c5e45d0d99fd38efba6
T1894,training,-0.0057,-0.0474,0.00000000,-0.0057|-0.0474,1,8893,train,-0.54942639,-0.54942639,3150cd2856b504f33235e6a99138b040cd2c4b53abf520976f7d95b4e3465ee0
T1895,training,-0.0057,-0.0451,0.00000000,-0.0057|-0.0451,1,8898,train,-0.52051933,-0.52051933,5916bc2c9acde7ba258936d64a30440ecc733e3c3826e4075548e5be84b1c8d6
T1896,validation,-0.0057,-0.0101,0.00000000,-0.0057|-0.0101,1,8808,train,-0.03469967,-0.03469967,d26a06055c3391f14a56a93ffc58ed95bde7b313bf37fa275dad4a4251e0d305
T1897,validation,-0.0057,0.0101,0.00000000,-0.0057|0.0101,1,12318,train,0.03469967,0.03469967,d7ee8a8ddf9dcdcb0280341eb2720aef7d235e787b80e6fcb9aad289bd30f99c
T1898,training,-0.0057,0.0451,0.00000000,-0.0057|0.0451,1,12300,train,0.52051933,0.52051933,98e4df11a4c130f20b11ed2826cbeb0d0f989db5598bcec64b2a32a3c79446a2
T1899,training,-0.0057,0.0474,0.00000000,-0.0057|0.0474,1,12295,train,0.54942639,0.54942639,25a33a3917b83cff145ec12a226873f52b7b950f6f730a6d9f57bfc7adc2f5a1
T1900,training,-0.0057,0.0659,0.00000000,-0.0057|0.0659,1,12285,test_iid,0.70400871,0.70400871,6f927a72aa6978a78b70a864709407feaeb11797e70660d0639d4f64793aa853
T1901,training,-0.0056,-0.0061,0.00000000,-0.0056|-0.0061,1,7939,train,0.17592015,0.17592015,70d2a475cf5df59abc19d06a4eedffffc2828fa8955e7dcdb598b42bd7435a6f
T1902,test,-0.0056,-0.0052,0.00000000,-0.0056|-0.0052,1,1464,val_iid,-0.16652087,-0.16652087,f12117eafa6e0deae1e4687cd8b104b0705da6717bda103475e74a4f293915fc
T1903,test,-0.0056,0.0052,0.00000000,-0.0056|0.0052,1,1896,train,0.16652087,0.16652087,ee526b0f18d63fb901da95b120919452455d5631be7d8be78c9f00706c2e0551
T1904,training,-0.0056,0.0061,0.00000000,-0.0056|0.0061,1,11665,test_iid,-0.17592015,-0.17592015,714fec85611b93530af0dff2a24590579fc8eaa6271067cd9eca21da4a41d27f
T1905,validation,-0.0055,-0.0109,0.00000000,-0.0055|-0.0109,2,8425;8430,train,0.01876381,0.01909797,e2e4bef281b7f5fca300624bd5e7018f39833ac03aeb1f13ef5798a86a4d54cc
T1906,training,-0.0055,0.0109,0.00000000,-0.0055|0.0109,2,11935;11940,train,-0.01909797,-0.01876381,50bc61ec15642bdcc51dd65eaee35a6fc72dc3d1dc1aa8a0d3eb05d92793ba95
T1907,training,-0.0054,-0.0830,0.00000000,-0.0054|-0.0830,1,8878,train,-0.93113126,-0.93113126,a34d84ed2369d992b52907018a363e768494dc65e1bab947508ebb9250df16a0
T1908,training,-0.0054,-0.0723,0.00000000,-0.0054|-0.0723,1,8889,train,-0.78114022,-0.78114022,3a4c6f68c9344a71044e9596b8aeeb48365da65841165aee25d765997d777561
T1909,training,-0.0054,-0.0556,0.00000000,-0.0054|-0.0556,1,8882,train,-0.59183785,-0.59183785,1347f703f83b595ed42d445bd783ac9658e81cb52b4f930ea7139878d2dbd930
T1910,training,-0.0054,0.0556,0.00000000,-0.0054|0.0556,1,12284,train,0.59183785,0.59183785,05d07669f813c30e7ac1a945aaf46bd3b8f796a0f44f1b207714e034086acec5
T1911,training,-0.0054,0.0723,0.00000000,-0.0054|0.0723,1,12291,train,0.78114022,0.78114022,8afa8eb44fd2d4d7ef43bcbbdf13622a9c06dc25b2d3960e699205ad7ef2b392
T1912,training,-0.0054,0.0830,0.00000000,-0.0054|0.0830,1,12280,train,0.93113126,0.93113126,2aa6271dfe1df2463180e6d928e76529ef9b4690949813828889e8a56a5c58fb
T1913,training,-0.0053,-0.0627,0.00000000,-0.0053|-0.0627,1,8888,train,-0.67501614,-0.67501614,62cc0c74600843795a2dd4fe6b018c660ff2edecdbbbfb1d2de570e46759934d
T1914,training,-0.0053,0.0627,0.00000000,-0.0053|0.0627,1,12290,train,0.67501614,0.67501614,bb14301213c6895be6b32432d79ee0f0145e4229db1811de8cdcad707166457c
T1915,training,-0.0052,-0.0056,0.00000000,-0.0052|-0.0056,1,7944,train,0.16652087,0.16652087,58c75e2340029ea0f685e3ed23506cd2f450c6494aefd16c00f824154bd91b4e
T1916,training,-0.0052,0.0056,0.00000000,-0.0052|0.0056,1,11670,train,-0.16652087,-0.16652087,34e3c1dfd7cce71c364d0f60aef65b7d9b9b519c63e0eb7e9ea6585ab192bbdd
T1917,training,-0.0051,-0.0105,0.00000000,-0.0051|-0.0105,1,8053,train,0.18274899,0.18274899,361d25323a928944d7ef6eefc0cd45edbb36cd57ec364ce43edd55d2e4fcef31
T1918,training,-0.0051,0.0105,0.00000000,-0.0051|0.0105,1,11563,val_iid,-0.18274899,-0.18274899,a67f6b0816265a9507c5d8fba70deb763e5819137701e9ef2580cd6959241e2f
T1919,validation,-0.0049,-0.0572,0.00000000,-0.0049|-0.0572,1,8877,train,-0.60476558,-0.60476558,dbaa3a841fadf173bbc4be9355d44284d75a085a8c0285911882ea5cb585a630
T1920,training,-0.0049,-0.0367,0.00000000,-0.0049|-0.0367,1,8892,train,-0.42042532,-0.42042532,4aa35449f65e04209a753bb6ed8ab2deca7593871bcbec77b2ffaf2d8f2bd432
T1921,training,-0.0049,-0.0098,0.00000000,-0.0049|-0.0098,1,8058,train,0.17344046,0.17344046,5bc3741b49ddcedc1faa1d3ee741f7a53a6188142051d6d31bb61b30f2d6cb59
T1922,validation,-0.0049,0.0098,0.00000000,-0.0049|0.0098,1,11568,train,-0.17344046,-0.17344046,d11b3ca45fcad8d7ea821a86c546309561ede670cf98b83ad6c72a9796201576
T1923,training,-0.0049,0.0367,0.00000000,-0.0049|0.0367,1,12294,train,0.42042532,0.42042532,804877913b30df1722e08d88a8226865ef7ea94809cb6ea956dc3157cf2ccb32
T1924,validation,-0.0049,0.0572,0.00000000,-0.0049|0.0572,1,12279,train,0.60476558,0.60476558,dd12b8d3b4a40974e788a06d8456380b1b754689ae707670c364c92e3a6d50d0
T1925,training,-0.0048,-0.0045,0.00000000,-0.0048|-0.0045,1,1458,train,-0.14981072,-0.14981072,a856af588ca6fcb88c4118e3dc06fcc396f009857ad663ef835c36ff3d263a1d
T1926,validation,-0.0048,0.0045,0.00000000,-0.0048|0.0045,1,1890,train,0.14981072,0.14981072,dd4d07c6711b2d74559290a0e10ff70700fb9775a0fa6534d0fb025d4dce1bf6
T1927,test,-0.0047,-0.0496,0.00000000,-0.0047|-0.0496,1,8876,test_iid,-0.52782055,-0.52782055,e8bdb21c039e939a4e312adb8ded222e65e2b5a65443ef327d4136b965ed17a4
T1928,test,-0.0047,0.0496,0.00000000,-0.0047|0.0496,1,12278,train,0.52782055,0.52782055,f41a9b7151958248d7cb06b169e1c752779942170e396b06c660a24dd1feefe3
T1929,training,-0.0046,-0.0061,0.00000000,-0.0046|-0.0061,1,7992,train,0.16329795,0.16329795,0408b999603fa79ca2f10a3003f971f5301ea53cf9b49e93bd63bc6a4afcb38b
T1930,training,-0.0046,0.0061,0.00000000,-0.0046|0.0061,1,11610,train,-0.16329795,-0.16329795,120d5a228310830afc24c258d10cdb6843384f71fe5f54bcc83ada73774fa47f
T1931,training,-0.0045,-0.0048,0.00000000,-0.0045|-0.0048,1,7938,train,0.14981072,0.14981072,05685603bc8a88cdc363b57075ed0009b5f402bbf825540b75108da1148dd954
T1932,training,-0.0045,0.0048,0.00000000,-0.0045|0.0048,1,11664,train,-0.14981072,-0.14981072,0217ba708a9ca686520ce99dea08ce657b0da7fd379784beee03fdbb8e1b50e5
T1933,training,-0.0044,-0.0084,0.00000000,-0.0044|-0.0084,1,8802,test_iid,-0.03356148,-0.03356148,06d2852d70f0b4ca41ef45362017b4c7b1195e66ba521cdfa57ee4d3b816949f
T1934,validation,-0.0044,0.0084,0.00000000,-0.0044|0.0084,1,12312,train,0.03356148,0.03356148,d200e005b4fe4c2a3512e45caef05e9315273a04ad14d677c520f14ccf11c85f
T1935,training,-0.0041,-0.0088,0.00000000,-0.0041|-0.0088,1,8424,train,0.01672983,0.01672983,ab20fff59599cead325bb59246d826ac43b3581296207d0dd89319c4ef0deebf
T1936,training,-0.0041,0.0088,0.00000000,-0.0041|0.0088,1,11934,train,-0.01672983,-0.01672983,96f3b2d2c06bd3a1167c5605b546893ce1b3035bebafb25089df5ec87634ff02
T1937,training,-0.0038,-0.0360,0.00000000,-0.0038|-0.0360,1,8887,test_iid,-0.37277185,-0.37277185,5dd123b994e94971f013c43087a23f572f2305e210a75f9db708a16490ae7aa1
T1938,training,-0.0038,0.0360,0.00000000,-0.0038|0.0360,1,12289,val_iid,0.37277185,0.37277185,c7332b712388dd5dc135f742091c84eeb8b1b6c0572768bd4acfcb8d86c0925d
T1939,training,-0.0037,-0.0088,0.00000000,-0.0037|-0.0088,1,8047,train,0.16221287,0.16221287,8bbb48e863afbfa470eccbdec9076281c23848a63aa53892dd4885b949369b89
T1940,training,-0.0037,-0.0085,0.00000000,-0.0037|-0.0085,1,8052,train,0.15744045,0.15744045,1a6da2856472c0b79fa2deda11994410c14572ac1c7a0608701566b0310fbc40
T1941,test,-0.0037,0.0085,0.00000000,-0.0037|0.0085,1,11562,train,-0.15744045,-0.15744045,ed411f929a05166cc7a428f9af9103b64528ccd3f77e541c37b50cffc4bc1c62
T1942,training,-0.0037,0.0088,0.00000000,-0.0037|0.0088,1,11557,train,-0.16221287,-0.16221287,456d4f5ab9f6f841d9cddd66542735f47dc217006cf3f3e49eadffc1d96fd1f1
T1943,test,-0.0033,-0.0313,0.00000000,-0.0033|-0.0313,1,8881,train,-0.32011932,-0.32011932,fd21f45ecf527c597b3c4307a74fff70393f23501fdddca4bc731a28d3ea0d14
T1944,training,-0.0033,-0.0305,0.00000000,-0.0033|-0.0305,1,8886,train,-0.32017867,-0.32017867,52c263086dae8c3c8f447bae08059087b6b7702adcfc8cbb2a49005bc8e40ced
T1945,validation,-0.0033,0.0305,0.00000000,-0.0033|0.0305,1,12288,train,0.32017867,0.32017867,ded89571f689c0a1081ff9694b37ad7114607122476110088f88e4a7e3d78963
T1946,training,-0.0033,0.0313,0.00000000,-0.0033|0.0313,1,12283,train,0.32011932,0.32011932,1b7055d66d35dd19242a03c59d97770aacc53540e8cf28d61cbcc23907e3388a
T1947,training,-0.0031,-0.0271,0.00000000,-0.0031|-0.0271,1,8875,train,-0.28860087,-0.28860087,622ba3f5a0e7b636b1c01c07902f47c45a1b52421997a485f1049c43fe33947c
T1948,validation,-0.0031,0.0271,0.00000000,-0.0031|0.0271,1,12277,train,0.28860087,0.28860087,ce6fde3695eeb68a037cc5ab42704255d4c64e5d11941f02a9c21cd66741436d
T1949,training,-0.0029,-0.0246,0.00000000,-0.0029|-0.0246,1,8880,train,-0.26350496,-0.26350496,bae3bc78835eb78c30fb6c667162619ce6e47b3f3452847ee7325a377a6c8e8a
T1950,training,-0.0029,0.0246,0.00000000,-0.0029|0.0246,1,12282,test_iid,0.26350496,0.26350496,5684c7b15ba634262e66cbb4e6eba3d2a402bdec328afe22488323a38845e376
T1951,training,-0.0027,-0.0071,0.00000000,-0.0027|-0.0071,1,8046,train,0.13598690,0.13598690,075e5a9a02a65773687986ee2237c03a57612225e45b4c5c8fd1261d85f5b16e
T1952,training,-0.0027,0.0071,0.00000000,-0.0027|0.0071,1,11556,train,-0.13598690,-0.13598690,6c3f3ed258f31725d2aee13e134c54ce5c26db998c1f5a5cb86705ba22fd3fd3
T1953,validation,-0.0024,-0.0196,0.00000000,-0.0024|-0.0196,1,8874,test_iid,-0.21783341,-0.21783341,d5042f60367aeff38a04b3f2ed30e5743f65ba686acfe884bb082cdb447a2ff2
T1954,test,-0.0024,0.0196,0.00000000,-0.0024|0.0196,1,12276,test_iid,0.21783341,0.21783341,e56ae8e8a8083e8cb6a1780478aec1b13b6e5b641af08f71f23cb73405fc2c18
T1955,test,-0.0016,-0.0335,0.00000000,-0.0016|-0.0335,1,8861,train,-0.20571212,-0.20571212,eda9a602f3b22cfb7c0a3d17badda90b707272349731f911601f10917de9c86e
T1956,training,-0.0016,-0.0305,0.00000000,-0.0016|-0.0305,1,8860,val_iid,-0.19316181,-0.19316181,1fee4a9ee40b28d25511f5f45a9baf9d8b325a88f49283c07fd559d3eb69c403
T1957,training,-0.0016,0.0305,0.00000000,-0.0016|0.0305,1,12262,train,0.19316181,0.19316181,7d167b5baa1f17fed07ea26c62d9afd9a08dc9c615e24b2473771d435dfb0eaf
T1958,test,-0.0016,0.0335,0.00000000,-0.0016|0.0335,1,12263,train,0.20571212,0.20571212,fbe1ff6653f32815902efe70829f307f579bd9ada03d55da7400c65e15702b22
T1959,training,-0.0014,-0.0358,0.00000000,-0.0014|-0.0358,1,8867,train,-0.20050537,-0.20050537,339a13d23cf48a40486d040ad37885e7385ac32f4564e19b5cd3f3d06166bcfa
T1960,training,-0.0014,-0.0343,0.00000000,-0.0014|-0.0343,1,8872,train,-0.18987916,-0.18987916,16c810e3bd3bba17d44125a94dfd25c933fd7b5f33f1dbee5aac5b9cffecaf91
T1961,training,-0.0014,-0.0325,0.00000000,-0.0014|-0.0325,1,8866,train,-0.18798826,-0.18798826,103c93a3385969b12848f90a2b8b17e822945c404427f2aa65f46a93ff0a911d
T1962,training,-0.0014,-0.0209,0.00000000,-0.0014|-0.0209,1,8859,train,-0.15123242,-0.15123242,b6903da9b23ba82d2feb20afda945f877a1cd69c0770b9e8dc6621f023edecf3
T1963,training,-0.0014,0.0209,0.00000000,-0.0014|0.0209,1,12261,train,0.15123242,0.15123242,57df8b6b8970b4c1cc36dc90e16ef2b98c5c2439f6a8ec801bd4e60542b4e588
T1964,training,-0.0014,0.0325,0.00000000,-0.0014|0.0325,1,12268,train,0.18798826,0.18798826,34e842502a532e8d89f5a18b4d2f2d687400815052686472845f0294797af011
T1965,training,-0.0014,0.0343,0.00000000,-0.0014|0.0343,1,12274,train,0.18987916,0.18987916,7f440322707319ff0041ac5cc50538cb8d8f0d7fc0c67a8fcd874873b5e6a349
T1966,training,-0.0014,0.0358,0.00000000,-0.0014|0.0358,1,12269,train,0.20050537,0.20050537,768a16850e94fea9abe415486818de31ab2e60f7374f2a2d975695b320d8df36
T1967,training,-0.0013,-0.0371,0.00000000,-0.0013|-0.0371,1,8873,train,-0.19589581,-0.19589581,859b52fbb557c913164fd87b6750327bfc555326fa09b8fe118cf56213a4495a
T1968,test,-0.0013,-0.0185,0.00000000,-0.0013|-0.0185,1,8858,train,-0.14203844,-0.14203844,ea1912f47c50d2453a39a8abaaa85cd9b1adc297733122c422fcf8fbf5da3bd6
T1969,training,-0.0013,0.0185,0.00000000,-0.0013|0.0185,1,12260,train,0.14203844,0.14203844,0911a54dc436a1f16ad136f2ca1e193fafa989441e6b76386b4fa0b22fb05127
T1970,training,-0.0013,0.0371,0.00000000,-0.0013|0.0371,1,12275,train,0.19589581,0.19589581,9fe8ee34f85f4e1a7cc2b60a8fb9688f91c29f8152a04c3e80970ca80688269b
T1971,training,-0.0012,-0.0241,0.00000000,-0.0012|-0.0241,1,8871,train,-0.14475426,-0.14475426,13812df1325e572fea599bcc895a805a862174c2aafc973cf688e3258b623799
T1972,training,-0.0012,-0.0223,0.00000000,-0.0012|-0.0223,1,8865,train,-0.14514553,-0.14514553,4921668ff2eef8253af1111ae871444b0a49b3d19f4e26444f6cfe5c1f54803c
T1973,test,-0.0012,-0.0218,0.00000000,-0.0012|-0.0218,1,8870,train,-0.13676203,-0.13676203,ee44d9b41d00adfeaf55d39402d67cbad10d583a93ef75d1db3fa8cdfd9885a4
T1974,validation,-0.0012,-0.0197,0.00000000,-0.0012|-0.0197,1,8864,train,-0.13703888,-0.13703888,cd1c03fd39083efe5af1af23974567f7b3ee43f6f0b5d4adc2403d32251db555
T1975,training,-0.0012,0.0197,0.00000000,-0.0012|0.0197,1,12266,test_iid,0.13703888,0.13703888,93023f28dd88f43a00e07601867c9caad83383a6b560c2f538df5f0c323c791a
T1976,training,-0.0012,0.0218,0.00000000,-0.0012|0.0218,1,12272,train,0.13676203,0.13676203,1dfe0c91327814d854153e53461980966b074870d1a93a104dea8fff2f873199
T1977,training,-0.0012,0.0223,0.00000000,-0.0012|0.0223,1,12267,train,0.14514553,0.14514553,54ea7ea29a16c9c8311275d702e083341f727504d95a13a620411f227b918431
T1978,test,-0.0012,0.0241,0.00000000,-0.0012|0.0241,1,12273,train,0.14475426,0.14475426,faa1f2b7ea326b176e69dfbaedfc3bb003b59c22fdf9750e6a5e8fdf3c5a151d
T1979,training,-0.0009,-0.0132,0.00000000,-0.0009|-0.0132,1,8869,train,-0.10284669,-0.10284669,674af723b28428bf70e5b173f9e76481b819e12e7debdc0693083b317dd30243
T1980,training,-0.0009,-0.0117,0.00000000,-0.0009|-0.0117,1,8863,train,-0.09984199,-0.09984199,98007d541a8e6477a10cf094e371eeb4d60632a719a8a1a703f1ceb960d344f6
T1981,training,-0.0009,0.0117,0.00000000,-0.0009|0.0117,1,12265,val_iid,0.09984199,0.09984199,21cb15e98d255b7e4059c9227930ebc69435e2b79af8d09835d8a9ea1679a800
T1982,training,-0.0009,0.0132,0.00000000,-0.0009|0.0132,1,12271,test_iid,0.10284669,0.10284669,5df13b206ca7c41445de5165cdd7a3267ec1e751c3fb93f6eabfc7217bc8d9e2
T1983,training,-0.0008,-0.0112,0.00000000,-0.0008|-0.0112,1,8868,train,-0.09449767,-0.09449767,97edaaa451e33197c6e81ee0dfc19acedd7c3f93edbcb575af9008e7dd96c1c9
T1984,validation,-0.0008,-0.0098,0.00000000,-0.0008|-0.0098,2,8857;8862,train;val_iid,-0.09320933,-0.09169163,dc423697721d9e56aba425b9af0ab5fe7f2cac2a6c40f6d8569cf5e94ea09d55
T1985,training,-0.0008,-0.0080,0.00000000,-0.0008|-0.0080,1,8856,test_iid,-0.08555711,-0.08555711,7df81a7344318ee9cbfff3990a891e5cdc05c8be4735a99140e2b407341be279
T1986,training,-0.0008,0.0080,0.00000000,-0.0008|0.0080,1,12258,test_iid,0.08555711,0.08555711,935f865a548b57185ce788921b4b5be635189c4034ca64ca2ee8b1efbe568b12
T1987,validation,-0.0008,0.0098,0.00000000,-0.0008|0.0098,2,12259;12264,train,0.09169163,0.09320933,d7c0e17abdcb2ac23cee8853de2a84a8e5e78d1b025ddf4469bec17b9644b9f4
T1988,training,-0.0008,0.0112,0.00000000,-0.0008|0.0112,1,12270,train,0.09449767,0.09449767,44de5c1686a86accf768559cbc04cb83565569d9cc113650fbd5cbafb394c1d8
T1989,training,0.0000,-0.3208,0.00000000,0.0000|-0.3208,1,8531,test_iid,-0.00000000,-0.00000000,6bfa2aa88099b3f0813ce57207461771df014c9e43430edde2c06b06fa2cd920
T1990,test,0.0000,-0.2985,0.00000000,0.0000|-0.2985,1,8525,train,-0.00000000,-0.00000000,ec7b80a496f3ada7e760f0276b289c1d78662a1caea862889f108d5d957c9ce7
T1991,training,0.0000,-0.2911,0.00000000,0.0000|-0.2911,1,8530,train,0.00000000,0.00000000,1a25d648c1b139219ddec39ec41776ae31a40fdca39ebdc80ce730c9c57ec6c9
T1992,training,0.0000,-0.2708,0.00000000,0.0000|-0.2708,1,8519,train,0.00000000,0.00000000,29d78f452a11203b2f4bfafb92e342afc92bcd19218a8957bea8dfa43f625e78
T1993,training,0.0000,-0.2670,0.00000000,0.0000|-0.2670,1,8524,train,0.00000000,0.00000000,ba0ace6356c493e4e0b8927d807c1f24db02712da899f3c0349796431e542416
T1994,training,0.0000,-0.2415,0.00000000,0.0000|-0.2415,1,8518,train,0.00000000,0.00000000,c84b386cfe058c5ac1cc6ae8037ba462354c57f4afff87e3f0beb0e47c16efe8
T1995,training,0.0000,-0.1848,0.00000000,0.0000|-0.1848,1,8529,train,-0.00000000,-0.00000000,b0edcd648ec609b105a35d1b4c7f93f86321213f019b27e70c36c23bf02b95b3
T1996,training,0.0000,-0.1675,0.00000000,0.0000|-0.1675,1,8523,test_iid,-0.00000000,-0.00000000,69dfb1fcb2f96e63e7e4475a7748a0dabab9fe02c59fc38ff54c933dbad244d5
T1997,training,0.0000,-0.1636,0.00000000,0.0000|-0.1636,1,8528,train,-0.00000000,-0.00000000,8aac2a781f197b145cfd8ed08ab75ec6be1d17811652a408e3c41dc066dae655
T1998,training,0.0000,-0.1548,0.00000000,0.0000|-0.1548,1,8513,train,0.00000000,0.00000000,729b398b511233e0ccefab8af74bcbae180cdaec82fe2457a27363c32307dd5c
T1999,validation,0.0000,-0.1470,0.00000000,0.0000|-0.1470,1,8517,train,0.00000000,0.00000000,d9b4f9030af430e03f451866d1d4f0f18a7105c5ca50cf42392055fb9ca62dbb
T2000,training,0.0000,-0.1437,0.00000000,0.0000|-0.1437,2,8512;8522,train,-0.00000000,0.00000000,621ddef581e0d4d0ed29d1bd41d37c4b44382c5efb7180ad213eb12ee3c1cad6
T2001,training,0.0000,-0.1432,0.00000000,0.0000|-0.1432,1,8507,train,-0.00000000,-0.00000000,609477b0326d4a76c03e5fc71eda923b87f9e925e4c01eeaec22267fdc276be4
T2002,training,0.0000,-0.1306,0.00000000,0.0000|-0.1306,1,8501,train,0.00000000,0.00000000,43af9f6680645c75c64362e5da8d89f2d5b0919bad1e04afa45f08d81166ab9d
T2003,training,0.0000,-0.1286,0.00000000,0.0000|-0.1286,1,8506,train,0.00000000,0.00000000,08cc8ea0211e6435fe9e956feafaa22d136682254ab2f2e093e004f70b12eaf0
T2004,training,0.0000,-0.1279,0.00000000,0.0000|-0.1279,1,8516,train,0.00000000,0.00000000,82cca5bce32dc9d098a7c22be80e8678cf964c4cd784b66baa22a9f8ad88396f
T2005,training,0.0000,-0.1192,0.00000000,0.0000|-0.1192,1,8500,train,-0.00000000,-0.00000000,bde9bd52c0877f55a7d43c43fab3c8e404c82dbff9ac952076b95c96c2d078d5
T2006,training,0.0000,-0.0912,0.00000000,0.0000|-0.0912,1,8511,train,0.00000000,0.00000000,62649b122ac9b1e74a1d7c623e898e24f1e3a13c11eb7faa903357ddc188e271
T2007,validation,0.0000,-0.0863,0.00000000,0.0000|-0.0863,1,8527,test_iid,0.00000000,0.00000000,d9db2ba497b6d1cb4fc7dbef02a47e1faf0187c65067aad1a148edb73f6eb684
T2008,training,0.0000,-0.0835,0.00000000,0.0000|-0.0835,1,8505,test_iid,0.00000000,0.00000000,6836b7ee68d74b622e2503f8c135da9698e7205145c3549cec8eb12318296703
T2009,training,0.0000,-0.0794,0.00000000,0.0000|-0.0794,1,8510,train,-0.00000000,-0.00000000,169eb88193553cf11a61b67fc5eaf70ff723c94a2d404a1ac4921437971cc32d
T2010,training,0.0000,-0.0738,0.00000000,0.0000|-0.0738,1,8521,train,0.00000000,0.00000000,845efa921b9d337c73823fef2e49099d5146a9ae28176029ec7a9bd294711ac1
T2011,test,0.0000,-0.0721,0.00000000,0.0000|-0.0721,1,8504,train,0.00000000,0.00000000,ed19f8730cbf29d4c5cab5512b956571c6ab3824886e5982d89fa2f91f27533a
T2012,validation,0.0000,-0.0720,0.00000000,0.0000|-0.0720,1,8499,test_iid,0.00000000,0.00000000,e4f0b2acf0c06b746843f9a8a00b64393acada10a47b5d9d63d38099f1744896
T2013,training,0.0000,-0.0709,0.00000000,0.0000|-0.0709,1,8526,train,0.00000000,0.00000000,92a81114b0945cdaf9d6cb6e21ead331ab671972da67715484af5e217d56eacb
T2014,training,0.0000,-0.0634,0.00000000,0.0000|-0.0634,1,8498,train,-0.00000000,-0.00000000,ca75396bc8ffb370aa283c86530aa9e8b6be0812178a7c3610ae26e6111a8ba2
T2015,training,0.0000,-0.0596,0.00000000,0.0000|-0.0596,1,8515,train,0.00000000,0.00000000,41852b8696c5db46d4d1c45f1d1849c4034d65fafb56294d5b62b76804dfe568
T2016,test,0.0000,-0.0587,0.00000000,0.0000|-0.0587,1,8520,train,0.00000000,0.00000000,e7b2d563cb7e2c2feaa028a0a240e83eae5dcb917079c0854ba8ea195a033281
T2017,training,0.0000,-0.0467,0.00000000,0.0000|-0.0467,1,8514,train,-0.00000000,-0.00000000,15cd659ad9a3dc03a1926796a5a6fe0e3dde28030fb9b71af8d85570c6c16e97
T2018,training,0.0000,-0.0449,0.00000000,0.0000|-0.0449,1,8509,train,0.00000000,0.00000000,9b0cecaca091d616b525d52e2ad4685e3a233475d0b81bb7b74657be9d44fc25
T2019,test,0.0000,-0.0416,0.00000000,0.0000|-0.0416,1,8489,train,0.00000000,0.00000000,fde1fd0bc947bbe4551ae41b48bef19e497cb3edfebc332521cdbf90be42b883
T2020,training,0.0000,-0.0415,0.00000000,0.0000|-0.0415,1,8495,train,0.00000000,0.00000000,6da97d1046adeca0172d83c9612a32e854c95e215cc0d2092bf3286e73be58cf
T2021,training,0.0000,-0.0387,0.00000000,0.0000|-0.0387,1,8494,test_iid,-0.00000000,-0.00000000,5607b9fc41d5026126b05dbd81bd3f3ff4f846bdf5bd8ca8ae700912c841d0be
T2022,training,0.0000,-0.0385,0.00000000,0.0000|-0.0385,1,8483,train,-0.00000000,-0.00000000,1e15657b94a3bcb3ec691b3c838817bd8c52d92aa792715a68565301598ace27
T2023,training,0.0000,-0.0382,0.00000000,0.0000|-0.0382,1,8488,train,0.00000000,0.00000000,4fa536779d796f0140dec33807b25715b21e6ac51a70d36918c69629c0764d40
T2024,training,0.0000,-0.0377,0.00000000,0.0000|-0.0377,1,8503,train,-0.00000000,-0.00000000,004f9150bfc8e0dbc68359f1fc4ec2c10bd50b1265392db6d43f49c7a86d9b4b
T2025,training,0.0000,-0.0363,0.00000000,0.0000|-0.0363,1,8508,train,-0.00000000,-0.00000000,4daf075f5d3c389ec536a482599da43dc96f40e6e689486075c3cfbacbbbcadb
T2026,training,0.0000,-0.0355,0.00000000,0.0000|-0.0355,1,8482,train,0.00000000,0.00000000,7aa5221473d94ad9b572054b07cbd33fa2e9ecd5c1e1d2a6395bad062e72f424
T2027,training,0.0000,-0.0305,0.00000000,0.0000|-0.0305,1,8502,train,-0.00000000,-0.00000000,8f47ae7ceb5a20604612cb6af513148360dad2323717ac1829b5385dfb031e7e
T2028,test,0.0000,-0.0303,0.00000000,0.0000|-0.0303,1,8497,train,0.00000000,0.00000000,f14f55d6217de4baf89246e0ac245ddf41f59b441c7a367f675124768e7235ce
T2029,training,0.0000,-0.0273,0.00000000,0.0000|-0.0273,1,8493,test_iid,0.00000000,0.00000000,c5ed4e4a0e1308174fc456f22467b58c09b8898674c1313f2704c9245a5a59b8
T2030,training,0.0000,-0.0257,0.00000000,0.0000|-0.0257,1,8487,val_iid,-0.00000000,-0.00000000,6a3c93cd20085f89049bb6868304360425db57856434f5452fd3933e06dfaa39
T2031,training,0.0000,-0.0242,0.00000000,0.0000|-0.0242,1,8492,train,0.00000000,0.00000000,b6c9f3f48a9e80b3012b4b95ffad94a7b7399675e5653488c7968a9ce610d712
T2032,training,0.0000,-0.0240,0.00000000,0.0000|-0.0240,1,8481,test_iid,-0.00000000,-0.00000000,0861dbc459f2f356fe08c2d222c7b6738bb5dccac84c95f92ff5e5d8ec986dcd
T2033,training,0.0000,-0.0236,0.00000000,0.0000|-0.0236,1,8496,train,-0.00000000,-0.00000000,7c3abf1f09015fd4f0f3a96da639b437821aaa5000e93b66ca380aeffb0abfe1
T2034,training,0.0000,-0.0227,0.00000000,0.0000|-0.0227,1,8486,train,0.00000000,0.00000000,93b6fe3c15414f5d2578b278ecf32c70b977ae001e0c519ffd5917e8bd28b9c8
T2035,validation,0.0000,-0.0207,0.00000000,0.0000|-0.0207,1,8480,train,-0.00000000,-0.00000000,d554280ca9ff4aba61dc8585727afe1a338389993ad23d079923452e8640d060
T2036,training,0.0000,-0.0147,0.00000000,0.0000|-0.0147,1,8491,train,-0.00000000,-0.00000000,2f7995dfd4c2de934a7697c449476a04e5adb1576673f085698511eac6b66619
T2037,training,0.0000,-0.0128,0.00000000,0.0000|-0.0128,1,8485,train,0.00000000,0.00000000,3c136d773b00cc83958683e7190cf5619fdef6bbded3766a862fbbf702828c9f
T2038,training,0.0000,-0.0126,0.00000000,0.0000|-0.0126,1,8490,train,-0.00000000,-0.00000000,a2f124ec028f039d0f7dc86a1dbe95dac064d1fe6a4b39d5a6cefb463f997dd2
T2039,training,0.0000,-0.0113,0.00000000,0.0000|-0.0113,1,8479,train,-0.00000000,-0.00000000,2574a72e11997e4e771e679a203f6cbb67ac11106ac1bfef73810bdd3bb6b15e
T2040,test,0.0000,-0.0107,0.00000000,0.0000|-0.0107,1,8484,train,-0.00000000,-0.00000000,ea48ac527dab83794d1098d629ee88e56aeae1f17e22c0bbaaf28e0fa4f9e9bf
T2041,training,0.0000,-0.0093,0.00000000,0.0000|-0.0093,1,8478,train,-0.00000000,-0.00000000,003798e14f4a7e4bcec7c0dfe50f8c441eba3b2d63817e82b4459662851c42e3
T2042,training,0.0000,0.0093,0.00000000,0.0000|0.0093,1,11880,train,-0.00000000,-0.00000000,1bd56c799d6196c972d3a92af241c2662437b7baa5a1c21c7460d41e8dacfaf2
T2043,training,0.0000,0.0107,0.00000000,0.0000|0.0107,1,11886,test_iid,0.00000000,0.00000000,6635be59de63904267ce25332788a16ee6308460f0a91f686e9a37706ade93d5
T2044,test,0.0000,0.0113,0.00000000,0.0000|0.0113,1,11881,test_iid,-0.00000000,-0.00000000,f848657c8320b9b4ecf227815fc919280a34cf2943d752312bc37a7862564789
T2045,training,0.0000,0.0126,0.00000000,0.0000|0.0126,1,11892,train,-0.00000000,-0.00000000,187b2d024a7ee95c8009f22a1d0e892b32784b07a319380bc95ef7b636a75409
T2046,training,0.0000,0.0128,0.00000000,0.0000|0.0128,1,11887,train,0.00000000,0.00000000,571b504332c64b125fdebae3ffc72d22278ec0cd3669db4ebf5d90e9147ea040
T2047,training,0.0000,0.0147,0.00000000,0.0000|0.0147,1,11893,train,-0.00000000,-0.00000000,3545531d7cff410a198c2645a801bc892abc51931a71047db5dfe5566c1d323a
T2048,training,0.0000,0.0207,0.00000000,0.0000|0.0207,1,11882,train,0.00000000,0.00000000,af3ea895a30efa76ba559fb4e69e313bc13f5984b8ea020cc8fa9f431389731f
T2049,test,0.0000,0.0227,0.00000000,0.0000|0.0227,1,11888,train,0.00000000,0.00000000,fb00d43565070b9d55019d0b66508f51cf1e87071991dda33d4a9218525192fb
T2050,training,0.0000,0.0236,0.00000000,0.0000|0.0236,1,11898,test_iid,0.00000000,0.00000000,a7dd7495cdb8d0c0e39c25f9f606420c1edc39ae15a3eeac3b945a0445ff7c0d
T2051,training,0.0000,0.0240,0.00000000,0.0000|0.0240,1,11883,train,-0.00000000,-0.00000000,c19c875786b51ef15d8c0b9b10b17811dd690f6455c2106cf24c3de4ac25af36
T2052,training,0.0000,0.0242,0.00000000,0.0000|0.0242,1,11894,train,-0.00000000,-0.00000000,046e81d8794878871ffd472dab627900b633b6d9de0063ae24546be85d74d24f
T2053,training,0.0000,0.0257,0.00000000,0.0000|0.0257,1,11889,train,-0.00000000,-0.00000000,3f075b36176173e04798cd7195516e79af6a4ff2f20cf4b92aec24fa1dbc5cd3
T2054,training,0.0000,0.0273,0.00000000,0.0000|0.0273,1,11895,train,-0.00000000,-0.00000000,6af518b69e90b131fcd5c63ec12c681812ea051941d3894d95191accd410262b
T2055,training,0.0000,0.0303,0.00000000,0.0000|0.0303,1,11899,train,0.00000000,0.00000000,87854b34935960e1b39bcd4e16276b4e1de14a9b7ef76a874579183852595ea4
T2056,training,0.0000,0.0305,0.00000000,0.0000|0.0305,1,11904,train,-0.00000000,-0.00000000,b71515a2f0844f65e9a9391f694c5bb545bb0784282925e2c9e702c5183632ef
T2057,training,0.0000,0.0355,0.00000000,0.0000|0.0355,1,11884,test_iid,0.00000000,0.00000000,1267db06e11a1ff87633aba93fe81e438969c7ffd043fbff61d15c971a0461ce
T2058,training,0.0000,0.0363,0.00000000,0.0000|0.0363,1,11910,train,0.00000000,0.00000000,63d2b095dbb26d51fd2abbecdfa69e02bfd404c79b3f65cde55a0d4425bbfbfa
T2059,training,0.0000,0.0377,0.00000000,0.0000|0.0377,1,11905,train,-0.00000000,-0.00000000,c28bc5355720092719fdb89cdfad1ebf2fed8c7e54f3eeb66aedfe156b080fc5
T2060,training,0.0000,0.0382,0.00000000,0.0000|0.0382,1,11890,train,0.00000000,0.00000000,c2c608623013d77d630429ef164bac38d370103adf2ba933766bb3acf58f5fc1
T2061,validation,0.0000,0.0385,0.00000000,0.0000|0.0385,1,11885,train,0.00000000,0.00000000,d8a4fe17d6edd5c045555ca08996d934b6261b148a0e14dd005f6c5f6c2de27b
T2062,test,0.0000,0.0387,0.00000000,0.0000|0.0387,1,11896,val_iid,0.00000000,0.00000000,f158160eb9976763d2e6aa0c41b98f5a330256109839a28788f0f7fd1d0ec72e
T2063,training,0.0000,0.0415,0.00000000,0.0000|0.0415,1,11897,val_iid,0.00000000,0.00000000,47f27c7e31570bb92d12e52bde6b7dcc3315b80e0a53d7733d108d9fa500b1d9
T2064,training,0.0000,0.0416,0.00000000,0.0000|0.0416,1,11891,val_iid,-0.00000000,-0.00000000,a8bc05c964f9149b0a87a7d9d6486aa265dd71638c6a8f260f91caae320e8341
T2065,training,0.0000,0.0449,0.00000000,0.0000|0.0449,1,11911,train,0.00000000,0.00000000,977942455fd0c5ae5199eba7cae567ce9e9a12579a9bb43cc89e37b696e18ea2
T2066,training,0.0000,0.0467,0.00000000,0.0000|0.0467,1,11916,test_iid,-0.00000000,-0.00000000,307bbddb80721ec0fed68605c6db0d48523641771b5bf5b134249f06d51884ab
T2067,training,0.0000,0.0587,0.00000000,0.0000|0.0587,1,11922,train,0.00000000,0.00000000,1d6046909f5b31da51a38b1983e8e0584e7d2feb83dbca0f574218dd23a913ba
T2068,training,0.0000,0.0596,0.00000000,0.0000|0.0596,1,11917,test_iid,-0.00000000,-0.00000000,7c0b3f35c7fb3c0372c04b5dd67685f1dab7d48ae16414fed8824312219ac5c4
T2069,training,0.0000,0.0634,0.00000000,0.0000|0.0634,1,11900,val_iid,0.00000000,0.00000000,6804b8d5f0ee2d4e7db974e06973221339bf2af47209ee91fa1744cbbc92243c
T2070,training,0.0000,0.0709,0.00000000,0.0000|0.0709,1,11928,train,0.00000000,0.00000000,10dde711079e05d642e8ecdc1c5c9521446722e24e6719ea2e45a8c7e741dd58
T2071,training,0.0000,0.0720,0.00000000,0.0000|0.0720,1,11901,train,-0.00000000,-0.00000000,ba526f995659ac5306a36404e12e29b9ea746d7c96d106c634a52d8bc8b0c260
T2072,training,0.0000,0.0721,0.00000000,0.0000|0.0721,1,11906,val_iid,-0.00000000,-0.00000000,71bafd4c85156521d0b0d0c5100819989147d4ec057e3567984523563725aefe
T2073,training,0.0000,0.0738,0.00000000,0.0000|0.0738,1,11923,train,0.00000000,0.00000000,33e52703a21cfdec9d3ac99128043f371fa8b7717d7f6ebb1c7b4103c3bc829c
T2074,training,0.0000,0.0794,0.00000000,0.0000|0.0794,1,11912,val_iid,0.00000000,0.00000000,49b5a040cf783e85aa95d57730bc7aab60b2ad33166f2ac421827c00428b71ae
T2075,test,0.0000,0.0835,0.00000000,0.0000|0.0835,1,11907,train,0.00000000,0.00000000,fb6e17161503e42352391dfe408090fbcf8ded67bb8112df071427fce8e34c10
T2076,training,0.0000,0.0863,0.00000000,0.0000|0.0863,1,11929,train,0.00000000,0.00000000,9f15a43d65d683a8404f5d7424a457909e4a2388c9faa1e0dea197b9e6a7548f
T2077,training,0.0000,0.0912,0.00000000,0.0000|0.0912,1,11913,val_iid,0.00000000,0.00000000,b6ec1218b0d7ca21d6bc290a05c12095eefdce29debc1cfbe14125cdc0f2c548
T2078,training,0.0000,0.1192,0.00000000,0.0000|0.1192,1,11902,train,0.00000000,0.00000000,b9eb2980657cb8849cb16246b719703a776e75c1ace4c212fe1a7363033cbaf6
T2079,training,0.0000,0.1279,0.00000000,0.0000|0.1279,1,11918,train,0.00000000,0.00000000,370961bddb8a2c775d97c8d8f41b5b277bcfeb466384c9d5ec15bd03e40dfd5d
T2080,training,0.0000,0.1286,0.00000000,0.0000|0.1286,1,11908,train,0.00000000,0.00000000,2622801d82f15ab237d4cf6fbee4e295954101412b1c974177f05e1a8170a64c
T2081,training,0.0000,0.1306,0.00000000,0.0000|0.1306,1,11903,train,-0.00000000,-0.00000000,6956781a21fd0ecf46c8b507e40386f370597b8b8baf4c8f76ba06a144d8af83
T2082,training,0.0000,0.1432,0.00000000,0.0000|0.1432,1,11909,train,0.00000000,0.00000000,2e71506b4ea246e51a9e91a78009f21e1344d35ff8665dc6927a3314fcaff115
T2083,training,0.0000,0.1437,0.00000000,0.0000|0.1437,2,11914;11924,train,-0.00000000,0.00000000,bdfbe4b0390e38003eef7133e564bf3ccd0ed413c9b56d4bf75406b31fa02844
T2084,training,0.0000,0.1470,0.00000000,0.0000|0.1470,1,11919,train,0.00000000,0.00000000,b8934e50b9ec2c2f24fc5faaa9059365891f2d339fcfc2163f50da3404134eb1
T2085,training,0.0000,0.1548,0.00000000,0.0000|0.1548,1,11915,train,-0.00000000,-0.00000000,6c1d18872008f16c3ba8c60af3334ba51a1c4ac7bad951427fbc9e65ac8590b5
T2086,validation,0.0000,0.1636,0.00000000,0.0000|0.1636,1,11930,train,-0.00000000,-0.00000000,d7511d885a0f4e43b453fcf4f12e7a2afcb9daa70e1f3a972351330d247595b8
T2087,training,0.0000,0.1675,0.00000000,0.0000|0.1675,1,11925,test_iid,-0.00000000,-0.00000000,c924f94ae9c0dd0c5c381e3dfed1e28607a97f6e2bc6655681b08d5b7c9a248c
T2088,test,0.0000,0.1848,0.00000000,0.0000|0.1848,1,11931,val_iid,-0.00000000,-0.00000000,fdc712f4ba3ae975666e43f13797b8d97b7903297177ec42f796602c73a34519
T2089,training,0.0000,0.2415,0.00000000,0.0000|0.2415,1,11920,train,0.00000000,0.00000000,16a37a8396e485b6fdbacaa569953319ae74cf34b8c38e85bfe0491bdc4ad6e3
T2090,validation,0.0000,0.2670,0.00000000,0.0000|0.2670,1,11926,train,0.00000000,0.00000000,d8c4d98b7f07f09058b876eee888b4b264339ede57c99aaaa1d3fcd87480ad12
T2091,test,0.0000,0.2708,0.00000000,0.0000|0.2708,1,11921,train,-0.00000000,-0.00000000,f0428553ae7e545bfc07eb017bf51d7e44a2a4dc3552d75197cf55b7c7531fc6
T2092,training,0.0000,0.2911,0.00000000,0.0000|0.2911,1,11932,train,0.00000000,0.00000000,415ac2e055707babbf70a4718c0400b35a54498fdfd78c3f1fda7b0723f5ce8a
T2093,training,0.0000,0.2985,0.00000000,0.0000|0.2985,1,11927,train,-0.00000000,-0.00000000,bc6c051c438feb79404df5936c9dde99a99050be86bc9387b6a23f29c0997a37
T2094,test,0.0000,0.3208,0.00000000,0.0000|0.3208,1,11933,train,-0.00000000,-0.00000000,fcdd13184487f221dd86c3e8476b0e2dcf2a1e960cd4d99c0e38d0a8dd4180d7
T2095,training,0.0008,-0.0112,0.00000000,0.0008|-0.0112,1,8112,train,0.09449767,0.09449767,820d87d9af83567f652660dabad6d356075318f3caa11e1ced4882bdaef9d9d9
T2096,training,0.0008,-0.0098,0.00000000,0.0008|-0.0098,2,8101;8106,train,0.09169163,0.09320933,54d6588ca1a5e47547eb58c61da08790ebdd27e8a3d1e213962e94776bf58be1
T2097,training,0.0008,-0.0080,0.00000000,0.0008|-0.0080,1,8100,test_iid,0.08555711,0.08555711,82e1028cd3f89df423c7d99877e81b013e01410309f1c6abac7b4ff5f2bab02d
T2098,test,0.0008,0.0080,0.00000000,0.0008|0.0080,1,11502,train,-0.08555711,-0.08555711,ebe01a7ec43d19aa7b86460d57395168e39a5f203623cafe817180af60f68818
T2099,validation,0.0008,0.0098,0.00000000,0.0008|0.0098,2,11503;11508,train,-0.09320933,-0.09169163,db19513ef3839198dc4d12a73665b764624e71144200b47b460ef3da4afe5a26
T2100,training,0.0008,0.0112,0.00000000,0.0008|0.0112,1,11514,val_iid,-0.09449767,-0.09449767,ba64482bf15d7f267ee5c6f28ce03544005ddc2f0f821fca263ecd8728e47d40
T2101,training,0.0009,-0.0132,0.00000000,0.0009|-0.0132,1,8113,train,0.10284669,0.10284669,72a8fef4f795d83363e6bf411448b4f2764918702848c8c2330d234f054624f6
T2102,training,0.0009,-0.0117,0.00000000,0.0009|-0.0117,1,8107,train,0.09984199,0.09984199,b804caa32ecd7d82f94e2fa0b6e2bd7a6d61b6f2ca9cf41c0acce99aed6d6f5f
T2103,training,0.0009,0.0117,0.00000000,0.0009|0.0117,1,11509,val_iid,-0.09984199,-0.09984199,714e0b36515a497734f71fe69b89f583e3755b18987385f80b2d88b19d69e735
T2104,training,0.0009,0.0132,0.00000000,0.0009|0.0132,1,11515,train,-0.10284669,-0.10284669,8581c6af8ef9da2809534960664ad24854ab5eb4c82a9ad8d3da8e7646dc13f1
T2105,validation,0.0012,-0.0241,0.00000000,0.0012|-0.0241,1,8115,test_iid,0.14475426,0.14475426,d8c1d5789e330007d0e8dce6800594d652e1a118e0801c6b8e19cb75446c227f
T2106,training,0.0012,-0.0223,0.00000000,0.0012|-0.0223,1,8109,val_iid,0.14514553,0.14514553,289bbf3223d7d6727c97fc64f723769e47aca530bcf6ea429bb3040220f0fca5
T2107,training,0.0012,-0.0218,0.00000000,0.0012|-0.0218,1,8114,train,0.13676203,0.13676203,5d7e550522c6e9cf53df271478714d2187b205b55971792057aa9813dfb10d6f
T2108,training,0.0012,-0.0197,0.00000000,0.0012|-0.0197,1,8108,train,0.13703888,0.13703888,a93ac097abf52f8807796e6bc1b1124515c506cb7d4d82529a0b4146c28e7b67
T2109,training,0.0012,0.0197,0.00000000,0.0012|0.0197,1,11510,train,-0.13703888,-0.13703888,1c367a0c312ae2d0b2859be8b7be886c1c148f8d71a813c8eba1475dba8b8e1c
T2110,test,0.0012,0.0218,0.00000000,0.0012|0.0218,1,11516,train,-0.13676203,-0.13676203,fe494e1086b9ca4b349a1cb60361d7229b72e84279c70fffdc6a7c73e9850542
T2111,training,0.0012,0.0223,0.00000000,0.0012|0.0223,1,11511,train,-0.14514553,-0.14514553,2496a5c9cc673ab73d13a141b5d5f64840ae4b17e92eb1a15d31784212924ce4
T2112,training,0.0012,0.0241,0.00000000,0.0012|0.0241,1,11517,train,-0.14475426,-0.14475426,685b8eace26050f883abb74cf09d4100e3aaf3138f25e5da507fe66151f136e7
T2113,training,0.0013,-0.0371,0.00000000,0.0013|-0.0371,1,8117,train,0.19589581,0.19589581,c6ba1f60a6dda410f9f079cfd926198a818c47280442270f67f7faf1c2298802
T2114,training,0.0013,-0.0185,0.00000000,0.0013|-0.0185,1,8102,train,0.14203844,0.14203844,2219f21311ab10dd741fe121715cdcae921af8956e0a66aaa1d5c6b0acb4d130
T2115,training,0.0013,0.0185,0.00000000,0.0013|0.0185,1,11504,train,-0.14203844,-0.14203844,a0074dcb5566e23c7c476c344eecb345e70f54cad757a9e798f4eff8864393a9
T2116,validation,0.0013,0.0371,0.00000000,0.0013|0.0371,1,11519,val_iid,-0.19589581,-0.19589581,d5079177cc0bac9b2219ee201b057ee9b02a20bab8a2f830c33029b4e2c3b066
T2117,training,0.0014,-0.0358,0.00000000,0.0014|-0.0358,1,8111,train,0.20050537,0.20050537,847f84ef66346be95c191b6b40a0deb3312d56216db79c7a402b5ed38e97a921
T2118,training,0.0014,-0.0343,0.00000000,0.0014|-0.0343,1,8116,train,0.18987916,0.18987916,94fcf3d7a6e2a5aeaca0bb714c70bd595e79cbf597373b14eb3f3154b42301f6
T2119,training,0.0014,-0.0325,0.00000000,0.0014|-0.0325,1,8110,train,0.18798826,0.18798826,2d4369a7ef8acb67f85820c71a001dd80785c051ce47226907cfc3ee255dfe46
T2120,training,0.0014,-0.0209,0.00000000,0.0014|-0.0209,1,8103,train,0.15123242,0.15123242,90d2878f9e4b4a817d54e13ad41ef05cd6fa522ab90fada16e58da9da14b85f8
T2121,training,0.0014,0.0209,0.00000000,0.0014|0.0209,1,11505,val_iid,-0.15123242,-0.15123242,8cb10cd3aa0edd76e71c982fe5825a555ed0556d5504562cff2785e6847396f4
T2122,validation,0.0014,0.0325,0.00000000,0.0014|0.0325,1,11512,val_iid,-0.18798826,-0.18798826,e3e500fb3a2bfeeedaa0bf68e7e609a662a7826f2aa8f78af2632734887c9814
T2123,training,0.0014,0.0343,0.00000000,0.0014|0.0343,1,11518,train,-0.18987916,-0.18987916,7fe405f6e831103fb2f8fe804d6598963c988835cfdf2a28249f4c5ce65c88f3
T2124,test,0.0014,0.0358,0.00000000,0.0014|0.0358,1,11513,train,-0.20050537,-0.20050537,e8f9dad07169a4eaa787473ddafd6baf066414f6658858b574eb6aaca1601aaf
T2125,training,0.0016,-0.0335,0.00000000,0.0016|-0.0335,1,8105,train,0.20571212,0.20571212,4b73e25c0a3728462ab125d3250015a9d806eacb496cca92007bdef80bf581ff
T2126,training,0.0016,-0.0305,0.00000000,0.0016|-0.0305,1,8104,train,0.19316181,0.19316181,4df2e4f060f48ae753d34c08b73aa79a2d61e7d9655573a7d0fd209ea677f30f
T2127,training,0.0016,0.0305,0.00000000,0.0016|0.0305,1,11506,train,-0.19316181,-0.19316181,46f5a241c90fd8b7da48345c80dec0de71fa5caf05e2e2cc27d158524b29fd07
T2128,test,0.0016,0.0335,0.00000000,0.0016|0.0335,1,11507,train,-0.20571212,-0.20571212,ec4ef59b41366735e83e9dab69c27c8925d1ea3fb2cfce770f39faac55b029a1
T2129,validation,0.0024,-0.0196,0.00000000,0.0024|-0.0196,1,8118,train,0.21783341,0.21783341,ce56384e21a596f00fa6a257d1ccf67748217dc756429d7b4b34b2488ac8989f
T2130,training,0.0024,0.0196,0.00000000,0.0024|0.0196,1,11520,train,-0.21783341,-0.21783341,3562c5c30f1d2865ec524a70c319a113235e8082df381b582b278f4db3d54650
T2131,validation,0.0027,-0.0071,0.00000000,0.0027|-0.0071,1,8910,train,-0.13598690,-0.13598690,cc30342793a60b6613c9c3679b439f965445903f7b5a3215e740a279e2283a5d
T2132,training,0.0027,0.0071,0.00000000,0.0027|0.0071,1,12204,train,0.13598690,0.13598690,1931a0e28b23853182eada18775932b3aa39462a247dd984a2db075539741c30
T2133,training,0.0029,-0.0246,0.00000000,0.0029|-0.0246,1,8124,train,0.26350496,0.26350496,49ca9219475fc7e8c551d64d154ee65929b1ecb147ba059b551184dc640f686d
T2134,validation,0.0029,0.0246,0.00000000,0.0029|0.0246,1,11526,test_iid,-0.26350496,-0.26350496,d7f19cce1286e9772234f17430742fea7a64186e584fd1d5d83506ed65403aa8
T2135,training,0.0031,-0.0271,0.00000000,0.0031|-0.0271,1,8119,train,0.28860087,0.28860087,45d3140c17918e30dab1bda4f5b5e0796a813c200a6b2aaa673783955e9a1809
T2136,training,0.0031,0.0271,0.00000000,0.0031|0.0271,1,11521,train,-0.28860087,-0.28860087,b197c35dc425a91b953981798eb2747506552f3bcebb938dd38482a1f9ba490e
T2137,test,0.0033,-0.0313,0.00000000,0.0033|-0.0313,1,8125,train,0.32011932,0.32011932,f00b27c9edd4d992c2cbf0f9f66b8d874af323536ca0a0fedb64dbbeca0b71fd
T2138,test,0.0033,-0.0305,0.00000000,0.0033|-0.0305,1,8130,test_iid,0.32017867,0.32017867,eac0c2016aa00c8d83f9e777c7322ec9360632608ff5cc37c8a23664fb153b35
T2139,training,0.0033,0.0305,0.00000000,0.0033|0.0305,1,11532,train,-0.32017867,-0.32017867,2cc27f049c926d234de7028c75af55b23d0121646407671dc09e76e8988600b2
T2140,training,0.0033,0.0313,0.00000000,0.0033|0.0313,1,11527,train,-0.32011932,-0.32011932,28dfa829486805b6f87f0d2c1fe65aa7325f6077450b8384ae1ca4d4eddefb71
T2141,training,0.0037,-0.0088,0.00000000,0.0037|-0.0088,1,8911,val_iid,-0.16221287,-0.16221287,43db4735dc221c46c905ee655461f12755d0c69cf672565603fab187b95bdcf5
T2142,training,0.0037,-0.0085,0.00000000,0.0037|-0.0085,1,8916,test_iid,-0.15744045,-0.15744045,5ef8492939d1e36861f5563456a208baf2b0e5224aecff7b31b017ecb4ae4832
T2143,training,0.0037,0.0085,0.00000000,0.0037|0.0085,1,12210,train,0.15744045,0.15744045,6441208d89fa53d5b6511bdb99c644b70d36d51a5ab6b2a2eacbd421633bdb27
T2144,test,0.0037,0.0088,0.00000000,0.0037|0.0088,1,12205,train,0.16221287,0.16221287,ef523a0984ef34601743598f868c6bac1c1b14b2d91f314e61624533539945b6
T2145,training,0.0038,-0.0360,0.00000000,0.0038|-0.0360,1,8131,train,0.37277185,0.37277185,80bb32844573fda0082a15ba2201fba1cc071e18c5caaf01d9f98da6d32b9591
T2146,training,0.0038,0.0360,0.00000000,0.0038|0.0360,1,11533,train,-0.37277185,-0.37277185,3fd48092c382312c2612836b5775f70a0cbe49359bbd287d84b53c894f82bdfe
T2147,training,0.0041,-0.0088,0.00000000,0.0041|-0.0088,1,8532,train,-0.01672983,-0.01672983,bd4ed9613c0f847c5c9864e6fae61e037556d4e983e882392a960b506f327f7c
T2148,test,0.0041,0.0088,0.00000000,0.0041|0.0088,1,11826,train,0.01672983,0.01672983,f53f6cde8a70e7fb1f579dfcad80cc59ba333ae67bfb9e01b3c814612e90f626
T2149,training,0.0044,-0.0084,0.00000000,0.0044|-0.0084,1,8154,train,0.03356148,0.03356148,2cf68401d38a069c9d9810758b301aaea0a0d09ff1d6e186a41211f0dd791412
T2150,validation,0.0044,0.0084,0.00000000,0.0044|0.0084,1,11448,train,-0.03356148,-0.03356148,d31d10320b00a53adcc88a2192fba54c3776072f6f028e2e903548daa02a2617
T2151,training,0.0045,-0.0048,0.00000000,0.0045|-0.0048,1,9018,train,-0.14981072,-0.14981072,15c497fa0df1431594fa0027ffd2b132fd0b5925a11e0f19c26b7bd89fe7218b
T2152,validation,0.0045,0.0048,0.00000000,0.0045|0.0048,1,12096,train,0.14981072,0.14981072,ce83c9996881f59751c5d92bb69e916792930336697ae56603c48475e7341ec7
T2153,training,0.0046,-0.0061,0.00000000,0.0046|-0.0061,1,8964,train,-0.16329795,-0.16329795,2a0e1a2d7353801b51afb6a605c4df96499e2900fe6c228ed9a49dc12e4fc9e4
T2154,training,0.0046,0.0061,0.00000000,0.0046|0.0061,1,12150,train,0.16329795,0.16329795,090f76893b81f40efe6595512474686765c77572169a8cc53a89862b72dca8ad
T2155,test,0.0047,-0.0496,0.00000000,0.0047|-0.0496,1,8120,train,0.52782055,0.52782055,ea8433181eeb693bcf6b6e5f2f80237cbb23a509e6877b624badbb9dc2cdf4be
T2156,training,0.0047,0.0496,0.00000000,0.0047|0.0496,1,11522,train,-0.52782055,-0.52782055,73196dee71a2190f049cf3681068d569ea5381a4decc0172eb6620b40ee4c649
T2157,test,0.0048,-0.0045,0.00000000,0.0048|-0.0045,1,4536,train,0.14981072,0.14981072,fb4ae2cddec339d995587807d8a0bc624e729caf4be3b255f8aba4491c4bd7c4
T2158,training,0.0048,0.0045,0.00000000,0.0048|0.0045,1,5616,train,-0.14981072,-0.14981072,c7c922fd8235c71d2cf4997149150694923b36cc63e883ed61480b9ae7bc47d8
T2159,test,0.0049,-0.0572,0.00000000,0.0049|-0.0572,1,8121,train,0.60476558,0.60476558,f4a52c3328e818daf4db886fa1c7f1881c91fdc52382a84d22953da1136614b7
T2160,training,0.0049,-0.0367,0.00000000,0.0049|-0.0367,1,8136,train,0.42042532,0.42042532,35754f96a4856e7eef2324d6b8f0c2b3fea7cf018b8596786271b253bd78c663
T2161,training,0.0049,-0.0098,0.00000000,0.0049|-0.0098,1,8922,train,-0.17344046,-0.17344046,92726570d956de1273c1cdeb62d398021c3dfd63db6bf6096e9d39fada18c52f
T2162,training,0.0049,0.0098,0.00000000,0.0049|0.0098,1,12216,train,0.17344046,0.17344046,1c08f188390922b648c253ffb840e7c8d82651744993694e2188fb9cce52a9d3
T2163,training,0.0049,0.0367,0.00000000,0.0049|0.0367,1,11538,train,-0.42042532,-0.42042532,885bfcc0961abad2dfbe176937416dd2b4df8084a2790978865b61be5b03eaa9
T2164,training,0.0049,0.0572,0.00000000,0.0049|0.0572,1,11523,train,-0.60476558,-0.60476558,c9b865438536fd431e959b8dfd44a911baac294244e3ccd1d909228f4ff7c2ff
T2165,training,0.0051,-0.0105,0.00000000,0.0051|-0.0105,1,8917,train,-0.18274899,-0.18274899,b9311e449331fdf3d7110d4f41ae3acf9a0efef118475d7e8675405cd6c89774
T2166,training,0.0051,0.0105,0.00000000,0.0051|0.0105,1,12211,train,0.18274899,0.18274899,a57c98c09fe7622602da5bf17cd6e0758130b12238d6fb680e17cbe24ed5570f
T2167,training,0.0052,-0.0056,0.00000000,0.0052|-0.0056,1,9024,val_iid,-0.16652087,-0.16652087,6f0d17d73bd8896e9b9086ebabdde9d2364ec1c49650c3362ef2fa80a6dd1993
T2168,training,0.0052,0.0056,0.00000000,0.0052|0.0056,1,12102,train,0.16652087,0.16652087,128e5f57d44ab7fb89365a08bc5f715d2db5d41c40c0b8d700d28e5654c6ef86
T2169,training,0.0053,-0.0627,0.00000000,0.0053|-0.0627,1,8132,train,0.67501614,0.67501614,67ffff03ef566dadce1a695b2e1b883d10272575a7e2e86a85b04d34201bff05
T2170,training,0.0053,0.0627,0.00000000,0.0053|0.0627,1,11534,train,-0.67501614,-0.67501614,60b9b03e7a0af11def3c800aa9b3816406730e2991fc6867a3e6d152c93ab044
T2171,training,0.0054,-0.0830,0.00000000,0.0054|-0.0830,1,8122,train,0.93113126,0.93113126,0ccbee4b2a67b4ab0e3a79d14d1ed255784f6602eeee3ebdf4850d839062ede7
T2172,training,0.0054,-0.0723,0.00000000,0.0054|-0.0723,1,8133,test_iid,0.78114022,0.78114022,c1f94907c35c18aa276d3d7ce830d1b809ae75d1e1d9a08098f59e40903f81ad
T2173,training,0.0054,-0.0556,0.00000000,0.0054|-0.0556,1,8126,train,0.59183785,0.59183785,966ff94160ff84943f8b302cb00a0d53b8b6baa6ffe2742b7ffd2c5be1393f07
T2174,validation,0.0054,0.0556,0.00000000,0.0054|0.0556,1,11528,train,-0.59183785,-0.59183785,cd424e99976a43b0845ff9a8d2796ebd80f94b7a6d655283a71a5e69b409f4d0
T2175,validation,0.0054,0.0723,0.00000000,0.0054|0.0723,1,11535,train,-0.78114022,-0.78114022,cf7dcafc48ccbff3822f9599c5b05aff83f48b2cc4bb4c757322a1b7d0adeb82
T2176,training,0.0054,0.0830,0.00000000,0.0054|0.0830,1,11524,train,-0.93113126,-0.93113126,37456f28033e8e1462d51c7f5919771d1ef0bafc6a74eef5eaa210615ecdd042
T2177,test,0.0055,-0.0109,0.00000000,0.0055|-0.0109,2,8533;8538,train,-0.01909797,-0.01876381,feaf88ac3c27d2b630aba6471ee42b5b1a219ee030347a49b4645f1b298fa4df
T2178,training,0.0055,0.0109,0.00000000,0.0055|0.0109,2,11827;11832,train;test_iid,0.01876381,0.01909797,b2ec1afe068225f825e503ffd130d2a33edc026d8191292c8294b9327c556c7f
T2179,training,0.0056,-0.0061,0.00000000,0.0056|-0.0061,1,9019,val_iid,-0.17592015,-0.17592015,698a542a8ec405a8f1a19aa15463a8dc03fe2fd2b5e43247cf04c0384aedeedb
T2180,validation,0.0056,-0.0052,0.00000000,0.0056|-0.0052,1,4542,train,0.16652087,0.16652087,df23d9281308a5ad47647054299a4ed14940080eb1e0ad8ad2528b588f05ed4e
T2181,training,0.0056,0.0052,0.00000000,0.0056|0.0052,1,5622,train,-0.16652087,-0.16652087,20965876cd65851dee023f47b008cc71a653fc491d56900083f5bc9626c8619d
T2182,training,0.0056,0.0061,0.00000000,0.0056|0.0061,1,12097,train,0.17592015,0.17592015,10ea28bf861f383668b424397f4e752dbc53d85f9a95a42facf227836ca15681
T2183,training,0.0057,-0.0659,0.00000000,0.0057|-0.0659,1,8127,train,0.70400871,0.70400871,3d924b5ec25c48a8e8b4c09ebda2a9a0742fa03931ab37fb05ea2d38687bd404
T2184,training,0.0057,-0.0474,0.00000000,0.0057|-0.0474,1,8137,train,0.54942639,0.54942639,6d62a17e15942a0fa6c3212a034324b02d530793d1398e33fdf73a38f5e9d42d
T2185,validation,0.0057,-0.0451,0.00000000,0.0057|-0.0451,1,8142,train,0.52051933,0.52051933,d3a78a6fbd922bfc83e29b6368980e1b3d5d0ce5fa17edc71c64dfa1d9ff4593
T2186,training,0.0057,-0.0101,0.00000000,0.0057|-0.0101,1,8160,val_iid,0.03469967,0.03469967,1efd13c5d50f3d6bf21bdcb49114e5ed9b454c3d10103781e9c3bb03fca1cf01
T2187,validation,0.0057,0.0101,0.00000000,0.0057|0.0101,1,11454,train,-0.03469967,-0.03469967,dd048f3db22458aa0e1b361133f139371d1f8d2e960f54fddecdd4eb67572405
T2188,training,0.0057,0.0451,0.00000000,0.0057|0.0451,1,11544,train,-0.52051933,-0.52051933,3e7f8cae48558d24472e347263c607c64eaaab01d5e63a5c9162e80edde20d0e
T2189,training,0.0057,0.0474,0.00000000,0.0057|0.0474,1,11539,train,-0.54942639,-0.54942639,bc4fa4baf957b488c1f7e30b4c35f110ff0921e0778db67fae482418125a5446
T2190,training,0.0057,0.0659,0.00000000,0.0057|0.0659,1,11529,train,-0.70400871,-0.70400871,72156d1b29baaf1379558a5a8f55697d5591fa2ea21af7deebaa5b4b3b79731f
T2191,training,0.0058,-0.0103,0.00000000,0.0058|-0.0103,1,8155,test_iid,0.03702409,0.03702409,659435abbeff4c9c32eb0c8d621c0b64892a718d8db45f5790be6c4cbfbfb995
T2192,training,0.0058,0.0103,0.00000000,0.0058|0.0103,1,11449,train,-0.03702409,-0.03702409,5b7701689ae07fa6b60f43332a89546af789654d65ffb9868799101be001522a
T2193,training,0.0059,-0.0074,0.00000000,0.0059|-0.0074,1,8970,train,-0.18900106,-0.18900106,713330ceaed30c6395cab2297382e0feb8ff39544a6133be34e46873be6e510e
T2194,validation,0.0059,0.0074,0.00000000,0.0059|0.0074,1,12156,test_iid,0.18900106,0.18900106,dd082e6fc9a864d7028d47048fb8c516114daf3526fd02b21a455dcec0e8509f
T2195,test,0.0060,-0.0164,0.00000000,0.0060|-0.0164,1,8928,train,-0.32030068,-0.32030068,ed56c399b62dead2749e1c9afbdaf1c19aef1d9a5c2ee4e82adc65a8becf86b3
T2196,training,0.0060,0.0164,0.00000000,0.0060|0.0164,1,12222,train,0.32030068,0.32030068,500d462d276119c11ffb3a3a5c0ef0b32f9b92a9dd7096247969cf69fd35c683
T2197,training,0.0061,-0.0078,0.00000000,0.0061|-0.0078,1,8965,test_iid,-0.19833343,-0.19833343,c12804880e55de07e34b358732f91b251f6d7fcb5402caab0d34713c7b3320c6
T2198,validation,0.0061,-0.0056,0.00000000,0.0061|-0.0056,1,4537,train,0.17592015,0.17592015,dc38a8ed34cc5c744786da93b30100ed82951bad5a601c2cd31df605cd42b270
T2199,training,0.0061,-0.0046,0.00000000,0.0061|-0.0046,1,4590,val_iid,0.16329795,0.16329795,8556708274efd1348dcbf227045ddee037499e321d36cb69494b5b56334d28dc
T2200,validation,0.0061,0.0046,0.00000000,0.0061|0.0046,1,5562,train,-0.16329795,-0.16329795,d90c023ed74b750b52afac0c391229b2c758ca3d4a22a11cd4fb2c345d139da7
T2201,training,0.0061,0.0056,0.00000000,0.0061|0.0056,1,5617,train,-0.17592015,-0.17592015,0a6ffdf6b04a4099f557fb0a77e1971166f9d2299650dba611c3353937201c3b
T2202,training,0.0061,0.0078,0.00000000,0.0061|0.0078,1,12151,val_iid,0.19833343,0.19833343,b07b40dab7dd457d73b2190e8b31e414778a52c2fe52dc041098db0d53c6b441
T2203,training,0.0062,-0.0889,0.00000000,0.0062|-0.0889,1,8128,val_iid,1.00962401,1.00962401,8ae1e62817d34e0b4aea9ba99d9800a6f0ed1d61297de7f76210a61a80caa1dd
T2204,training,0.0062,-0.0066,0.00000000,0.0062|-0.0066,1,9030,train,-0.18177897,-0.18177897,c49342518e87cf1a726457f747b8f8789649071d34535f09d7c2423a0ec4e828
T2205,training,0.0062,0.0066,0.00000000,0.0062|0.0066,1,12108,train,0.18177897,0.18177897,0acee8da264b493f3189ab17849c986847661888ec6ba8aae7a7f06f7b176fbf
T2206,validation,0.0062,0.0889,0.00000000,0.0062|0.0889,1,11530,train,-1.00962401,-1.00962401,d5e1b87fd6ed0cddb2fe727bb79cfce350c354d229b6120b76620e0159059e37
T2207,training,0.0063,-0.0902,0.00000000,0.0063|-0.0902,1,8123,train,1.01502308,1.01502308,225556acc0acef0a48c4d9947390091a7a0d1f20ce7ba5f9000b5644c47f105d
T2208,training,0.0063,0.0902,0.00000000,0.0063|0.0902,1,11525,train,-1.01502308,-1.01502308,69736ef4b61da2dd6e8f8c00c79166e72d68f797937dc5cd0541708dae5849f1
T2209,training,0.0064,-0.0542,0.00000000,0.0064|-0.0542,1,8148,train,0.62957369,0.62957369,a19cd8b9d281233fbea867e9f3b3d62a829e80b92bb1b119cf836f001cc58614
T2210,training,0.0064,-0.0117,0.00000000,0.0064|-0.0117,1,8923,train,-0.19448937,-0.19448937,a131ece25d6fb1e6c954ab0b00c1163ed8f521374d55d51254bd16becb7e260b
T2211,training,0.0064,0.0117,0.00000000,0.0064|0.0117,1,12217,train,0.19448937,0.19448937,2a4acbbef08028dc3f42ccaff56ecfc9871a2ab6aa82430081945ff96fc68811
T2212,training,0.0064,0.0542,0.00000000,0.0064|0.0542,1,11550,train,-0.62957369,-0.62957369,92b359d9ac09dcd8f23a1cd574ca0bf0767e3bf16337d5f9192c22bd751f2c33
T2213,training,0.0065,-0.0069,0.00000000,0.0065|-0.0069,1,9025,train,-0.19290896,-0.19290896,4148378441ec8395f7093a1885a42c4797d78b0d39b6f9527699b402a9a2b07e
T2214,training,0.0065,0.0069,0.00000000,0.0065|0.0069,1,12103,train,0.19290896,0.19290896,c95d14ac52168188d6b883ace96fcafdeae8a1dfc1a4a3d0e5f045111225e11d
T2215,test,0.0066,-0.0930,0.00000000,0.0066|-0.0930,1,8134,train,1.06053973,1.06053973,f540ecf1b446cc0a39a5b338cf6dc5d05ace739004e1ffb41d4cd7e6e2e15438
T2216,training,0.0066,-0.0571,0.00000000,0.0066|-0.0571,1,8143,train,0.66511995,0.66511995,b5426975d3be46a4716bd95320f35548080b9946c0e417f39b210771970c8bc9
T2217,training,0.0066,-0.0062,0.00000000,0.0066|-0.0062,1,4548,train,0.18177897,0.18177897,a80d37a13444d8930d40f3aa2ed9ce32e1bbaffb6293fb1484d613604b004af8
T2218,training,0.0066,0.0062,0.00000000,0.0066|0.0062,1,5628,train,-0.18177897,-0.18177897,0e987f3e3b5d9c16835cf90f316fb61b67ba5624532c775376740152d4e10965
T2219,test,0.0066,0.0571,0.00000000,0.0066|0.0571,1,11545,train,-0.66511995,-0.66511995,e684b628fc0a02cd5d7627796d5032b39d63af0ef1092b68bfb0b92b25417675
T2220,training,0.0066,0.0930,0.00000000,0.0066|0.0930,1,11536,val_iid,-1.06053973,-1.06053973,0ff2d87f690d441e25a29e32fe41199494d183c3972e0fa0a8bf82f45206f49b
T2221,training,0.0067,-0.0080,0.00000000,0.0067|-0.0080,1,8586,val_iid,-0.02571773,-0.02571773,49655da288edcc4fe6ec8ec44656880451fff8e71a2fa4044df214866557a0df
T2222,training,0.0067,0.0080,0.00000000,0.0067|0.0080,1,11772,train,0.02571773,0.02571773,336f380325ca208298d8109ef3d59a3927cf2e3ab51b911b7cb2b98f2026abbf
T2223,test,0.0068,-0.0123,0.00000000,0.0068|-0.0123,1,8544,train,-0.01985624,-0.01985624,ef90ea41674d64706cb762953757e81b8ac0ab3d80b21070b31415faa77c529e
T2224,test,0.0068,0.0123,0.00000000,0.0068|0.0123,1,11838,train,0.01985624,0.01985624,eea5f158ce0715d60ec1a684cbe0a07f6aa41c15b38e9501b136c9d71cf6609e
T2225,training,0.0069,-0.0657,0.00000000,0.0069|-0.0657,1,8149,test_iid,0.77452413,0.77452413,13fd6f63e1ebb98d411d3c49044a5054f4e78283b8b34820485e50b21e88216c
T2226,training,0.0069,-0.0110,0.00000000,0.0069|-0.0110,1,8166,train,0.03292294,0.03292294,7849fe9ddaa9af71a53a49947550c689b37a804e0107551559ae072b47a309cc
T2227,test,0.0069,-0.0065,0.00000000,0.0069|-0.0065,1,4543,train,0.19290896,0.19290896,fb9bf19186b6da6d5af44544d84093256b60847cb2bd735f62de21d1bb4c0ac7
T2228,training,0.0069,0.0065,0.00000000,0.0069|0.0065,1,5623,train,-0.19290896,-0.19290896,b0730e1806fcbd7b2fba4fa1e054507d1b8b4a64a18240bc2ac7d84958b24aa7
T2229,training,0.0069,0.0110,0.00000000,0.0069|0.0110,1,11460,train,-0.03292294,-0.03292294,0e55458bbd950d47b818bcfff028854249169970eb700f5cd197ac821aaad3aa
T2230,training,0.0069,0.0657,0.00000000,0.0069|0.0657,1,11551,test_iid,-0.77452413,-0.77452413,b84c5f1e24351a129628f0198d2778bf11de7aea5533ea9d974ea623d9c8aea4
T2231,test,0.0070,-0.0130,0.00000000,0.0070|-0.0130,1,8539,train,-0.02132176,-0.02132176,f51ce3d4395faed8abf0010769e3977daf7460a4df03bc6e6cf658ff6fc93618
T2232,training,0.0070,-0.0086,0.00000000,0.0070|-0.0086,1,8976,val_iid,-0.20550125,-0.20550125,2784c10aa4b04d88b38428fd3be2e05215691a078e554358135f192bb12fa2ac
T2233,training,0.0070,-0.0073,0.00000000,0.0070|-0.0073,1,8640,train,-0.04496846,-0.04496846,a1d9a25da9ba6ec77bedca6e0feef975e4aeafc1db40f7eb96b245fa02502bc4
T2234,test,0.0070,0.0073,0.00000000,0.0070|0.0073,1,11718,train,0.04496846,0.04496846,eb54a9c5523e093dad755419459449c80f41ab88431d8653524a711a8042487d
T2235,test,0.0070,0.0086,0.00000000,0.0070|0.0086,1,12162,train,0.20550125,0.20550125,f97c75a59ac27cf68152b042af29460f3ffafb35611c20b32a6684beb0bfece9
T2236,validation,0.0070,0.0130,0.00000000,0.0070|0.0130,1,11833,train,0.02132176,0.02132176,e45eb2206f4ad2acb7114e71cb6c9edc7a911b62c4cbed0a17477c45b835e0ca
T2237,training,0.0071,-0.0082,0.00000000,0.0071|-0.0082,1,8208,train,0.00941913,0.00941913,7a4cc8aaf264a6432f2633f4d3edd69786b7efcb9bb52d2d0b4aeddb5ce4e8f1
T2238,test,0.0071,-0.0027,0.00000000,0.0071|-0.0027,1,4644,train,0.13598690,0.13598690,f97469d2469d16dd0fb63d99683698cbce67702bd29763991f406a54e929b3fc
T2239,validation,0.0071,0.0027,0.00000000,0.0071|0.0027,1,5508,train,-0.13598690,-0.13598690,dd77922efc4a5229204b3313ebb8d3d0ccba6481acb8b3c29103717787c57eec
T2240,training,0.0071,0.0082,0.00000000,0.0071|0.0082,1,11394,train,-0.00941913,-0.00941913,090381dc8009870e4a4edf1fdc84175d827ba74d36beb1a5643871c0d3a286d7
T2241,test,0.0072,-0.0121,0.00000000,0.0072|-0.0121,1,8161,train,0.03918618,0.03918618,e7403042f13a874a0741736d16089a3db3a0e8a4c3db22a07a79eaeb0c85ec8c
T2242,training,0.0072,0.0121,0.00000000,0.0072|0.0121,1,11455,train,-0.03918618,-0.03918618,1637a2048bf949c0961665d604750a7af170154ef49856eb0281558f8ca55951
T2243,training,0.0073,-0.0070,0.00000000,0.0073|-0.0070,1,4914,train,0.04496846,0.04496846,649f9674923cfa02c440602fed677f6e1f51c33f7adc719fe37394c46491b54a
T2244,training,0.0073,0.0070,0.00000000,0.0073|0.0070,1,5238,train,-0.04496846,-0.04496846,37bd778610410a13418d58f4ae0eeb71d72a79efc0a04bf293529b445c100a37
T2245,training,0.0074,-0.0079,0.00000000,0.0074|-0.0079,1,9031,train,-0.20597070,-0.20597070,9d690a971d9f828dec9c46b72a0582dcbcc304f1e4857e9318fc82735d36f541
T2246,training,0.0074,-0.0059,0.00000000,0.0074|-0.0059,1,4596,train,0.18900106,0.18900106,18fcabaff0ed46b0432704b03f237f8ed86ef696ad61e0630e0f6b9c63b81c19
T2247,training,0.0074,0.0059,0.00000000,0.0074|0.0059,1,5568,test_iid,-0.18900106,-0.18900106,935cf659803ec2df4143cf61df25dd952b57c588fdabe5d9a69421efe69d5b26
T2248,validation,0.0074,0.0079,0.00000000,0.0074|0.0079,1,12109,train,0.20597070,0.20597070,d60428074727669c5cdd6df5de48f522d99da1c5ae7fa81ce41c2aecba7e50f9
T2249,validation,0.0075,-0.0092,0.00000000,0.0075|-0.0092,1,8971,train,-0.22260602,-0.22260602,df3d452cfce6db4e35a0fac29e96b64cd0573e093b4c757f2bed7c1aa1386f4e
T2250,training,0.0075,-0.0076,0.00000000,0.0075|-0.0076,1,8262,train,-0.00383421,-0.00383421,19dfe400fdea4fe59dbca7f5a6d356da469f53113065fc979471158fce83ddfa
T2251,test,0.0075,0.0076,0.00000000,0.0075|0.0076,1,11340,train,0.00383421,0.00383421,f8cbcdb8df3e52fa53ff4edb737e9abb2023e16faa5607ab2317cd04209b033e
T2252,training,0.0075,0.0092,0.00000000,0.0075|0.0092,1,12157,train,0.22260602,0.22260602,c0fc5ae4f362acaec5b4d768dc7efd46794a68c8bc942fd3d2c72bdccd61ea33
T2253,test,0.0076,-0.0964,0.00000000,0.0076|-0.0964,1,8129,train,1.09113212,1.09113212,e5a49f2b58c6655f00660e2baff367e695b2bf56cd392ea3994b4449f00892c3
T2254,training,0.0076,-0.0075,0.00000000,0.0076|-0.0075,1,5292,train,0.00383421,0.00383421,721fb979fa9903800aaf57dfd536c01e8776e8cbb53dfaa98f10877ab893e022
T2255,training,0.0076,0.0075,0.00000000,0.0076|0.0075,1,4860,train,-0.00383421,-0.00383421,70c994c0ab354ca39aa072ebb08fbb177d5472e43f5b17e8c3e012dd50529d78
T2256,training,0.0076,0.0964,0.00000000,0.0076|0.0964,1,11531,train,-1.09113212,-1.09113212,99c2f600e1aba2280c4abe75ad38a7516f781d631b364ae4f08674eac89a0620
T2257,training,0.0078,-0.0061,0.00000000,0.0078|-0.0061,1,4591,train,0.19833343,0.19833343,0b29fd0702314e2656216ebc52fb5f0a170cc61c8af61d6b49e54205a9ee9d1b
T2258,training,0.0078,0.0061,0.00000000,0.0078|0.0061,1,5563,test_iid,-0.19833343,-0.19833343,67738bc3ac0cbfe179b5af1ac762b09da2d0a619f843a9e1137f7660d4d5223e
T2259,training,0.0079,-0.0074,0.00000000,0.0079|-0.0074,1,4549,train,0.20597070,0.20597070,b7c7b883cbd7d28e05f2dd6ae107c43318adaa98c8f22b4255db924e7f0ecb66
T2260,training,0.0079,0.0074,0.00000000,0.0079|0.0074,1,5629,test_iid,-0.20597070,-0.20597070,17e5b53c8efae0fe6684ece26f5895adae604c147975bbd241c1e439a6a6ad1d
T2261,training,0.0080,-0.0067,0.00000000,0.0080|-0.0067,1,4968,train,0.02571773,0.02571773,bc44a9acca0444399c5268df591b34aa7d6a33df4731156f17745ed272f7227a
T2262,training,0.0080,-0.0008,0.00000000,0.0080|-0.0008,1,5454,test_iid,-0.08555711,-0.08555711,61e36bae4a21de6ea7077830f26309cdc1b933726b44eaf7681e62aaf03d0b8c
T2263,training,0.0080,0.0008,0.00000000,0.0080|0.0008,1,4698,train,0.08555711,0.08555711,45b82364fe922f42dcd3e95abdaa34454fd6014fbf37e8a1cfa452756bdbed9b
T2264,training,0.0080,0.0067,0.00000000,0.0080|0.0067,1,5184,train,-0.02571773,-0.02571773,5dfc6f47ea4a52ccb0728a6ab39ac2a7e8d4ce1b358784b601f286120faf594a
T2265,training,0.0082,-0.0901,0.00000000,0.0082|-0.0901,1,8144,train,1.17612802,1.17612802,a88deb4d3fcefe735c8c9aa87aed13ed743bfe982a2644f8ac59f1a8fabd041e
T2266,training,0.0082,-0.0204,0.00000000,0.0082|-0.0204,1,8934,train,-0.39322269,-0.39322269,a6463d2b5873bdefd9bb88ae4b5d82f8ea6aa945a04c2bede60bb7868ea5d19d
T2267,training,0.0082,-0.0071,0.00000000,0.0082|-0.0071,1,5346,train,-0.00941913,-0.00941913,3aa560e05ecc263d019549c363dc1307e33520e7e542dcfc3d5f1ff0ebb02e1a
T2268,training,0.0082,0.0071,0.00000000,0.0082|0.0071,1,4806,train,0.00941913,0.00941913,7ae18a7976545068f3a3b51067597d8fdc999519910aa74a4d143eb335d9fe69
T2269,training,0.0082,0.0204,0.00000000,0.0082|0.0204,1,12228,train,0.39322269,0.39322269,aa29e5c9adb037a12761523449d35b1b79d6f7f226295a20ad5471e9e1984c03
T2270,training,0.0082,0.0901,0.00000000,0.0082|0.0901,1,11546,train,-1.17612802,-1.17612802,a64a7c323d17b52c52744b22e555def03db4e4dd8506b5ee3360c5925c1a83f6
T2271,training,0.0083,-0.0086,0.00000000,0.0083|-0.0086,1,8646,train,-0.04632797,-0.04632797,1fc747c68c498021bf577f40e08bc6c35324b1793d8e06b9873305d1968613f0
T2272,training,0.0083,0.0086,0.00000000,0.0083|0.0086,1,11724,val_iid,0.04632797,0.04632797,14b48e06eecc45edd5ff20724beb71cef758252f5517bb020831008ea951f9e1
T2273,test,0.0084,-0.0840,0.00000000,0.0084|-0.0840,1,8138,train,1.07320935,1.07320935,f097bd0164d78ba3b5f75ff8612c4d1a6d9af4e140e21187e01785ec51da78b5
T2274,training,0.0084,-0.0144,0.00000000,0.0084|-0.0144,1,8545,val_iid,-0.02265294,-0.02265294,c50249040be69f1b5afc894ee38c46a4c2116f02aae1bffc48ea605ba58b6376
T2275,validation,0.0084,-0.0129,0.00000000,0.0084|-0.0129,1,8167,train,0.03649522,0.03649522,d982b395cdefd9034234a53265301888297b1a6eb5ff653c15074370f0b7a673
T2276,training,0.0084,-0.0097,0.00000000,0.0084|-0.0097,1,8592,train,-0.02623336,-0.02623336,84aa114079b2b2f66d90f5c40f994c4185abe4cbd106e47a9c75e56ef91c2f91
T2277,training,0.0084,-0.0089,0.00000000,0.0084|-0.0089,4,9026;9027;9028;9029,train;val_iid;test_iid,-0.23960346,-0.23960346,48fda8f820b8a8dd53ccdda9e8501af3d3f8be94963054a847edc311c5745984
T2278,training,0.0084,-0.0044,0.00000000,0.0084|-0.0044,1,5400,val_iid,-0.03356148,-0.03356148,2a9a1690be87c88af81196ec03ebd0362bc0539846baafeff02311a839b68a2c
T2279,validation,0.0084,0.0044,0.00000000,0.0084|0.0044,1,4752,test_iid,0.03356148,0.03356148,cdea94f3e812a80afbee3778ccb423a04a73e405f021a8f63849b8cd3e4eaaea
T2280,validation,0.0084,0.0089,0.00000000,0.0084|0.0089,4,12104;12105;12106;12107,train,0.23960346,0.23960346,dfc99e78c2373cd5d5698cde93073e83fd8b19fcc743f65aee432806fdbc23ab
T2281,test,0.0084,0.0097,0.00000000,0.0084|0.0097,1,11778,train,0.02623336,0.02623336,ec0ef40f6bee2ab4b883678f69ad272b885694954a5d95ba996c81b14d52cc20
T2282,training,0.0084,0.0129,0.00000000,0.0084|0.0129,1,11461,val_iid,-0.03649522,-0.03649522,4e5a8c1a2ca658bab1cd1e7787809fd857499aa01590aba704726e13b53d6f54
T2283,training,0.0084,0.0144,0.00000000,0.0084|0.0144,1,11839,train,0.02265294,0.02265294,13343c9793b32e5d6abe20d1652fc14e6ccf09f955832ae3d915cfce32c6a513
T2284,training,0.0084,0.0840,0.00000000,0.0084|0.0840,1,11540,train,-1.07320935,-1.07320935,55f19074ff44a7f7cbf6ac994c4198e573740d4c78df2af2fc796054299e0cf6
T2285,training,0.0085,-0.0939,0.00000000,0.0085|-0.0939,1,8150,train,1.22481944,1.22481944,b539ff1c974588aee86a468f022276be43ac0338b81f64343cc38e19e47d111b
T2286,validation,0.0085,-0.0213,0.00000000,0.0085|-0.0213,1,8929,train,-0.40605379,-0.40605379,cf4c754fdefbd1eedfa03ed5d5440ecf952ba50c65b7b718c0005dbb2783fae6
T2287,test,0.0085,-0.0090,0.00000000,0.0085|-0.0090,4,9032;9033;9034;9035,train,-0.23278249,-0.23278249,f89392eedb132e8dd4e2158fd118be2d9ebb503e46d8bd72d073be680526aa0a
T2288,training,0.0085,-0.0037,0.00000000,0.0085|-0.0037,1,4650,train,0.15744045,0.15744045,a1ec5c73ed01cea1347422f86a242e649f17d9ff7d6b93cde49054b0509a3b33
T2289,test,0.0085,0.0037,0.00000000,0.0085|0.0037,1,5514,train,-0.15744045,-0.15744045,ecd5a6a543d8e4cd39f9b3319a77398c45a1b896fd4d1504ddff311de4538e0b
T2290,training,0.0085,0.0090,0.00000000,0.0085|0.0090,4,12110;12111;12112;12113,train,0.23278249,0.23278249,71a49a5c55aad9f3720707b0c3d3c1b29033d1e600d2316730d9d48e12c09fa8
T2291,training,0.0085,0.0213,0.00000000,0.0085|0.0213,1,12223,test_iid,0.40605379,0.40605379,c18896f421550a38cd7a1c0575c8e2f62e8a8b0a6a0687c3746cc36010839a38
T2292,training,0.0085,0.0939,0.00000000,0.0085|0.0939,1,11552,train,-1.22481944,-1.22481944,7369e5091e6d027a64c5813d23dff92dc7479a89169da4f86980b2372a762b88
T2293,training,0.0086,-0.0089,0.00000000,0.0086|-0.0089,1,8641,test_iid,-0.05059781,-0.05059781,ac2ab712bbc624e4d288ef0740782d75de59a4157f547f49aaf5f4d4cd2bc4ac
T2294,training,0.0086,-0.0083,0.00000000,0.0086|-0.0083,1,4920,train,0.04632797,0.04632797,af07e3dcc88fda457f318789dbdf192c98b7806bf5252495d5e3e8d781c23867
T2295,training,0.0086,-0.0070,0.00000000,0.0086|-0.0070,1,4602,train,0.20550125,0.20550125,355fb5c9045c55575c6f8888cd580a9c5166b64fb7ccc4a4f73d3a52147cbf84
T2296,training,0.0086,0.0070,0.00000000,0.0086|0.0070,1,5574,train,-0.20550125,-0.20550125,205bc0ce544ccb2aa4422479c62e8931a743bf3894811b72a554db79b6a58752
T2297,training,0.0086,0.0083,0.00000000,0.0086|0.0083,1,5244,train,-0.04632797,-0.04632797,0d42752f538dfcd179efdc64043b4f0a26e5cdf4f29bfb3254cba1ee6c7ee66a
T2298,training,0.0086,0.0089,0.00000000,0.0086|0.0089,1,11719,train,0.05059781,0.05059781,5403d013fcf23713415fc8af15e03232b674f4a74bda3ad12ae7ba732be4ce36
T2299,training,0.0087,-0.0160,0.00000000,0.0087|-0.0160,1,8912,train,-0.26989832,-0.26989832,851a5561f87cca0cfe10be2c2a48913b3c3de75edb3c36b94212b351eac53379
T2300,training,0.0087,0.0160,0.00000000,0.0087|0.0160,1,12206,train,0.26989832,0.26989832,584ea51af90c9af0aff6fdf7a6aa457aa096c5783e9c624b7681b0c23258e7a7
T2301,training,0.0088,-0.0095,0.00000000,0.0088|-0.0095,4,9020;9021;9022;9023,train;val_iid,-0.25616310,-0.25487001,3582dd185999a122c532be4f556861468f60090a564d32373dbcf15f647fb654
T2302,training,0.0088,-0.0041,0.00000000,0.0088|-0.0041,1,5022,train,0.01672983,0.01672983,1652780db3fecba2e01b9cba0baa4d3ce0a38b77f7399ab71bae8802ad46e185
T2303,validation,0.0088,-0.0037,0.00000000,0.0088|-0.0037,1,4645,train,0.16221287,0.16221287,e0cbd41480fec29bab389650581621a1375306d02c1e7801e644e971f270245c
T2304,validation,0.0088,0.0037,0.00000000,0.0088|0.0037,1,5509,train,-0.16221287,-0.16221287,d95b1616df95fd857012b512187e52b50c073fa291fc1879126d7c9f3db87206
T2305,test,0.0088,0.0041,0.00000000,0.0088|0.0041,1,5130,train,-0.01672983,-0.01672983,fef9b7f6b83c4be128da2c28fe9a290173b1bbd2faa11a4fbe903c1ddda09e75
T2306,training,0.0088,0.0095,0.00000000,0.0088|0.0095,4,12098;12099;12100;12101,train;val_iid,0.25487001,0.25616310,2e63a8076a00a484c6669b628be6636a163271f29517b7f7d2ce2fbeec9384bc
T2307,training,0.0089,-0.0100,0.00000000,0.0089|-0.0100,1,8214,test_iid,0.00968818,0.00968818,8f3c20fbb65d208ea2de5730c7446f7c917098369112c2b7d09613c9ed4cb732
T2308,training,0.0089,-0.0086,0.00000000,0.0089|-0.0086,1,4915,train,0.05059781,0.05059781,3fab1ffe018a228354ca647d01016f855985208fd554c2aa7e18169e937a799f
T2309,training,0.0089,-0.0084,0.00000000,0.0089|-0.0084,4,4544;4545;4546;4547,train;val_iid,0.23960346,0.23960346,3d841e5157486acaf700e5d4c1561a1496a084da48b108011c034b466097e9de
T2310,training,0.0089,0.0084,0.00000000,0.0089|0.0084,4,5624;5625;5626;5627,train;val_iid,-0.23960346,-0.23960346,41753e4c67ff2b85ab9b7acbdab712b50ac1211fdce87e571d9e976a68e9ae89
T2311,training,0.0089,0.0086,0.00000000,0.0089|0.0086,1,5239,train,-0.05059781,-0.05059781,b3e0993b274b69d91368022fa2d901a5b42497e0c072da5a1f677311440120a0
T2312,training,0.0089,0.0100,0.00000000,0.0089|0.0100,1,11400,val_iid,-0.00968818,-0.00968818,9ed1bcd9b06c3e38ab24ae06afbd9649d32e20f8feaf893294f08ffedc4115c3
T2313,training,0.0090,-0.0104,0.00000000,0.0090|-0.0104,1,8587,train,-0.03032458,-0.03032458,2b0c66c5184b07c0a7242a6cbf2d1a28c1f16f9778e27715662671befb4d00cc
T2314,training,0.0090,-0.0085,0.00000000,0.0090|-0.0085,4,4550;4551;4552;4553,train,0.23278249,0.23278249,03d886218dd50cf266240988c3ca43380f451ede38c4b51d4dd6e44a18f28258
T2315,training,0.0090,0.0085,0.00000000,0.0090|0.0085,4,5630;5631;5632;5633,train;val_iid,-0.23278249,-0.23278249,339fbe709e95aca9be65241289824c70a6644325d2875bf57d7519f00a24f8f8
T2316,test,0.0090,0.0104,0.00000000,0.0090|0.0104,1,11773,val_iid,0.03032458,0.03032458,f60fee2f0b51f9257d4b65c2a4c6dee308ae796dc754fd481e82b8433eddd478
T2317,training,0.0091,-0.0108,0.00000000,0.0091|-0.0108,1,8977,train,-0.24081379,-0.24081379,8b13041793df5ad16dfdc259c3357dcc7ebb220e869bbb4b7408ab253cb56d6e
T2318,training,0.0091,0.0108,0.00000000,0.0091|0.0108,1,12163,train,0.24081379,0.24081379,7fecb980e78184ecc0b3b6d517d8ce131d08d276fb55929a5917fd82f9d4ea41
T2319,training,0.0092,-0.0099,0.00000000,0.0092|-0.0099,1,9036,train,-0.31368549,-0.31368549,b9a33c47901e740c155355c1c17706ba933b3b592c5b2f585df8625466963207
T2320,training,0.0092,-0.0075,0.00000000,0.0092|-0.0075,1,4597,train,0.22260602,0.22260602,52422887836b2bd45f72f54b23e70653e080cbeb1343aad121ffc3c4e81486f3
T2321,validation,0.0092,0.0075,0.00000000,0.0092|0.0075,1,5569,train,-0.22260602,-0.22260602,db0e746c7a65483cbea3ff4b3897614430863f7cd5654c159c9f173f5ceb8baf
T2322,training,0.0092,0.0099,0.00000000,0.0092|0.0099,1,12114,test_iid,0.31368549,0.31368549,6e6a2eb93874e51f7d5e35aac903c435834506be50053ae14b703c76728cf285
T2323,validation,0.0093,-0.0104,0.00000000,0.0093|-0.0104,1,8209,train,0.01038152,0.01038152,cdae2a4ca5b20289ca1afabe7a5394dc4c692966b851463a871fb2960b5cdda5
T2324,validation,0.0093,-0.0095,0.00000000,0.0093|-0.0095,1,8268,train,-0.00542675,-0.00542675,d7c854fc0384e908afa55a64b517008c0d64259f08bdc093c41d8bfec2c5b958
T2325,training,0.0093,0.0000,0.00000000,0.0093|0.0000,1,5076,train,-0.00000000,-0.00000000,159b3e40996aecc096ebff555e637713d93077d426e374f847edfc950e14defb
T2326,training,0.0093,0.0095,0.00000000,0.0093|0.0095,1,11346,train,0.00542675,0.00542675,264356ea9b57ab6587eefc94d1e03fa050ac14ace6bb4674d2a8095b34ce6380
T2327,training,0.0093,0.0104,0.00000000,0.0093|0.0104,1,11395,val_iid,-0.01038152,-0.01038152,6142b35c6c136ae9add1b78f8cdca8cfcde21ea3f8ff87896a77629e70b498e0
T2328,training,0.0094,-0.0096,0.00000000,0.0094|-0.0096,1,8263,train,-0.00496157,-0.00496157,a4ebb5d22c3c225c7a97575d744dd9b01b469b225ba8b3c254b7ed023fffc86c
T2329,training,0.0094,0.0096,0.00000000,0.0094|0.0096,1,11341,train,0.00496157,0.00496157,376a8e3bc68e3db467a1a18ab9bcca77c85f6bd351375f3dc9534cce2ab45a85
T2330,training,0.0095,-0.0093,0.00000000,0.0095|-0.0093,1,5298,val_iid,0.00542675,0.00542675,75ee0ca6e43f5de68862beeaa5b2a77a2cefee2b231c923c01bcf84e12b6c237
T2331,training,0.0095,-0.0088,0.00000000,0.0095|-0.0088,4,4538;4539;4540;4541,train,0.25487001,0.25616310,6fd27fcfa9f15831eafaad9bae1162e92cd6d6431343a63cd8fe64ac2e5667cc
T2332,training,0.0095,0.0088,0.00000000,0.0095|0.0088,4,5618;5619;5620;5621,train;val_iid,-0.25616310,-0.25487001,4ea3d43c4cef6709434579d8e55a36b754b2f1aa85274d14cd1ddc16e41bcba0
T2333,training,0.0095,0.0093,0.00000000,0.0095|0.0093,1,4866,train,-0.00542675,-0.00542675,8e786685c5e0186861143dbf173caf42a21ae83b977b28b0dd264fefb2201106
T2334,training,0.0096,-0.0094,0.00000000,0.0096|-0.0094,1,5293,train,0.00496157,0.00496157,7587417617230ac56127de249e414d814869d3a9d4b6d1de1188cc11df2ae479
T2335,validation,0.0096,0.0094,0.00000000,0.0096|0.0094,1,4861,val_iid,-0.00496157,-0.00496157,e4d5b686ac3d85ec4ccffb553befea5f37522898d7424a483944fb339075a758
T2336,training,0.0097,-0.0084,0.00000000,0.0097|-0.0084,1,4974,train,0.02623336,0.02623336,bc1abbcbfaec0dc3248045b38cb0cbff738a0573a2fb7d269c9f8c8ccfd8697a
T2337,training,0.0097,0.0084,0.00000000,0.0097|0.0084,1,5190,train,-0.02623336,-0.02623336,344c45653e2a020f981c2800005f05f8b3c7ef18ad2e9e39d25a4a94e11323a1
T2338,test,0.0098,-0.0049,0.00000000,0.0098|-0.0049,1,4656,train,0.17344046,0.17344046,e665f3f8283621167d9368747141dda493145b22c8692d4327cede35e0362b49
T2339,training,0.0098,-0.0008,0.00000000,0.0098|-0.0008,2,5455;5460,train;val_iid,-0.09320933,-0.09169163,cba9e1a7a8877ce278303ed6292ef6ddddf6e4a6776e80c6cef4b6877a0a9169
T2340,training,0.0098,0.0008,0.00000000,0.0098|0.0008,2,4699;4704,train,0.09169163,0.09320933,4c26c40b71c94e792bac69668e43270f5e0fcba760d550de60c1202e943d1b5a
T2341,training,0.0098,0.0049,0.00000000,0.0098|0.0049,1,5520,val_iid,-0.17344046,-0.17344046,40e1d1dddbee1fca69726079137b373505b1b0d0ce276ef92cd2adb2b8940d11
T2342,training,0.0099,-0.0108,0.00000000,0.0099|-0.0108,5,9049;9050;9051;9052;9053,train;val_iid,-0.32688086,-0.32635317,21a88c99c64b31abd9e67267c98aeef09192ab04532eb345edddcbf4895eee7f
T2343,test,0.0099,-0.0107,0.00000000,0.0099|-0.0107,1,9048,train,-0.32613518,-0.32613518,ecf9e8f2d618d446c4548ca5233703d6c9f1abc3758ade83134d43421b291764
T2344,training,0.0099,-0.0092,0.00000000,0.0099|-0.0092,1,4554,test_iid,0.31368549,0.31368549,601225952e00e136c3d59518c9d2fe2daf4c092e0453afcd37246f93f772137b
T2345,training,0.0099,0.0092,0.00000000,0.0099|0.0092,1,5634,train,-0.31368549,-0.31368549,9d8dcad5ba5f701c02ee893b660d3496f8d9496d364fa96bfc8c3dd9c6953671
T2346,training,0.0099,0.0107,0.00000000,0.0099|0.0107,1,12126,test_iid,0.32613518,0.32613518,59b519d73d6058bffa5287a4d154cb006dcde850d501080bc83dbafc85736381
T2347,training,0.0099,0.0108,0.00000000,0.0099|0.0108,5,12127;12128;12129;12130;12131,train;test_iid,0.32635317,0.32688086,4d028007b28407120778d86828fa5330af6e1014c55cc576c56e791460446a49
T2348,training,0.0100,-0.0943,0.00000000,0.0100|-0.0943,1,8139,val_iid,1.23810511,1.23810511,1287ff733ca3f13758545a35e7b5c25c0c15abba6d111f54f8dc77a52f203fb0
T2349,training,0.0100,-0.0089,0.00000000,0.0100|-0.0089,1,5352,train,-0.00968818,-0.00968818,1b62743c7ceb26f44a59f1348502d93a1115477d605b6fd1756401af115540c5
T2350,training,0.0100,0.0089,0.00000000,0.0100|0.0089,1,4812,train,0.00968818,0.00968818,bc1d0a510fe2ca5246300337fc3fd549053acc60e4522ced352e98259471ae6a
T2351,validation,0.0100,0.0943,0.00000000,0.0100|0.0943,1,11541,test_iid,-1.23810511,-1.23810511,d9f3c6490bb255b862cdd8ff988f003b7fac759748aa1fd0e5f47fdaa1dd9e0b
T2352,training,0.0101,-0.0111,0.00000000,0.0101|-0.0111,1,9043,train,-0.34217876,-0.34217876,301e95d8d815326e5a75eca05dcb4a4d72c867592b5caf4319b725bd4d2efcb2
T2353,validation,0.0101,-0.0057,0.00000000,0.0101|-0.0057,1,5406,train,-0.03469967,-0.03469967,d8b252a930d18fd7de7ff6f38cf46a6662946cda7c11218b0452260e590b1ac1
T2354,training,0.0101,0.0057,0.00000000,0.0101|0.0057,1,4758,train,0.03469967,0.03469967,64a9ee636b3200457442f729c16a1f73169677d639f4d4787f994b2f51bfe954
T2355,training,0.0101,0.0111,0.00000000,0.0101|0.0111,1,12121,train,0.34217876,0.34217876,6518bd89e9a04a73a430bb1a5a8504a4bc5b41a48f21648fd399eadc2c0eabf4
T2356,training,0.0102,-0.0175,0.00000000,0.0102|-0.0175,1,8918,test_iid,-0.28659595,-0.28659595,4897439e1fc9df116c9fd9d6facc6943abb58c9819a6f9c1acf1d11eef3e3bcd
T2357,training,0.0102,0.0175,0.00000000,0.0102|0.0175,1,12212,val_iid,0.28659595,0.28659595,c60b237d89c7daa83fa0efa6939359fb1c732052baa425e97bdc8d131e373b47
T2358,training,0.0103,-0.0115,0.00000000,0.0103|-0.0115,1,8598,train,-0.02634927,-0.02634927,b141b1e1160a069bbb4a5001f7a6fd1e24d029e52d8f10c4b0acd84c3f2fe1fc
T2359,training,0.0103,-0.0058,0.00000000,0.0103|-0.0058,1,5401,train,-0.03702409,-0.03702409,ae216dca7435b2813bc8f74f0deaeeceb196cd3998fbf90bfa57afcfd50e06fd
T2360,training,0.0103,0.0058,0.00000000,0.0103|0.0058,1,4753,train,0.03702409,0.03702409,4f2b09ef6995da98ef7966db090f26f4fe880397417685afce86abbad7a2b9c2
T2361,training,0.0103,0.0115,0.00000000,0.0103|0.0115,1,11784,train,0.02634927,0.02634927,ca31750d97d8df7036ddbe69d50fcd887e72f82ec916099983fc02cf60c962de
T2362,training,0.0104,-0.0134,0.00000000,0.0104|-0.0134,1,8982,val_iid,-0.36161587,-0.36161587,284a388ec3e20f976e8ddbb16c9d0af1fa655568a1dbf856e447b1c747d2cd80
T2363,training,0.0104,-0.0114,0.00000000,0.0104|-0.0114,1,8220,train,0.00938808,0.00938808,3f95ad1cd64cfa63b948af09c6399849450289da7416aef4d697cc1457cbe5f1
T2364,training,0.0104,-0.0113,0.00000000,0.0104|-0.0113,1,9037,train,-0.35034777,-0.35034777,3d011acb0f5f8fbb3c219c9491aae25480b8d3b63759c37df22b33248fddf13a
T2365,training,0.0104,-0.0107,0.00000000,0.0104|-0.0107,1,8647,train,-0.04882402,-0.04882402,b58bc88f10a0b49a6df70afb86d3ef3d4e81c5285d26b354d9b9e587caa508b8
T2366,training,0.0104,-0.0106,0.00000000,0.0104|-0.0106,1,8652,train,-0.04449720,-0.04449720,7586f33c6dcc9d8c9f1a11413ddca39ba54c234bceba2f961af91bfd63849f36
T2367,validation,0.0104,-0.0093,0.00000000,0.0104|-0.0093,1,5347,train,-0.01038152,-0.01038152,d8320ef720dd997d67dd0ffd57e1a2269ebb84d76fff721fcf29dc9d81f73b1e
T2368,training,0.0104,-0.0090,0.00000000,0.0104|-0.0090,1,4969,train,0.03032458,0.03032458,23e1390475a0dd2eacec5e72723935bdf6fa6f899274d944beca7d279aa95f25
T2369,training,0.0104,0.0090,0.00000000,0.0104|0.0090,1,5185,val_iid,-0.03032458,-0.03032458,3205fc75fa4a6bedf710826fa2133007911eb66e132ea55bf5f599fa70b2267b
T2370,training,0.0104,0.0093,0.00000000,0.0104|0.0093,1,4807,train,0.01038152,0.01038152,672e0acb658db572f1c391492c4062cf2e01798c88b2f282ace621fa667766b7
T2371,validation,0.0104,0.0106,0.00000000,0.0104|0.0106,1,11730,train,0.04449720,0.04449720,e48427e063ecf1fd8ae72b7a4dbf2796645d2b2729f5e2840dbb67781a1c208a
T2372,training,0.0104,0.0107,0.00000000,0.0104|0.0107,1,11725,train,0.04882402,0.04882402,6d98a9375c35a91180dabbca37ae2f358b90e145acdf553cbb8a756b0ad83cd1
T2373,training,0.0104,0.0113,0.00000000,0.0104|0.0113,1,12115,train,0.35034777,0.35034777,5199ae93bce91f83ca29d2179a4c466c0a46430ac9c17b91633dd781efe8db53
T2374,training,0.0104,0.0114,0.00000000,0.0104|0.0114,1,11406,test_iid,-0.00938808,-0.00938808,4c2161e2b0b9014d0272e414b90062e9a16478975f791e3e59d435d085a2a400
T2375,training,0.0104,0.0134,0.00000000,0.0104|0.0134,1,12168,train,0.36161587,0.36161587,28446d958ccd700a86051f7e41feb6fb4abebfa77b941aaf7bf96b4f46a7cace
T2376,training,0.0105,-0.0236,0.00000000,0.0105|-0.0236,1,8940,train,-0.45145639,-0.45145639,adc054ba2a4bbc2db69805f5b28b7f70e75aa4c958deaddad3a30dbfafbce280
T2377,test,0.0105,-0.0115,0.00000000,0.0105|-0.0115,1,9042,train,-0.35544717,-0.35544717,f482ea71469526fbd9770e9fe51fbd08940443c14671906a25bc3b75498c6dab
T2378,training,0.0105,-0.0051,0.00000000,0.0105|-0.0051,1,4651,train,0.18274899,0.18274899,b80da7d40ded639aab56a03d7072782a0b7dbc6c584fb822c4cfd526e5980a72
T2379,training,0.0105,0.0051,0.00000000,0.0105|0.0051,1,5515,train,-0.18274899,-0.18274899,39e9184e830c38e00be381c28646496d1dadd5dbf45770c624441bbd6cb156d5
T2380,training,0.0105,0.0115,0.00000000,0.0105|0.0115,1,12120,val_iid,0.35544717,0.35544717,12e32c42d8c0ebf88c0ad2213747a94eb0ed0289a7f32c13f30056684adb425e
T2381,training,0.0105,0.0236,0.00000000,0.0105|0.0236,1,12234,train,0.45145639,0.45145639,41d85c7a75c97a4f81d7d7362d89ccd25f97dfca02349e90f7df06682e239536
T2382,training,0.0106,-0.0183,0.00000000,0.0106|-0.0183,1,8913,train,-0.29427098,-0.29427098,8b14ad2bc40ec2cdf6b463d07bceddd72c4c5f5380505fc1901fe351076638c6
T2383,training,0.0106,-0.0104,0.00000000,0.0106|-0.0104,1,4926,train,0.04449720,0.04449720,a0ddf5868569c9cfcac5b9960ccb852dd2baa1bd1e217e0b3757227e5583eaf7
T2384,training,0.0106,0.0104,0.00000000,0.0106|0.0104,1,5250,train,-0.04449720,-0.04449720,a0333fabdc11de959ba4ca0b109477b6fdea0bc5dad705380243170ef449740a
T2385,training,0.0106,0.0183,0.00000000,0.0106|0.0183,1,12207,train,0.29427098,0.29427098,693af446c58430de4a510a476dd5494d0ff93368dcd0171dc5151f45337599c9
T2386,training,0.0107,-0.0295,0.00000000,0.0107|-0.0295,1,8946,train,-0.58449585,-0.58449585,7e0d0073b5a42f75aa2d1d4d893b2a95bd942dabb61a3d02c77129e54d04001f
T2387,training,0.0107,-0.0109,0.00000000,0.0107|-0.0109,1,8274,train,-0.00630165,-0.00630165,68080ef16f4ffd8f97b18e6cf8eb7ae03703adddfe9840dd4ded1952d236ef0a
T2388,training,0.0107,-0.0104,0.00000000,0.0107|-0.0104,1,4921,train,0.04882402,0.04882402,667dd79a50a05d246ba0836b28e7ba9e5b523628e8556342baa65180d6bb4a56
T2389,training,0.0107,-0.0099,0.00000000,0.0107|-0.0099,1,4566,train,0.32613518,0.32613518,a776b31e5291225a12be0d097ecae3599bf15495a46b32ae3220506265444c42
T2390,training,0.0107,0.0000,0.00000000,0.0107|0.0000,1,5082,train,0.00000000,0.00000000,101880d40f274463a7d6a6e238acbeea37b10285ff4bc4579a7343e791a578f9
T2391,training,0.0107,0.0099,0.00000000,0.0107|0.0099,1,5646,test_iid,-0.32613518,-0.32613518,c3a19aacd10bfd370c3c41a6223b18688e64e894dd24491f64873db0c630b334
T2392,training,0.0107,0.0104,0.00000000,0.0107|0.0104,1,5245,train,-0.04882402,-0.04882402,2519926b3dfaa1c9cd661ce3bd74a2c6f21bfeaa6e0e7c77417ea3eb57bebb74
T2393,training,0.0107,0.0109,0.00000000,0.0107|0.0109,1,11352,train,0.00630165,0.00630165,231a122a255bd9b31d14d14bb5100b5be5ce774b22a4b6da14a696b7950cdd54
T2394,training,0.0107,0.0295,0.00000000,0.0107|0.0295,1,12240,train,0.58449585,0.58449585,61f4e8388f05f812afdec446777d133a394842b74cfbf7a8f63a4705e28ecfd0
T2395,training,0.0108,-0.0120,0.00000000,0.0108|-0.0120,4,9044;9045;9046;9047,train,-0.36724645,-0.36724645,884ebd2116277520dc7ba668208a6f6933be97ffc7fef8bfcce9bec638a54e90
T2396,training,0.0108,-0.0099,0.00000000,0.0108|-0.0099,5,4567;4568;4569;4570;4571,train;val_iid;test_iid,0.32635317,0.32688086,a77a8fbbf8ada670d614239ee098e642d8ff50514f78be4f710c2a93f6acf406
T2397,training,0.0108,-0.0091,0.00000000,0.0108|-0.0091,1,4603,train,0.24081379,0.24081379,46394d40ace5d856fb83449b763c96ad3254a5371897688717496a1f991d067e
T2398,training,0.0108,0.0091,0.00000000,0.0108|0.0091,1,5575,val_iid,-0.24081379,-0.24081379,127c63e8a011bbb698845ea7101ee9c30f4042e8677fd7d4b3abd516d83cd253
T2399,validation,0.0108,0.0099,0.00000000,0.0108|0.0099,5,5647;5648;5649;5650;5651,train;val_iid;test_iid,-0.32688086,-0.32635317,d8a2320434366f52d496da53648c7f4df723be57cb88761517c38de202addbe3
T2400,training,0.0108,0.0120,0.00000000,0.0108|0.0120,4,12122;12123;12124;12125,train;test_iid,0.36724645,0.36724645,8f446cd264d7864a9b8332f6ca25aa870ca225a6307e8d3628b866d242011bc3
T2401,training,0.0109,-0.0235,0.00000000,0.0109|-0.0235,1,8550,train,-0.04471322,-0.04471322,ab233b22d4ac9dd65e61567f67c9d1803d1de512d71cc70027d1d325b67367c1
T2402,test,0.0109,-0.0107,0.00000000,0.0109|-0.0107,1,5304,test_iid,0.00630165,0.00630165,f9ad62cb57ce3fca4a43d215261241ade70b6188b8a031359f31807e2e4d231f
T2403,training,0.0109,-0.0055,0.00000000,0.0109|-0.0055,2,5023;5028,train;test_iid,0.01876381,0.01909797,b4b8b068c1a0904129fdc16b783b5f0899dbc2a5701cc69642a3c8f55e575645
T2404,test,0.0109,0.0055,0.00000000,0.0109|0.0055,2,5131;5136,val_iid;test_iid,-0.01909797,-0.01876381,e86dab2273ed464a884cb90928a8d3083b726bdfa0edbaf0d434d743495f6d22
T2405,training,0.0109,0.0107,0.00000000,0.0109|0.0107,1,4872,train,-0.00630165,-0.00630165,af1cda16f771c5f9dd7122ae7c7af23b7359239f7000e24ffd766d22e08cab0e
T2406,training,0.0109,0.0235,0.00000000,0.0109|0.0235,1,11844,train,0.04471322,0.04471322,7cf67a1a24e5a790f0461c0c04017db9d1a4fc0ab5b4cc3ac68dd1297303e2da
T2407,training,0.0110,-0.0254,0.00000000,0.0110|-0.0254,1,8935,train,-0.48321808,-0.48321808,ca2a5315d6f200fc691a4b29f85833f820240e5b39b0b1acf5e74a5963f40913
T2408,training,0.0110,-0.0124,0.00000000,0.0110|-0.0124,1,8593,train,-0.03203759,-0.03203759,b9d4f9149eeb1414e38e3efc90e9f61e385a157f1cdc581392487d138635afbc
T2409,test,0.0110,-0.0119,0.00000000,0.0110|-0.0119,4,9038;9039;9040;9041,train;val_iid;test_iid,-0.37189736,-0.37189736,ed3ec2a107ad56be5fc6a7605236f739acdceead223ba881593db3cf4782fb6b
T2410,training,0.0110,-0.0069,0.00000000,0.0110|-0.0069,1,5412,val_iid,-0.03292294,-0.03292294,adbf8e73e7a6d3e694673530bec26afc26ec2eb660363ae0b9b2550632a7cf23
T2411,training,0.0110,0.0069,0.00000000,0.0110|0.0069,1,4764,train,0.03292294,0.03292294,76fd33a6d895a1f5d318032ef605cd6be6cd28aea9143dd3a468e9276c8ffed1
T2412,test,0.0110,0.0119,0.00000000,0.0110|0.0119,4,12116;12117;12118;12119,train,0.37189736,0.37189736,f6a8ef50833ab044d8da8137c23f55c66727a66bd70510255df53f96220beafc
T2413,training,0.0110,0.0124,0.00000000,0.0110|0.0124,1,11779,train,0.03203759,0.03203759,8d33efe33ffd20b6d91d93836c3a0a48b0124fe10f396614db79a26abed4ffb5
T2414,training,0.0110,0.0254,0.00000000,0.0110|0.0254,1,12229,train,0.48321808,0.48321808,b7bfa184b2ee14ddcb0db20fc16eac9b079b07f05ff14a9bee4eec42ab86f405
T2415,test,0.0111,-0.0123,0.00000000,0.0111|-0.0123,1,8215,train,0.01073063,0.01073063,f5fb1b06442ab5ec2a66075e9ac15829b3a2638aae518384a786463fc6247fb3
T2416,training,0.0111,-0.0101,0.00000000,0.0111|-0.0101,1,4561,train,0.34217876,0.34217876,21d0e0da3184cdccb72229d82ec958ddfbfb58fb1257eb7f023e21c5c690662a
T2417,training,0.0111,0.0101,0.00000000,0.0111|0.0101,1,5641,train,-0.34217876,-0.34217876,54aa3ab87637265ac3c18bb7b49b89e7ccdd66a42a58dc97ed01c45e5421828e
T2418,training,0.0111,0.0123,0.00000000,0.0111|0.0123,1,11401,train,-0.01073063,-0.01073063,50c21b99d1d85ca1e10648618eb841ee94f5999ef6c8dde36947fb07d7828625
T2419,training,0.0112,-0.0008,0.00000000,0.0112|-0.0008,1,5466,train,-0.09449767,-0.09449767,c611e1f8b6c7b25865102acbf81f005d528fb4596d46159b6935d588e2ab262a
T2420,training,0.0112,0.0008,0.00000000,0.0112|0.0008,1,4710,val_iid,0.09449767,0.09449767,54c4513d91708e08c772dd04e9a608d134341dd1fc681d233e53083c7a422aa4
T2421,training,0.0113,-0.0104,0.00000000,0.0113|-0.0104,1,4555,train,0.35034777,0.35034777,3129a47e05e77968688e522b3f67eba4b6c8d94849409a01bc0325f41ead3640
T2422,training,0.0113,0.0000,0.00000000,0.0113|0.0000,1,5077,test_iid,-0.00000000,-0.00000000,233f7d2b97f95ab9aaf97db741c94468062deab7556251752120f263144d2c39
T2423,training,0.0113,0.0104,0.00000000,0.0113|0.0104,1,5635,train,-0.35034777,-0.35034777,5aa1a7a7bf07e06a726f067d6f252d3e170f858741e395a54f1922594925f6e9
T2424,training,0.0114,-0.0137,0.00000000,0.0114|-0.0137,1,8966,train,-0.32320768,-0.32320768,6829908cac74e20f35b460448734dd02743508cb4ebf9168f7c78973a0bd1fd3
T2425,training,0.0114,-0.0116,0.00000000,0.0114|-0.0116,1,8269,train,-0.00624170,-0.00624170,8813d9239043ea928436286de952a803b1cb9ce96363dacc4e9b44ad1e313b7b
T2426,test,0.0114,-0.0104,0.00000000,0.0114|-0.0104,1,5358,train,-0.00938808,-0.00938808,f1a02b75594f2d338c601a3add760234272acdd5f90a9e45fb03804a8c0e6fd1
T2427,training,0.0114,0.0104,0.00000000,0.0114|0.0104,1,4818,train,0.00938808,0.00938808,653b93be3c798eb6a704915f99bfdd8b5da0b13a0ce12866571794ff7cbf746c
T2428,test,0.0114,0.0116,0.00000000,0.0114|0.0116,1,11347,train,0.00624170,0.00624170,ec002ede0b5733fd6d4b0e8b28f0defc00cf40c821d9844545f9dcf263220d0d
T2429,training,0.0114,0.0137,0.00000000,0.0114|0.0137,1,12152,train,0.32320768,0.32320768,80118a8330982476175f35471383d3f694a5bfa6b9a9bc0f2221bfc7a9c58956
T2430,training,0.0115,-0.0105,0.00000000,0.0115|-0.0105,1,4560,train,0.35544717,0.35544717,ca93920643fc89005c1a3bc1d8a44b52a56900b37ef145a04574bb48de742845
T2431,training,0.0115,-0.0103,0.00000000,0.0115|-0.0103,1,4980,train,0.02634927,0.02634927,6451a338f4d29ad76934806588c02da8f5501b5594f10ab260d62d6db1ae1447
T2432,training,0.0115,0.0103,0.00000000,0.0115|0.0103,1,5196,train,-0.02634927,-0.02634927,6bbd93b58032246c23ea8191a3670870e963d81092f36381eab83bbb45d684f6
T2433,training,0.0115,0.0105,0.00000000,0.0115|0.0105,1,5640,train,-0.35544717,-0.35544717,274d04cb6756cc1d9d7c3bce3a2f8b4a9f100e6d64e72707120eda3afbf8445d
T2434,validation,0.0116,-0.0197,0.00000000,0.0116|-0.0197,1,8534,train,-0.02975219,-0.02975219,cd5a1015cc9094502cd6b286d36b653a4ff43fbc4cec9e3ae7689a6fddf92e7d
T2435,validation,0.0116,-0.0187,0.00000000,0.0116|-0.0187,1,8924,train,-0.29295089,-0.29295089,d2e161bd8fce8fcb98d939703e0a0f172aa2c48683eb02541294aeeffb20498e
T2436,training,0.0116,-0.0114,0.00000000,0.0116|-0.0114,1,5299,train,0.00624170,0.00624170,66309475bdbea227558c2de4b06243e7bd67a2fe427a75f4f38a9d1fc84181d7
T2437,training,0.0116,0.0114,0.00000000,0.0116|0.0114,1,4867,val_iid,-0.00624170,-0.00624170,c14ca30000a8c880f787c8c0d228d21ae6140302f2cd80babda3624865b50f3d
T2438,validation,0.0116,0.0187,0.00000000,0.0116|0.0187,1,12218,val_iid,0.29295089,0.29295089,d88f1329f18a5f508baa368bc9b33087048c63530b9e565ca3616a97f3300baf
T2439,training,0.0116,0.0197,0.00000000,0.0116|0.0197,1,11828,test_iid,0.02975219,0.02975219,608eabffc1413e58cde348cb330ebf13f503cb4d24c94e53e7c4b3563446ee8c
T2440,training,0.0117,-0.0064,0.00000000,0.0117|-0.0064,1,4657,val_iid,0.19448937,0.19448937,5d896ef94ed96007c96174b2d9b70c539eb285d81871aef37f0752750ea9bf0d
T2441,training,0.0117,-0.0009,0.00000000,0.0117|-0.0009,1,5461,train,-0.09984199,-0.09984199,2c9137930ff3ddb927b1a46c5cc635de085e9054e7db254a2edc0f595f487823
T2442,training,0.0117,0.0009,0.00000000,0.0117|0.0009,1,4705,train,0.09984199,0.09984199,469d1b80e30e874a59264eb6fc08b16bdef3057f64c88dd702ea4a0ddc174265
T2443,training,0.0117,0.0064,0.00000000,0.0117|0.0064,1,5521,train,-0.19448937,-0.19448937,531a7a2429bce8069e3c5e9221582cc24449a2f923d36168feac39270db259c6
T2444,validation,0.0119,-0.0221,0.00000000,0.0119|-0.0221,1,8172,train,0.08969058,0.08969058,e4062011b14d2586a966ecaaae5c976fca5a3fd412b757d43cf8a115d0732e98
T2445,training,0.0119,-0.0110,0.00000000,0.0119|-0.0110,4,4556;4557;4558;4559,train,0.37189736,0.37189736,5f31733ced1369cc7256a5df06476d6c6b5a541b42d326f7e89f4e729628c770
T2446,training,0.0119,0.0110,0.00000000,0.0119|0.0110,4,5636;5637;5638;5639,train;test_iid,-0.37189736,-0.37189736,9df157a1ca3dfd1b89f1ca2de3262fe734f70cec2fe6d6bed78f649fe1d8996c
T2447,test,0.0119,0.0221,0.00000000,0.0119|0.0221,1,11466,train,-0.08969058,-0.08969058,f9039689fd38938bd0f6519a821e23ff8cdee08c93402c2dfbd930da891341b5
T2448,training,0.0120,-0.0108,0.00000000,0.0120|-0.0108,4,4562;4563;4564;4565,train,0.36724645,0.36724645,13e794b7449f62b9d0f128047cc341f83ce1af67e5d3099d3a733951a1fd5afb
T2449,training,0.0120,0.0108,0.00000000,0.0120|0.0108,4,5642;5643;5644;5645,train;val_iid,-0.36724645,-0.36724645,86e992c474561bb77255436d7c0e56fa5cef5601fb04132deeedf34db015b79d
T2450,training,0.0121,-0.0072,0.00000000,0.0121|-0.0072,1,5407,train,-0.03918618,-0.03918618,afd3dd7cf253d7f8478de834cc1452266b5275a5ef1f3da16f318ca842873040
T2451,training,0.0121,0.0072,0.00000000,0.0121|0.0072,1,4759,train,0.03918618,0.03918618,adafa76155f8f4a3778ccbbb998b414fd5cc1ba1d21171d272c9252d753c3377
T2452,training,0.0122,-0.0190,0.00000000,0.0122|-0.0190,1,8156,train,0.05420417,0.05420417,bb44d53125c4b2f617344a0ce800c8fcac332aef4f9a82dc1a71c08860f0b448
T2453,training,0.0122,0.0190,0.00000000,0.0122|0.0190,1,11450,train,-0.05420417,-0.05420417,1cc557dfb89efe92babf250bb2069858889695e615444f77a75425fa6536eeb5
T2454,training,0.0123,-0.0135,0.00000000,0.0123|-0.0135,6,9054;9055;9056;9057;9058;9059,train;val_iid,-0.43209794,-0.43209794,c238770d451ce62c9f159e0b76950f0604f6caaa9c815816260e3e796501203a
T2455,validation,0.0123,-0.0126,0.00000000,0.0123|-0.0126,1,8653,train,-0.04715727,-0.04715727,d5097d00e6f735d356804c60a4bfbcc1e3ec2ffd71d1598bcb67558415286f98
T2456,training,0.0123,-0.0111,0.00000000,0.0123|-0.0111,1,5353,val_iid,-0.01073063,-0.01073063,78e3ff1735116dbfe393202a20b868878444bd6f9e87ae73100d78bcb3db8901
T2457,training,0.0123,-0.0068,0.00000000,0.0123|-0.0068,1,5034,train,0.01985624,0.01985624,c6959164fa50d7d2e406362c336646ce23dedb12e9f0cdde53495c6863363c25
T2458,test,0.0123,0.0068,0.00000000,0.0123|0.0068,1,5142,test_iid,-0.01985624,-0.01985624,eebfa6a1c82b873570279c7c7fda124046f00281141aa1e2d03651a1e564392f
T2459,training,0.0123,0.0111,0.00000000,0.0123|0.0111,1,4813,train,0.01073063,0.01073063,2903663ec395bbc253ed4db2ab5020989b088d65aae38233f4fc23bcbbdb6b9d
T2460,training,0.0123,0.0126,0.00000000,0.0123|0.0126,1,11731,val_iid,0.04715727,0.04715727,3e8570c3d001b1d8ac8a24c4b1a328f428ea0a8ebf1146cb558a5337875b57c8
T2461,training,0.0123,0.0135,0.00000000,0.0123|0.0135,6,12132;12133;12134;12135;12136;12137,train;val_iid,0.43209794,0.43209794,1a144e53192f38a3ab9d860b692c19f4e1318329509f93c6c0fa5c6e3af31b7d
T2462,validation,0.0124,-0.0201,0.00000000,0.0124|-0.0201,1,8919,train,-0.31215106,-0.31215106,d6d511f9c9ce792a606629746820c7604909c7032a882495be47a58ce92534fa
T2463,validation,0.0124,-0.0135,0.00000000,0.0124|-0.0135,6,9066;9067;9068;9069;9070;9071,train;val_iid;test_iid,-0.42429977,-0.42429977,e1f04a1f670020000405363543c47df8a1bea160684185f6a4a22faf64af44e4
T2464,training,0.0124,-0.0110,0.00000000,0.0124|-0.0110,1,4975,train,0.03203759,0.03203759,b67ef0bccc8c59dcbaea9852e9ca5353fcb28ea5bb98412b0fa6956882528de9
T2465,training,0.0124,0.0110,0.00000000,0.0124|0.0110,1,5191,test_iid,-0.03203759,-0.03203759,b4b2368d7d575801259ac786789507e7a2ab41c2361f67108d4b889daa84d8da
T2466,training,0.0124,0.0135,0.00000000,0.0124|0.0135,6,12144;12145;12146;12147;12148;12149,train,0.42429977,0.42429977,360b091f70556c0bce6970b14917946cb75b338190cd20ba3cb4dd8f368cba07
T2467,training,0.0124,0.0201,0.00000000,0.0124|0.0201,1,12213,train,0.31215106,0.31215106,6bda269dd08e8360313e3815d77f72ee619b81d4a0276af9cafd4f77ebac6d8d
T2468,training,0.0125,-0.0138,0.00000000,0.0125|-0.0138,1,8599,train,-0.03123135,-0.03123135,3acf0f471564539a9f3c996e840b1813f9d6f183b13462b6a315b546def6b685
T2469,training,0.0125,0.0138,0.00000000,0.0125|0.0138,1,11785,train,0.03123135,0.03123135,70bac3967826580fcdc69a75f17e8b03f40c8640b2bce7c928d868979e5c20c0
T2470,training,0.0126,-0.0333,0.00000000,0.0126|-0.0333,1,8952,train,-0.65938186,-0.65938186,7c506710f9cb7df16414afa9f1fdfacb1603e64f2d7d851e34cd10c18ab05ce4
T2471,training,0.0126,-0.0137,0.00000000,0.0126|-0.0137,1,8221,train,0.01011640,0.01011640,13396119398225f598d03c002a166ba0d7dfe9c192b50d3b25fbe1900284640c
T2472,training,0.0126,-0.0123,0.00000000,0.0126|-0.0123,1,4927,test_iid,0.04715727,0.04715727,7f0c61efec8bd4e436d3c83b84d55d56f67a2c9177de52bea23d73dff061d624
T2473,training,0.0126,0.0000,0.00000000,0.0126|0.0000,1,5088,train,-0.00000000,-0.00000000,1865d5500229d8bee39847d3b0347b3c78c67dca4bd7e73b60d1142a916f74c3
T2474,training,0.0126,0.0123,0.00000000,0.0126|0.0123,1,5251,train,-0.04715727,-0.04715727,295849beb294b2bf8517d0475934b4ce936e32afd3b68f8eb122e1577228aadd
T2475,training,0.0126,0.0137,0.00000000,0.0126|0.0137,1,11407,train,-0.01011640,-0.01011640,b41d41d5727f5b1e1e48bd2695db16c0f94230e8bac234cb314a27dbed39a7b7
T2476,training,0.0126,0.0333,0.00000000,0.0126|0.0333,1,12246,train,0.65938186,0.65938186,4dfb26f28c1d0ea8dd01bb1a53379cdc227448e55308f2ddba2b07bac988076b
T2477,test,0.0128,0.0000,0.00000000,0.0128|0.0000,1,5083,train,0.00000000,0.00000000,ec2da24375e4f8a381df41beef8a90ec0e8e67d3839ff5ab1c2a1815b1967da0
T2478,training,0.0129,-0.0084,0.00000000,0.0129|-0.0084,1,5413,train,-0.03649522,-0.03649522,641c62a0c7476a862ef851b8c61e6bf404db68e5c86869aa06bf8bb3564098d5
T2479,training,0.0129,0.0084,0.00000000,0.0129|0.0084,1,4765,train,0.03649522,0.03649522,49920cf7881d341d164d7d4669a13d9b36cf2305d2f13cc0be22c5af6053c2bf
T2480,training,0.0130,-0.0164,0.00000000,0.0130|-0.0164,1,8988,train,-0.43281326,-0.43281326,9a5c4ed90716e2ddaf2affc232b6b4ccf24c51a7b8df52157327b9d051e32c3e
T2481,training,0.0130,-0.0132,0.00000000,0.0130|-0.0132,1,8275,train,-0.00709424,-0.00709424,8b5e264d2b2799d1d7d627cbeee121a50aa89cd762f394a3a6cdda1726599493
T2482,training,0.0130,-0.0070,0.00000000,0.0130|-0.0070,1,5029,train,0.02132176,0.02132176,c8c9c11e83b25b64de7b1ec3ff54d3476a546a52f67f6037907aaf7e0cdcf044
T2483,training,0.0130,0.0070,0.00000000,0.0130|0.0070,1,5137,val_iid,-0.02132176,-0.02132176,6940ba4548466dbcd0576d355a580de763cc00b2af616c93280e5b0768757b44
T2484,test,0.0130,0.0132,0.00000000,0.0130|0.0132,1,11353,train,0.00709424,0.00709424,f84a3acf63612361839cea624d0883f742dbd9ef96b225b1c3ba7eed9d162ee6
T2485,training,0.0130,0.0164,0.00000000,0.0130|0.0164,1,12174,train,0.43281326,0.43281326,a5092f35e635ca512a0dadc8dd0bc4f0bb595393efc78309b77606f2c1d6bc93
T2486,training,0.0132,-0.0155,0.00000000,0.0132|-0.0155,1,8972,train,-0.34241880,-0.34241880,2ed7b9d146361e37b8b50fdd1ac0b4a3de7bd79d5cc0659cb99f785e71bfa1a4
T2487,training,0.0132,-0.0143,0.00000000,0.0132|-0.0143,6,9060;9061;9062;9063;9064;9065,train,-0.45844783,-0.45844783,8500303f7aab18859528f6a85cf98c30588063101058383fcb058c9b048f5a0f
T2488,training,0.0132,-0.0130,0.00000000,0.0132|-0.0130,1,5305,train,0.00709424,0.00709424,725e58bc2fa3df0ed887d6b975901848aebab160ef011cc5caa32a0078a950e9
T2489,training,0.0132,-0.0009,0.00000000,0.0132|-0.0009,1,5467,test_iid,-0.10284669,-0.10284669,41314deac09abf74492a4ab0f4e485b0bb9e69974dbd1a178a24e5346bac5a7b
T2490,test,0.0132,0.0009,0.00000000,0.0132|0.0009,1,4711,test_iid,0.10284669,0.10284669,e794a95ab6ef8047d686c7d916b46fc391249df913423b589f47f5ddea94fd2f
T2491,validation,0.0132,0.0130,0.00000000,0.0132|0.0130,1,4873,val_iid,-0.00709424,-0.00709424,d94d9bf285cec856ff9fde50a40b6aaa65424154d19e4672e870b12932b6a433
T2492,training,0.0132,0.0143,0.00000000,0.0132|0.0143,6,12138;12139;12140;12141;12142;12143,train,0.45844783,0.45844783,b071db060a8e153e26e1bacc856429be2c8a2f119d24b090bbb74e04f5a8cc3c
T2493,training,0.0132,0.0155,0.00000000,0.0132|0.0155,1,12158,train,0.34241880,0.34241880,c47569ba31a1d54df888375004d556a69163ac8570c187499ffb948e1f5303d4
T2494,training,0.0134,-0.0284,0.00000000,0.0134|-0.0284,1,8941,train,-0.53510592,-0.53510592,55c245fbc3ef2058d28529ab7d958783eeba07df36028b3ed0bdc6448a85e78a
T2495,training,0.0134,-0.0104,0.00000000,0.0134|-0.0104,1,4608,train,0.36161587,0.36161587,6a8cf7c8e64e5026c9f4ec485c7830f2bcc2e2f50e375aab2cfab1e0dbf68f95
T2496,training,0.0134,0.0104,0.00000000,0.0134|0.0104,1,5580,train,-0.36161587,-0.36161587,8b461b7374ec6027149fff139d0f99e80fb831f14d2ada1c4b1258efc1f29c20
T2497,test,0.0134,0.0284,0.00000000,0.0134|0.0284,1,12235,train,0.53510592,0.53510592,f330c6a9fbabd06bc85fb17fceeae893a8c183b4ff996afd2573a0731e18690f
T2498,test,0.0135,-0.0124,0.00000000,0.0135|-0.0124,6,4584;4585;4586;4587;4588;4589,train;val_iid;test_iid,0.42429977,0.42429977,f7bfd529ee53ecc338ee0bcae0d7074c5351dd9d3d68217346223dc7bd450720
T2499,training,0.0135,-0.0123,0.00000000,0.0135|-0.0123,6,4572;4573;4574;4575;4576;4577,train,0.43209794,0.43209794,c43d2cfbc911c439a85be2256ce511409fe3cbeff2245c9bcd0c59b745cfdc44
T2500,training,0.0135,0.0123,0.00000000,0.0135|0.0123,6,5652;5653;5654;5655;5656;5657,train;val_iid;test_iid,-0.43209794,-0.43209794,34fff3656d6d2aedcfddd3ca2d2c4cdc93ba6b4359739ba21e5ec4c4b6c4dc6c
T2501,training,0.0135,0.0124,0.00000000,0.0135|0.0124,6,5664;5665;5666;5667;5668;5669,train;test_iid,-0.42429977,-0.42429977,1b0f5a18e37f7c2a9ef61bf08b78acd61e3fef9eca61d26ac7aa2e0393c61578
T2502,test,0.0136,-0.0284,0.00000000,0.0136|-0.0284,1,8556,train,-0.05236611,-0.05236611,efeb28c0c5ca3bd3605d78328d654b915d32e75e4eaa7b45925ea05fce9f7582
T2503,training,0.0136,-0.0172,0.00000000,0.0136|-0.0172,1,8983,train,-0.44994275,-0.44994275,5d8868753e2d426d938fb599853c45e0801f85961d0a63055c6ad267d7540a13
T2504,training,0.0136,0.0172,0.00000000,0.0136|0.0172,1,12169,train,0.44994275,0.44994275,717f16d247f8f692e1c71d19cd3dcd5cb09fc03adf7891d0f372de298ea9d9ae
T2505,training,0.0136,0.0284,0.00000000,0.0136|0.0284,1,11850,train,0.05236611,0.05236611,45ea262edaa0b366414855f5f67dc7de2b080fa4295e5e64f5fd3114c21bd0b2
T2506,training,0.0137,-0.0356,0.00000000,0.0137|-0.0356,1,8947,train,-0.71010822,-0.71010822,24f3b5b070581531beb48fe1b6d8cea4dab99b1fccdd40daea49dd86c435524b
T2507,training,0.0137,-0.0221,0.00000000,0.0137|-0.0221,1,8535,train,-0.03233123,-0.03233123,2c62d7740079f8f4e780f4ec067551a123d4c58c489120e0ac7da1d4e43d47c9
T2508,training,0.0137,-0.0126,0.00000000,0.0137|-0.0126,1,5359,val_iid,-0.01011640,-0.01011640,5f9874423b45d34ba3180f91a96ee2ff096e060cdcbd797eb284c4283f93f46b
T2509,training,0.0137,-0.0114,0.00000000,0.0137|-0.0114,1,4592,train,0.32320768,0.32320768,2b478fdde5c4ec0ffd1729efddafef8344ac6f4562704c8a9f3fa12e2e68b332
T2510,training,0.0137,0.0114,0.00000000,0.0137|0.0114,1,5564,train,-0.32320768,-0.32320768,216363e58125858316034db6a1e6cc4ea1b03e8cdec4f8bcf71b12f514d6dc1b
T2511,training,0.0137,0.0126,0.00000000,0.0137|0.0126,1,4819,train,0.01011640,0.01011640,6e6e62c7ef26cd277b23a9eff04d4e1ba029e3d840d1087a808c55f6f68a051a
T2512,training,0.0137,0.0221,0.00000000,0.0137|0.0221,1,11829,train,0.03233123,0.03233123,9b4b7b1565397a69cd5c96e5ca408320c628c60aef314dbe6318c0c3b1e7a15f
T2513,training,0.0137,0.0356,0.00000000,0.0137|0.0356,1,12241,train,0.71010822,0.71010822,4a776d9f2d7e05bd050a75f89a2c8fba7bcf015988847af4741699c39b94539f
T2514,training,0.0138,-0.0286,0.00000000,0.0138|-0.0286,1,8551,train,-0.05180531,-0.05180531,9f66e47a5f85f877b42245e018c018e07fa356603c69ac7638b78eb164a53991
T2515,training,0.0138,-0.0125,0.00000000,0.0138|-0.0125,1,4981,train,0.03123135,0.03123135,3330a7eb75324142e102867376c7679585f9fac2369d3aab1af4864e467a3b5b
T2516,training,0.0138,0.0125,0.00000000,0.0138|0.0125,1,5197,train,-0.03123135,-0.03123135,9d12994334357391746e3b02aad5c3141b840e18bb80454fe0f6cf03ebfbcc73
T2517,training,0.0138,0.0286,0.00000000,0.0138|0.0286,1,11845,val_iid,0.05180531,0.05180531,05dcd259e982a7d81c9803c706ef75189f4bf183fd11de2ceb178ead35d92898
T2518,training,0.0139,-0.1084,0.00000000,0.0139|-0.1084,1,8145,val_iid,1.35645943,1.35645943,0ce83e29af9674c60ae4213be356c25fdbaf6db96b5d249c4b651e10ded6e7da
T2519,test,0.0139,-0.0229,0.00000000,0.0139|-0.0229,1,8540,train,-0.03631831,-0.03631831,ffa4e9530f561912acc500313087dc7bd6533edf610db06c2053436011681433
T2520,training,0.0139,0.0229,0.00000000,0.0139|0.0229,1,11834,train,0.03631831,0.03631831,451f5c5b9247ebb70b08dde6fee6d122bfb55fd8815c8694cd414c135edbe939
T2521,validation,0.0139,0.1084,0.00000000,0.0139|0.1084,1,11547,train,-1.35645943,-1.35645943,cc57153247656aca7d5e794f1c472f654732716faf05c46785db15227db1d447
T2522,training,0.0140,-0.0207,0.00000000,0.0140|-0.0207,1,8162,train,0.05606404,0.05606404,43f1db243bba033e8834b7233ca3f77500cf68ce684da156f82a0655d3c679f0
T2523,training,0.0140,0.0207,0.00000000,0.0140|0.0207,1,11456,train,-0.05606404,-0.05606404,1417024832362b4757adcfebef95bb92e930eb46feabb2577e21cb7eef534dbd
T2524,training,0.0141,-0.1147,0.00000000,0.0141|-0.1147,1,8135,train,1.19712917,1.19712917,0b3e4bde9170609a479fd9f0dc5e4eb4728931cf18953d10371d83ba138b4ce9
T2525,training,0.0141,-0.0168,0.00000000,0.0141|-0.0168,1,8967,train,-0.36958225,-0.36958225,a0b2dea10839ebd3c3dcdd65d543db69c5f8143c32ec591730e6ff29ab22da1e
T2526,training,0.0141,0.0168,0.00000000,0.0141|0.0168,1,12153,train,0.36958225,0.36958225,bd60e1b5bef9556b13129a4a14b79af027daf641acac7775e502a5306ee9e6af
T2527,training,0.0141,0.1147,0.00000000,0.0141|0.1147,1,11537,train,-1.19712917,-1.19712917,15a8979b1627729bb6c31bd3579af8b7bcbec16b7d302abeadd3c6984aab14f2
T2528,validation,0.0142,-0.0217,0.00000000,0.0142|-0.0217,1,8925,train,-0.32194636,-0.32194636,e313013eb98172189ea742000b300611e0e9d5641b5af0211e547dc1b33b353d
T2529,training,0.0142,0.0217,0.00000000,0.0142|0.0217,1,12219,train,0.32194636,0.32194636,b7d1522bfdea69c1be223fc09be96eb7b07dfd43497e6069bf38f1bf2e775c2a
T2530,training,0.0143,-0.0132,0.00000000,0.0143|-0.0132,6,4578;4579;4580;4581;4582;4583,train;test_iid,0.45844783,0.45844783,4908b365e2b6ee45b7ee34c546ed2d492221d84e1fecfc9c6acc66f1a03e7798
T2531,test,0.0143,0.0132,0.00000000,0.0143|0.0132,6,5658;5659;5660;5661;5662;5663,train;test_iid,-0.45844783,-0.45844783,fc1a630bbe135f69870e92b42cc9fd2cd0817cd2b4cc72b6baa16157d31e2614
T2532,test,0.0144,-0.0216,0.00000000,0.0144|-0.0216,1,8157,train,0.06023952,0.06023952,e605c161d0e797a61854a99516ffe17d3b1e943a9c287139611f4b8c210dfa12
T2533,training,0.0144,-0.0178,0.00000000,0.0144|-0.0178,1,8994,train,-0.46627855,-0.46627855,c46bd2c7f4c7d618ae5c9924674189c38f0146de80c29a8ed3e547b23e3b57a5
T2534,training,0.0144,-0.0084,0.00000000,0.0144|-0.0084,1,5035,train,0.02265294,0.02265294,3a7953f16a582937be3acdb14aa2d877d4e337da8a8895f8fce2f83a7714b3d5
T2535,training,0.0144,0.0084,0.00000000,0.0144|0.0084,1,5143,train,-0.02265294,-0.02265294,8cb0e3da453370331e172b99e0674c04766662b4ac7efe4a305fa9696270ee79
T2536,validation,0.0144,0.0178,0.00000000,0.0144|0.0178,1,12180,train,0.46627855,0.46627855,d72d90d0ea57626eb8ae128d271629c286b923b0734a86225fb517c8fd28a4ed
T2537,training,0.0144,0.0216,0.00000000,0.0144|0.0216,1,11451,train,-0.06023952,-0.06023952,14cef5bfcf011b4fad2eba3b4647ee230f7e8618987adbe86d926cfb174843a4
T2538,training,0.0147,0.0000,0.00000000,0.0147|0.0000,1,5089,train,-0.00000000,-0.00000000,4b75d11fe8dc05e75ac125bb9bf390466efc8bb6ec72702cdf37c46e3d6b4b9a
T2539,training,0.0148,-0.0171,0.00000000,0.0148|-0.0171,1,8978,val_iid,-0.35586438,-0.35586438,af7783ebc7b33d5acb5b9988e35a439d486726ff32b29e2d33354424beebb576
T2540,validation,0.0148,0.0171,0.00000000,0.0148|0.0171,1,12164,train,0.35586438,0.35586438,cdd2993498cb8257dca68ac7e56faab1c51b855173f9741f83272a319c176f6c
T2541,training,0.0152,-0.0274,0.00000000,0.0152|-0.0274,1,8178,train,0.09795586,0.09795586,634461fbe3c72fb518fe51f7d5024fa8be0da9101a32b7e14647400ad387435b
T2542,training,0.0152,-0.0208,0.00000000,0.0152|-0.0208,1,8168,train,0.05099996,0.05099996,11a41980e33e045e63f20f8c022835e600171953db8fa6981f43d9cad04ab103
T2543,training,0.0152,0.0208,0.00000000,0.0152|0.0208,1,11462,train,-0.05099996,-0.05099996,034abac5757958e544adfcd0e78c5723b4f40ae85b8da2133420d9a5991063ab
T2544,training,0.0152,0.0274,0.00000000,0.0152|0.0274,1,11472,train,-0.09795586,-0.09795586,3bf06fabd03fcf3b93b8f70c2bd8efe7a371bf0bf97f2e98fcf8c966e6204d6b
T2545,training,0.0153,-0.0178,0.00000000,0.0153|-0.0178,1,8973,train,-0.37443031,-0.37443031,c531a71741da958561cd9d5e23b36ada0340e7e5d251b7169450ba19bb4b931d
T2546,training,0.0153,0.0178,0.00000000,0.0153|0.0178,1,12159,train,0.37443031,0.37443031,3176a361a702490087b5e306020283873bea90123ef138cb256f6f362b89d42d
T2547,test,0.0154,-0.0280,0.00000000,0.0154|-0.0280,1,8173,train,0.10365952,0.10365952,fe2413802ced37e8bf59d0f76b94cf657ba5284b3ec0f81d6c6e92945b444fd1
T2548,test,0.0154,-0.0231,0.00000000,0.0154|-0.0231,1,8546,train,-0.03255734,-0.03255734,f416a9c095d66863d0a5c3ee128a196b73557eab4631bf2ba1197a674c2c87f6
T2549,training,0.0154,0.0231,0.00000000,0.0154|0.0231,1,11840,train,0.03255734,0.03255734,7c003ad07c5b686c3a10bbba2fd1710deb20a28689217c54e49235be71e12635
T2550,training,0.0154,0.0280,0.00000000,0.0154|0.0280,1,11467,train,-0.10365952,-0.10365952,37b657280c03e2d26012f820a5b5c900f27bfcb1bd5335fae3eef9067b77c51e
T2551,training,0.0155,-0.0132,0.00000000,0.0155|-0.0132,1,4598,train,0.34241880,0.34241880,77b0f16551878b1811550f4faf6e0c43b1cab15378eded58d2315744a21ed389
T2552,training,0.0155,0.0132,0.00000000,0.0155|0.0132,1,5570,train,-0.34241880,-0.34241880,92756b487b758d7e6edf6dc117129048f620278367791ffeee1a34bda9f8bef8
T2553,training,0.0158,-0.0399,0.00000000,0.0158|-0.0399,1,8953,val_iid,-0.79773651,-0.79773651,bf6ac9602ef907700e71ea7a7c16dd0fc5297946b4c24612652593b462e74b5e
T2554,training,0.0158,-0.0196,0.00000000,0.0158|-0.0196,1,8989,train,-0.50813027,-0.50813027,43894fae6d0c2c6f5cffdf89a577415435e99fa8f65b732a8039c0b6ac595100
T2555,test,0.0158,0.0196,0.00000000,0.0158|0.0196,1,12175,train,0.50813027,0.50813027,f081255fd99efc79c93d55b97c4ca590611dcd46cd8162b20cb00ec4592339e7
T2556,training,0.0158,0.0399,0.00000000,0.0158|0.0399,1,12247,train,0.79773651,0.79773651,670810ef4a1eb3929a46d2a3cd38218a5725db5d439066b0b932a4b226131559
T2557,validation,0.0160,-0.0087,0.00000000,0.0160|-0.0087,1,4646,train,0.26989832,0.26989832,dd49d02faec3dd8ef136e88e847aa0b75cbf64536f2d2bff298e2d2bcb4fdd2c
T2558,training,0.0160,0.0087,0.00000000,0.0160|0.0087,1,5510,train,-0.26989832,-0.26989832,604f9416b514d6d84d624baad433cbcc08e0c83455efd93a6eeb9101310eb2a3
T2559,training,0.0161,-0.0257,0.00000000,0.0161|-0.0257,1,8541,train,-0.03999756,-0.03999756,ab7c32a39ece56da8af937ac82aa046596728b55554f6e6ada8e2db393aaf339
T2560,training,0.0161,-0.0231,0.00000000,0.0161|-0.0231,1,8163,val_iid,0.05994881,0.05994881,47f715bacb8ed6883b464e06421e812faf5e37d10e56abb4f00bc8876d834730
T2561,training,0.0161,0.0231,0.00000000,0.0161|0.0231,1,11457,train,-0.05994881,-0.05994881,20c9292dbe03137966ebfba044b0b0a74dac292eac88d6a11604c49e159e3689
T2562,training,0.0161,0.0257,0.00000000,0.0161|0.0257,1,11835,train,0.03999756,0.03999756,ae6b8ea3e77c9e4d8ce3720353fa59d99f66c6f502f799d652238749095586a7
T2563,training,0.0164,-0.0130,0.00000000,0.0164|-0.0130,1,4614,train,0.43281326,0.43281326,3db4011a80430f4c63a9eaf5967ac9fb7af34df32a749dd785a1d2b8d4507abc
T2564,training,0.0164,-0.0060,0.00000000,0.0164|-0.0060,1,4662,train,0.32030068,0.32030068,1dda3c6c718296c110f94b18b0c7b640cad21156b4941845cbb6a1a04932a9c9
T2565,training,0.0164,0.0060,0.00000000,0.0164|0.0060,1,5526,train,-0.32030068,-0.32030068,39284bbc193236288a55fb075f7a14917a7e32b278aa5fad18d962001d510bbe
T2566,test,0.0164,0.0130,0.00000000,0.0164|0.0130,1,5586,train,-0.43281326,-0.43281326,f0796437d640872f919f1ad81fbee3b07b7f0848d235cdfaa5e100d92a3d01b2
T2567,training,0.0165,-0.0195,0.00000000,0.0165|-0.0195,1,8968,train,-0.42350249,-0.42350249,a13fe6090447060e3a429f9bb5aa8909df81f94c87332991f28933d7d0ac6394
T2568,test,0.0165,0.0195,0.00000000,0.0165|0.0195,1,12154,train,0.42350249,0.42350249,ec9e549569dcb45be994268feadfe555ea8a6ccb4c0647da612220781ee94c5c
T2569,training,0.0167,-0.0173,0.00000000,0.0167|-0.0173,1,8658,test_iid,-0.12604563,-0.12604563,8f483d979b0924384a7d54bc8c4f6729c05536d1b91a45b0f184ab723bb06eff
T2570,training,0.0167,0.0173,0.00000000,0.0167|0.0173,1,11736,train,0.12604563,0.12604563,bc7f5ed02c0d1d8472b3d663ac45c34854f822e3a5e8f23b4545414baeaa5cfa
T2571,training,0.0168,-0.0208,0.00000000,0.0168|-0.0208,1,8995,train,-0.53351884,-0.53351884,7f4c23b54ffe53551ff65540c21ea0a16090f209baf926bc346b4200ef14b2d6
T2572,training,0.0168,-0.0141,0.00000000,0.0168|-0.0141,1,4593,train,0.36958225,0.36958225,2ac26991bb2ee044e24bd9cbe84b7c770cd920fda74270984fe4763b7121cca1
T2573,training,0.0168,0.0141,0.00000000,0.0168|0.0141,1,5565,test_iid,-0.36958225,-0.36958225,5fda9f6495e641dbecaef5cedf6ff71f12c89d00812d65b265da13d0e0730a2e
T2574,training,0.0168,0.0208,0.00000000,0.0168|0.0208,1,12181,train,0.53351884,0.53351884,7bcb5e019babe4dcee05ce582b93b93fc7c69c9c2661dc3c93c0dd9889e12232
T2575,validation,0.0169,-0.0200,0.00000000,0.0169|-0.0200,1,8969,train,-0.42863925,-0.42863925,d9343e473e9e79a374bbfa32f05580ae4db7c3752b9d7f7f964eb552685b4520
T2576,training,0.0169,-0.0195,0.00000000,0.0169|-0.0195,1,8979,train,-0.38676345,-0.38676345,2d8e39962b74b3c3b1d496be257ce538f21d5a8b28738591bb6f6d27655a4543
T2577,training,0.0169,0.0195,0.00000000,0.0169|0.0195,1,12165,train,0.38676345,0.38676345,0ca70f466c258c420076fc38cc4a5fa05d93591bf58ac285d4eff8dce4313c37
T2578,training,0.0169,0.0200,0.00000000,0.0169|0.0200,1,12155,val_iid,0.42863925,0.42863925,a384d11424f9797273882affaf2f5bd4013517e6d7ec5b7c922277aae2bd723c
T2579,training,0.0170,-0.0174,0.00000000,0.0170|-0.0174,1,8642,val_iid,-0.07798724,-0.07798724,4192012affd62b25a4169a98f9fe3ba51ed37b302694cc0da3428e0b6c10bfe3
T2580,training,0.0170,0.0174,0.00000000,0.0170|0.0174,1,11720,val_iid,0.07798724,0.07798724,973f814d5a4dfe10d91d4fd58db0f6b6f3fef76e82f8ef913260b28fb26087ec
T2581,training,0.0171,-0.0262,0.00000000,0.0171|-0.0262,1,8914,test_iid,-0.39957628,-0.39957628,c661edf0a02066b96475288cc4eb1a83314d575f0c093d43db6b1f64bf218484
T2582,training,0.0171,-0.0148,0.00000000,0.0171|-0.0148,1,4604,train,0.35586438,0.35586438,ba459a7e7ba1131e9441a0035db8f565b536baf21ce6fc7b459cf4d3f2d00b42
T2583,training,0.0171,0.0148,0.00000000,0.0171|0.0148,1,5576,train,-0.35586438,-0.35586438,38e93b7e91d595200e3ea6d49b7fb77a06d389e27d519fb7ee5e4229cd5d2a1d
T2584,training,0.0171,0.0262,0.00000000,0.0171|0.0262,1,12208,test_iid,0.39957628,0.39957628,892cc1e44f17d4d48ff8ea571eb19b9c4d3f5e08b9d3b37a3a5238e0fa8fdb5d
T2585,training,0.0172,-0.0136,0.00000000,0.0172|-0.0136,1,4609,train,0.44994275,0.44994275,af81af3fa104a200fb794d159002d8864915ce441059ca372781bfcdca51e58d
T2586,test,0.0172,0.0136,0.00000000,0.0172|0.0136,1,5581,train,-0.44994275,-0.44994275,f825cc3d18289c8b5caa8f2849377b9a73ae0be0cb3757594667938270d0091c
T2587,training,0.0173,-0.0167,0.00000000,0.0173|-0.0167,1,4932,train,0.12604563,0.12604563,915a9a56a9b6a939adc4ffca9c18951b6462757ef17b5629efe04b0d40ef5a63
T2588,test,0.0173,0.0167,0.00000000,0.0173|0.0167,1,5256,train,-0.12604563,-0.12604563,eb7813060f084ab556063d66bcd411ddcc87c9ff57a159cce51c00d045b0200e
T2589,test,0.0174,-0.0345,0.00000000,0.0174|-0.0345,1,8562,val_iid,-0.06271017,-0.06271017,fe90d0c4b4c1d3903052eb6bfad801d7636360f660c0a0803f2b7cc054d93ca2
T2590,training,0.0174,-0.0231,0.00000000,0.0174|-0.0231,1,8169,train,0.05436720,0.05436720,5661b6ec4ef62db9ea08a9350badc03ec4273a6cc387611e808d0351beceaed1
T2591,training,0.0174,-0.0170,0.00000000,0.0174|-0.0170,1,4916,train,0.07798724,0.07798724,67fe30f9cc10f5510b09d97f9b641b9e8696306471f40dce8e079f6d2de62d24
T2592,training,0.0174,0.0170,0.00000000,0.0174|0.0170,1,5240,train,-0.07798724,-0.07798724,366a9c71f26fc93293a0e55c5740cd893595f7108fb4503088969632eb178add
T2593,training,0.0174,0.0231,0.00000000,0.0174|0.0231,1,11463,train,-0.05436720,-0.05436720,072fc34b6a0fc740dd2d7bc35322daa8634ced29c2127e42767229acfe188eeb
T2594,training,0.0174,0.0345,0.00000000,0.0174|0.0345,1,11856,train,0.06271017,0.06271017,303c864c2b85294d7d363dabb8d48c58475e04443085308f304549228d4cef92
T2595,test,0.0175,-0.0202,0.00000000,0.0175|-0.0202,1,8974,train,-0.42352204,-0.42352204,e67d9263571e638a8fc54f15df3a8841685b5e498ced9afb97ae233ff1b986f7
T2596,training,0.0175,-0.0102,0.00000000,0.0175|-0.0102,1,4652,train,0.28659595,0.28659595,b80902c51cd40894f7db1a04418036b4aeed477839a9432e46f6531ef08dc2ed
T2597,training,0.0175,0.0102,0.00000000,0.0175|0.0102,1,5516,train,-0.28659595,-0.28659595,56716e02c80bd41ae6c4a229fed9d4deb94f2dae51047fc49f573c6c3db0d847
T2598,training,0.0175,0.0202,0.00000000,0.0175|0.0202,1,12160,train,0.42352204,0.42352204,2f84315e424d2c06a2d5b6c7827e005e42755e44280db76ebf71201c27b80fc3
T2599,training,0.0176,-0.0410,0.00000000,0.0176|-0.0410,1,8958,train,-0.83184479,-0.83184479,95d548e27eaba6a17c9ac60096c82fefe7f667c24665cc9d1f956ab77d62ed13
T2600,training,0.0176,-0.0356,0.00000000,0.0176|-0.0356,1,8557,train,-0.06378008,-0.06378008,2a88a70954295ce5b987b8c61f5f4adabdcd92e513f0374a97474443ab375ff6
T2601,training,0.0176,0.0356,0.00000000,0.0176|0.0356,1,11851,train,0.06378008,0.06378008,b5749843e46c47df4440857a16e11bb4ade3414cfb8f5dfc27d37d673d43dc32
T2602,training,0.0176,0.0410,0.00000000,0.0176|0.0410,1,12252,train,0.83184479,0.83184479,0219bea3e6032ee372bcce89189243c51f4e2d1e5b28389b64153816bbad9c7e
T2603,validation,0.0177,-0.0257,0.00000000,0.0177|-0.0257,1,8547,train,-0.03592108,-0.03592108,d97efb0623f4f7e277e241fa18bb44c979fb4cb8899aba4169d8e919739971af
T2604,validation,0.0177,0.0257,0.00000000,0.0177|0.0257,1,11841,test_iid,0.03592108,0.03592108,d3b196f3b39e55d20661e87f8aec9695bfbbda01f047dc4556ebd1b04a34ce76
T2605,training,0.0178,-0.0232,0.00000000,0.0178|-0.0232,1,9000,train,-0.62635014,-0.62635014,26d07123a61c74633e46e5364fa3e23552846cd9db9f5fd5629b5955eeb178b8
T2606,training,0.0178,-0.0213,0.00000000,0.0178|-0.0213,1,8604,train,-0.07597695,-0.07597695,a9ae17859f27abc99412a73ad72ebc92d6ba24ac11fcccc7a85a10582dce4c7e
T2607,training,0.0178,-0.0153,0.00000000,0.0178|-0.0153,1,4599,train,0.37443031,0.37443031,0aecf51b39599880e06f1c58ff46afb42c3c4fd422695fdaccc694d8fb82a115
T2608,validation,0.0178,-0.0144,0.00000000,0.0178|-0.0144,1,4620,train,0.46627855,0.46627855,e20526cf924e0596f211715a632852ebcb76a7c88873ebf0a4ea0d69247d464e
T2609,training,0.0178,0.0144,0.00000000,0.0178|0.0144,1,5592,train,-0.46627855,-0.46627855,37a299dd99e920b2a154453e34c442b4fabb3f74f6293775e3e48a6495c3c6ca
T2610,training,0.0178,0.0153,0.00000000,0.0178|0.0153,1,5571,train,-0.37443031,-0.37443031,24769711a925a08a5da76ebfc4024ff6b873233c691646bf6d609b9bd46fb665
T2611,training,0.0178,0.0213,0.00000000,0.0178|0.0213,1,11790,train,0.07597695,0.07597695,2715ca2c2ac1f8461f60b92a4520ba9ea5a0dca014ab9cdeb89968e2a50e82fa
T2612,training,0.0178,0.0232,0.00000000,0.0178|0.0232,1,12186,val_iid,0.62635014,0.62635014,2182bade64a168fac43103bb900425efab0c7573ebac2f5d7a407b9252623af1
T2613,training,0.0180,-0.0384,0.00000000,0.0180|-0.0384,1,8930,train,-0.75188025,-0.75188025,433e45d1bfd71c0a07eb31f594a2a2999348e00fbc86354d327b761ffe956512
T2614,test,0.0180,0.0384,0.00000000,0.0180|0.0384,1,12224,test_iid,0.75188025,0.75188025,f71cc4565b5d990c0ca2b7f4429104a0f36482df99ec2e2c57d7723d487d4d07
T2615,training,0.0182,-0.0213,0.00000000,0.0182|-0.0213,1,8975,train,-0.43965137,-0.43965137,b0ce2739d5854ffd2f8b96c0ec1cfb90c8d5fa80c444fab711f502c00e0baf5f
T2616,training,0.0182,-0.0212,0.00000000,0.0182|-0.0212,1,8980,val_iid,-0.41963684,-0.41963684,59fb6419d5669494c61dd22a53a92c4af34fcd9667e5cf8d7f7a7cef694d6951
T2617,training,0.0182,-0.0202,0.00000000,0.0182|-0.0202,1,8588,train,-0.05190072,-0.05190072,a13588815e9bd8702de3b05d7ad097c7a7f07e75023264612e64e5242066e993
T2618,test,0.0182,-0.0198,0.00000000,0.0182|-0.0198,1,8210,test_iid,0.01222016,0.01222016,e7c92100316aafce540e08319bdb51e5a6117c258bb01f3dcd4e7a81e020b4c6
T2619,training,0.0182,0.0198,0.00000000,0.0182|0.0198,1,11396,train,-0.01222016,-0.01222016,86ba2c0e5ed6a98efd8ca4bc13f6d0663162f9db168e46f829c109e160dde1a5
T2620,training,0.0182,0.0202,0.00000000,0.0182|0.0202,1,11774,test_iid,0.05190072,0.05190072,b892f72ab0402e404fa9f338e1d0cdc626284705b7c3ed161d613d32a9359631
T2621,training,0.0182,0.0212,0.00000000,0.0182|0.0212,1,12166,train,0.41963684,0.41963684,91639cafd546b7abd82d0b9c2d3a34e36987b1d57f07d3350e28ca3abb1534c2
T2622,training,0.0182,0.0213,0.00000000,0.0182|0.0213,1,12161,train,0.43965137,0.43965137,a300f524bc86d7366ce7717c8677e2d2dbd99e733bf32a14c90624725a142db6
T2623,training,0.0183,-0.0106,0.00000000,0.0183|-0.0106,1,4647,train,0.29427098,0.29427098,a0b0ca9c8517af515d1d42e7cce1991036f440584b83cf68828c5fa7365ee1ce
T2624,test,0.0183,0.0106,0.00000000,0.0183|0.0106,1,5511,train,-0.29427098,-0.29427098,f0ca73cea4d692bb24894383a8d03e8196b1dd4e2b724e9aac0434a9c6a88c28
T2625,training,0.0184,-0.0210,0.00000000,0.0184|-0.0210,1,8226,train,0.01868668,0.01868668,3bf45f222245a5ad079283753d965ed0ddfa78cf85280b7f272e998abc1b2cd2
T2626,training,0.0184,0.0210,0.00000000,0.0184|0.0210,1,11412,train,-0.01868668,-0.01868668,31c14cc93e64809d6a4cdac4d7b46eac03a62cd10d88004538b3ad0eec6dcf31
T2627,training,0.0185,-0.0013,0.00000000,0.0185|-0.0013,1,5456,train,-0.14203844,-0.14203844,9849f59d45921d2a2ede4e0545291192f81bce82c6cc0c33edd2af6f36d6123b
T2628,training,0.0185,0.0013,0.00000000,0.0185|0.0013,1,4700,train,0.14203844,0.14203844,165d7f7b3d00184dce8fe152c5a4f3f789d2d642ff528d370fb99745ef58f2ec
T2629,training,0.0186,-0.0327,0.00000000,0.0186|-0.0327,1,8184,test_iid,0.10393015,0.10393015,4f9401c86ffdf0df28e1ad4af13c7f0764a0c001b98d78e7a919ee9475dd6f94
T2630,training,0.0186,-0.0219,0.00000000,0.0186|-0.0219,1,8981,train,-0.42902123,-0.42902123,c9625cad30d600cbf83251d9b13934af27e08df34faf3b2eb4b5d399d3e50d8b
T2631,training,0.0186,-0.0189,0.00000000,0.0186|-0.0189,1,8264,test_iid,-0.01186339,-0.01186339,8dcecdd49593237b3378a91fe8430d036693405439e540968a36dbad1c54d285
T2632,training,0.0186,0.0189,0.00000000,0.0186|0.0189,1,11342,train,0.01186339,0.01186339,24f19c75710591eea0b51d6cd29479641da875bf2dbcd1c64ea0ae95948285cd
T2633,training,0.0186,0.0219,0.00000000,0.0186|0.0219,1,12167,train,0.42902123,0.42902123,216596885c37179f12bc43a868f41f05058adf26f8170fbe18d839c99d070743
T2634,test,0.0186,0.0327,0.00000000,0.0186|0.0327,1,11478,test_iid,-0.10393015,-0.10393015,fe02fddc47d9c4eac471b6fc7063c0ae022060a5763e526d8480161c9c889df3
T2635,training,0.0187,-0.0277,0.00000000,0.0187|-0.0277,1,8920,train,-0.41135257,-0.41135257,1760ffa3dced4eea06d17d7b2c1cd4f82b96eb52626ac1f6cb11ad0e8e1be666
T2636,training,0.0187,-0.0190,0.00000000,0.0187|-0.0190,1,8280,train,-0.01215242,-0.01215242,1326a061844ba9161b2df47be3b56802e77a17b9cd7d438f29f6e46f724c28ad
T2637,training,0.0187,-0.0116,0.00000000,0.0187|-0.0116,1,4658,val_iid,0.29295089,0.29295089,09418ef83644a06420f6a7b776989b2b6e156800c297fd32f2169206cd5da771
T2638,training,0.0187,0.0116,0.00000000,0.0187|0.0116,1,5522,train,-0.29295089,-0.29295089,666c87a0e3a2b13a61a91fe27e01840ffbdb71f7dd3440dc96a58ed9cdbb49df
T2639,training,0.0187,0.0190,0.00000000,0.0187|0.0190,1,11358,train,0.01215242,0.01215242,9dfee9b63c33089c74391e1b221b6fee219751ad255a5c07a4bd89eab10434d8
T2640,training,0.0187,0.0277,0.00000000,0.0187|0.0277,1,12214,train,0.41135257,0.41135257,840b1325089c83319fdea1dee45fd7c4ca79594dabe8452460449d83e2721101
T2641,training,0.0189,-0.0397,0.00000000,0.0189|-0.0397,1,8936,train,-0.77821616,-0.77821616,98dd38d346b76b0cc49f947c49decddd6a3987be0f1acc786140fc6b18b7413e
T2642,training,0.0189,-0.0186,0.00000000,0.0189|-0.0186,1,5294,train,0.01186339,0.01186339,867a90f69828032073f31ce6fadf9e114c58eee0d09758b0e13d25dc805aad52
T2643,training,0.0189,0.0186,0.00000000,0.0189|0.0186,1,4862,train,-0.01186339,-0.01186339,84e99ed331a6fe68cad6fe668511384862fa0e9795a005e3f8ec94b9b5db0e62
T2644,validation,0.0189,0.0397,0.00000000,0.0189|0.0397,1,12230,train,0.77821616,0.77821616,d75f8129033186cb145180b07fedbba3d1c699344eb31207650323261ac70704
T2645,training,0.0190,-0.0187,0.00000000,0.0190|-0.0187,1,5310,train,0.01215242,0.01215242,2858de3ae98995cdd16aaafa35509f4e43c8b023095212bda7610aaff05004df
T2646,training,0.0190,-0.0122,0.00000000,0.0190|-0.0122,1,5402,train,-0.05420417,-0.05420417,4ad0937340e992408e4e8df6ca5b50512e56d2f2fa232e0cb86acf19a3640aaa
T2647,training,0.0190,0.0122,0.00000000,0.0190|0.0122,1,4754,train,0.05420417,0.05420417,97591eda6ad123e8b72be7fe924ab5855e19fcfeacd41614e1ca488566bd2984
T2648,training,0.0190,0.0187,0.00000000,0.0190|0.0187,1,4878,train,-0.01215242,-0.01215242,2b54b0c886bf53fa5ac3c833905ae9ed151976c6b6970453f70ed89a7e7e72dd
T2649,training,0.0191,-0.0238,0.00000000,0.0191|-0.0238,1,8984,train,-0.61970707,-0.61970707,603d05449ae8fe6dd51c596b6d56626a776a98e8a6acf4c15f4f45be7c9e331c
T2650,training,0.0191,-0.0234,0.00000000,0.0191|-0.0234,1,8990,train,-0.60747734,-0.60747734,66d1e8ce1372f0fe7e6c152baf99a6d800adee713a6de3aa5bd0e7a77373eba4
T2651,test,0.0191,0.0234,0.00000000,0.0191|0.0234,1,12176,test_iid,0.60747734,0.60747734,f1b0450bb4b939f0f7c11259d30150222dd7cd7849cd02603cc7926791a55a48
T2652,training,0.0191,0.0238,0.00000000,0.0191|0.0238,1,12170,val_iid,0.61970707,0.61970707,41cf56a242c858590ae5067895748ca3b24d5eaeb752479df56fd7586ec03b2d
T2653,training,0.0194,-0.0411,0.00000000,0.0194|-0.0411,1,8931,train,-0.80671184,-0.80671184,b88d666c0853519c679ebbf7435aa91b677b3a00b7da1adcb29fe42fac79af94
T2654,training,0.0194,-0.0345,0.00000000,0.0194|-0.0345,1,8179,train,0.11340648,0.11340648,601153a822cd7c683f55730cdf1749494512cab0ef0872ba98d3e473a907c3db
T2655,training,0.0194,0.0345,0.00000000,0.0194|0.0345,1,11473,val_iid,-0.11340648,-0.11340648,c932290e73671a0e067069dd3151a0d76f2612ca98a23cd96910024bfe652c88
T2656,training,0.0194,0.0411,0.00000000,0.0194|0.0411,1,12225,train,0.80671184,0.80671184,6464eb0778226bbcdeddda1f4fbf63aa6b69db937f6e5b349435108f26f67120
T2657,test,0.0195,-0.0169,0.00000000,0.0195|-0.0169,1,4605,train,0.38676345,0.38676345,eb00344f22faf5a76ea1fae94a979b1b8634459675266a1944f1ca725f03edd1
T2658,training,0.0195,-0.0165,0.00000000,0.0195|-0.0165,1,4594,train,0.42350249,0.42350249,727396613fa8bfc574456d1c2d0da373a7bdb4c2f7b816b872babd9c6deeeb0b
T2659,training,0.0195,0.0165,0.00000000,0.0195|0.0165,1,5566,train,-0.42350249,-0.42350249,511b81bfcf4d84912c8557a1f46f358d4444aa38c6d73bafe74ac9036686c589
T2660,test,0.0195,0.0169,0.00000000,0.0195|0.0169,1,5577,train,-0.38676345,-0.38676345,e78edede5a4922cb664d0eb8881a7404318c575b473abe74297501fc2dec360d
T2661,training,0.0196,-0.0256,0.00000000,0.0196|-0.0256,1,9001,train,-0.68710982,-0.68710982,750e2a0b022ffe2746d2845d96de0f670cd3e61b1332d4b2b907bfc4103ecdcd
T2662,training,0.0196,-0.0158,0.00000000,0.0196|-0.0158,1,4615,train,0.50813027,0.50813027,79cc35bc61cddf125c7d6c2177ec4ed988738880ab27a603f843e66d8b39f20f
T2663,training,0.0196,-0.0024,0.00000000,0.0196|-0.0024,1,5472,train,-0.21783341,-0.21783341,9294da4b64c67faa7a94d21e7a325dfe274c4cdb05ade0d6abd0acecef6dd2da
T2664,validation,0.0196,0.0024,0.00000000,0.0196|0.0024,1,4716,train,0.21783341,0.21783341,e54e7d940b09cc8707359c400ae7f965827eb81023810cb0f76ac150d36fccb7
T2665,training,0.0196,0.0158,0.00000000,0.0196|0.0158,1,5587,test_iid,-0.50813027,-0.50813027,92f5267579e52df63085cd6f2d201438c8bf13906c23072e5577aba561e4f7dc
T2666,training,0.0196,0.0256,0.00000000,0.0196|0.0256,1,12187,train,0.68710982,0.68710982,82b76f5ea7058313e48406079fa035c9c3dfc72d5acf7990eabfc8a53d75cf5f
T2667,training,0.0197,-0.0460,0.00000000,0.0197|-0.0460,1,8959,train,-0.94102733,-0.94102733,8a31b6080d5caad00736ee85e05646d61c0fe990cbc0155539472cb459bacfc2
T2668,test,0.0197,-0.0116,0.00000000,0.0197|-0.0116,1,5024,train,0.02975219,0.02975219,f14d437bfabd686825b71449e2dd5f0305ec019c7dc16966e0fcd267a17faee1
T2669,training,0.0197,-0.0012,0.00000000,0.0197|-0.0012,1,5462,train,-0.13703888,-0.13703888,084a924040c759727a05ab217dc08efa09a55af1c13c9dd31a7677c710478e40
T2670,training,0.0197,0.0012,0.00000000,0.0197|0.0012,1,4706,train,0.13703888,0.13703888,2801a52259a992a75e5143523163e32973bced77150835514b56ae14300ccb4a
T2671,training,0.0197,0.0116,0.00000000,0.0197|0.0116,1,5132,train,-0.02975219,-0.02975219,b58275cad19c4c44c01b902b1ac0bed8c91bbba9b0d4d305a2c62da8bb05aae3
T2672,training,0.0197,0.0460,0.00000000,0.0197|0.0460,1,12253,test_iid,0.94102733,0.94102733,b22a6ae32e6acbbfed0720b5b4f9b1d9789152304723070c907cd06cfb2e4f42
T2673,training,0.0198,-0.0292,0.00000000,0.0198|-0.0292,1,8915,train,-0.42563772,-0.42563772,64b994c991e329ae90b686c2f815df2de98839c4a42dbd1edb8d16cfab300235
T2674,validation,0.0198,-0.0244,0.00000000,0.0198|-0.0244,1,8996,train,-0.62433386,-0.62433386,e1147d6ca09c3a747d1b0249d553cc7fa2927368eae08d9f2c5d6ecdc207a552
T2675,validation,0.0198,-0.0202,0.00000000,0.0198|-0.0202,2,8643;8648,train,-0.08693777,-0.08640823,e1d3fca6a3883f06b4dae2398be5145ab9d973ba800f6bc1e3caf346fceaeddf
T2676,training,0.0198,-0.0182,0.00000000,0.0198|-0.0182,1,5348,train,-0.01222016,-0.01222016,7ca9cb2db5fd82fb1c24f8b7c8967f6ae1a467b47a32a0d5c8ca8752eea42322
T2677,test,0.0198,0.0182,0.00000000,0.0198|0.0182,1,4808,val_iid,0.01222016,0.01222016,f6a17940db82e7369945869afc969e082ba5e99c9ee41a1fcd5d45432cfeaa73
T2678,training,0.0198,0.0202,0.00000000,0.0198|0.0202,2,11721;11726,train;test_iid,0.08640823,0.08693777,aed93e55eb682e7f0f6440e82a2cb9e1dfcdd9c426f8c24eed1b62aa9a9445ed
T2679,training,0.0198,0.0244,0.00000000,0.0198|0.0244,1,12182,test_iid,0.62433386,0.62433386,6865e060a8e930c756e60289d779a859c188d4fe51fbfa87572cba1f5cd39cc8
T2680,training,0.0198,0.0292,0.00000000,0.0198|0.0292,1,12209,val_iid,0.42563772,0.42563772,3f4b7521cf9f45a130ad9eafbd95815fab8b7cd7acd4a4488df7154794244828
T2681,training,0.0199,-0.0256,0.00000000,0.0199|-0.0256,1,9006,train,-0.68687028,-0.68687028,177995053019484b5739afe8809e6cb4cd1ec12941e41892d1c2a87ee87e7d09
T2682,training,0.0199,0.0256,0.00000000,0.0199|0.0256,1,12192,test_iid,0.68687028,0.68687028,3116ee90607c0f3d87ccabab324f8c9967bec889bdc99b8906b7a0cd5290b772
T2683,training,0.0200,-0.0169,0.00000000,0.0200|-0.0169,1,4595,train,0.42863925,0.42863925,7286b9249f08d2a74fbdfb5471440d115522ef8fdba36710435bca2815b51edd
T2684,training,0.0200,0.0169,0.00000000,0.0200|0.0169,1,5567,train,-0.42863925,-0.42863925,299cb1c58790b0c2716b66694eefbed5b9d95c5865d71e05a0ddb84e0dbbd2e9
T2685,test,0.0201,-0.0252,0.00000000,0.0201|-0.0252,1,8985,train,-0.63868785,-0.63868785,f2c2aec74633f12a3ae784d4d11ee9688ce628953b3e95ef8881ca76ea1fb183
T2686,validation,0.0201,-0.0124,0.00000000,0.0201|-0.0124,1,4653,train,0.31215106,0.31215106,d0f55b93dd3b4ce034a5f4669fad78b7e9293a987bf301202b23ab13ea918374
T2687,training,0.0201,0.0124,0.00000000,0.0201|0.0124,1,5517,val_iid,-0.31215106,-0.31215106,a9cd1aaded40b4ecb8b2e3df64e84c066c19df56c4e9252828a70b5d8af5186a
T2688,training,0.0201,0.0252,0.00000000,0.0201|0.0252,1,12171,train,0.63868785,0.63868785,6266a09538d36e6e8aded52e8bb78521f700489a0aacd2af99734ebc7664da89
T2689,training,0.0202,-0.0198,0.00000000,0.0202|-0.0198,2,4917;4922,train;test_iid,0.08640823,0.08693777,89d840b1ebb8a66cfa3ef9409577efe1380c73a8baa26b716a1ce3d5ce1a2dc3
T2690,training,0.0202,-0.0182,0.00000000,0.0202|-0.0182,1,4970,train,0.05190072,0.05190072,3ee5809b592fb2dd8eea3968b7753123038f16ff323049842695424ffdaf1121
T2691,training,0.0202,-0.0175,0.00000000,0.0202|-0.0175,1,4600,train,0.42352204,0.42352204,53762147b652009150d6b53b926b7991cdbe3e957023c913edb14a6c3ab06e23
T2692,training,0.0202,0.0175,0.00000000,0.0202|0.0175,1,5572,train,-0.42352204,-0.42352204,68685a6905816a5bc74396c0faebfe323e05672788ef8c7e3154ce31b67e03eb
T2693,test,0.0202,0.0182,0.00000000,0.0202|0.0182,1,5186,train,-0.05190072,-0.05190072,f6d5a251228dd1fe47adc1f57b131c345800de07fb78ad83d8af15e97dc0a522
T2694,training,0.0202,0.0198,0.00000000,0.0202|0.0198,2,5241;5246,train,-0.08693777,-0.08640823,043ff365e2a231cabc843da707b4a3dd08eb9d7a75a4a9da1039505906cd0223
T2695,training,0.0204,-0.0211,0.00000000,0.0204|-0.0211,1,8659,train,-0.14755593,-0.14755593,2e5a307f95d546bf16d27ec5d76159cde26b6caeee809493e1934c90214cd6b2
T2696,training,0.0204,-0.0210,0.00000000,0.0204|-0.0210,1,8664,train,-0.13991974,-0.13991974,9db12f6daa27ffff01bad616a5d8e32d330c8cb6b88aab190c536e56650ddbc3
T2697,validation,0.0204,-0.0082,0.00000000,0.0204|-0.0082,1,4668,val_iid,0.39322269,0.39322269,da1b9fff56d98351a14f6eb2da0d41887dda60a23d70a31a92a4eccd30838be5
T2698,training,0.0204,0.0082,0.00000000,0.0204|0.0082,1,5532,train,-0.39322269,-0.39322269,a0fe57216e004bf7c4c5a40a2249cec676937e192b65413fbc241cfd1b994946
T2699,training,0.0204,0.0210,0.00000000,0.0204|0.0210,1,11742,train,0.13991974,0.13991974,653a869de3051fa76fd03516b0b68300ff88a3b725d4249974f30647ba6da256
T2700,test,0.0204,0.0211,0.00000000,0.0204|0.0211,1,11737,train,0.14755593,0.14755593,f9fcae0743bfef36ce56dcd66e9fa56791a5f6003aad673ed8fa3dd5d94723d9
T2701,training,0.0205,-0.0459,0.00000000,0.0205|-0.0459,1,8568,train,-0.09734064,-0.09734064,56239a6ecd6660a12ca16ed056e3491e35a7257e86a0b3910431fced22a9dd5f
T2702,training,0.0205,0.0459,0.00000000,0.0205|0.0459,1,11862,train,0.09734064,0.09734064,7126549a9518a80a7d15fa3cfc8f4c64fd30831482d59b8bdf44ded6f39a79e8
T2703,training,0.0206,-0.0209,0.00000000,0.0206|-0.0209,1,8270,train,-0.01390711,-0.01390711,c3ceb57258daf540cd36de1702687fed8b4b85fa14a036f98f17a272c4f01c07
T2704,training,0.0206,0.0209,0.00000000,0.0206|0.0209,1,11348,test_iid,0.01390711,0.01390711,8107183e308ef824fbec293a787698046e5bdf11f12304d6921968518bacbd13
T2705,training,0.0207,-0.0227,0.00000000,0.0207|-0.0227,1,8594,train,-0.05641081,-0.05641081,7aa08e605b62d899e75ac1664065cdc39912abf7d60e5e60e1f727db276238c8
T2706,training,0.0207,-0.0140,0.00000000,0.0207|-0.0140,1,5408,test_iid,-0.05606404,-0.05606404,433b5390725f401e12f2bb2faf0ee96bc27c57a4bb740e9fdacc490fc42b741e
T2707,training,0.0207,0.0000,0.00000000,0.0207|0.0000,1,5078,train,-0.00000000,-0.00000000,a83582be6b5d6fe00848d850b2af81d14e896e6ddbfd760a250cc3ea309a7507
T2708,training,0.0207,0.0140,0.00000000,0.0207|0.0140,1,4760,train,0.05606404,0.05606404,1198ce79882a9a86ceb5e23d52f2ed76446102bf534fe65697a71209762288f1
T2709,training,0.0207,0.0227,0.00000000,0.0207|0.0227,1,11780,train,0.05641081,0.05641081,c17c960e44e84f3aa0d65860fb18dea8477aec862973d00546ebade2269d5f2c
T2710,validation,0.0208,-0.0168,0.00000000,0.0208|-0.0168,1,4621,train,0.53351884,0.53351884,db5438be1311cf7e48786489bb6a2a2912b07f0a32c84e4108cee91d65abfc8c
T2711,training,0.0208,-0.0152,0.00000000,0.0208|-0.0152,1,5414,val_iid,-0.05099996,-0.05099996,66c7b913dae12897f2e212025400e69bebcfe7268c122570c0a9ff514cce68ba
T2712,validation,0.0208,0.0152,0.00000000,0.0208|0.0152,1,4766,train,0.05099996,0.05099996,da9941dfda6988482ac78625825c1fa6d02c57de48bba96189f69da86ab341b0
T2713,training,0.0208,0.0168,0.00000000,0.0208|0.0168,1,5593,train,-0.53351884,-0.53351884,6714d6f18a6fe7fb566458e95d85318d695012287326ae261d684bf6a3bebde9
T2714,training,0.0209,-0.0297,0.00000000,0.0209|-0.0297,1,8926,val_iid,-0.42704659,-0.42704659,026b8e084448c1eb798912d7081eec694a0dce6b760faaac6b1e9dd40eb88664
T2715,test,0.0209,-0.0226,0.00000000,0.0209|-0.0226,1,8216,train,0.01348844,0.01348844,f8d77c7cd76ec2858046af47592674ecd430bf304e4c150ba36391f5e1c19dfc
T2716,training,0.0209,-0.0206,0.00000000,0.0209|-0.0206,1,5300,train,0.01390711,0.01390711,3629036c5ad379d5495ce2c62118b63061739064f31121e9e8e643f3177c432e
T2717,training,0.0209,-0.0014,0.00000000,0.0209|-0.0014,1,5457,val_iid,-0.15123242,-0.15123242,73e83a12d860eea940a9c69349d20828edcaf17acf794ca8e15b0a6eaecf238c
T2718,training,0.0209,0.0014,0.00000000,0.0209|0.0014,1,4701,train,0.15123242,0.15123242,c1e4b46229fb2e4a019102be6d478f28b08db651902b83366fc5798a6be0d841
T2719,training,0.0209,0.0206,0.00000000,0.0209|0.0206,1,4868,train,-0.01390711,-0.01390711,2bb0f1d0112920cffac08ba060a028903c1f0a668ecefd864ed406881b284cc4
T2720,training,0.0209,0.0226,0.00000000,0.0209|0.0226,1,11402,train,-0.01348844,-0.01348844,17c4aa14a79b3fccf088eed94914218f01928d8c0bdfc69c7d81233aae030983
T2721,training,0.0209,0.0297,0.00000000,0.0209|0.0297,1,12220,train,0.42704659,0.42704659,24d88c7320231652120954fd48f9264649edaf00834afa11493315fbc8affdbd
T2722,training,0.0210,-0.1283,0.00000000,0.0210|-0.1283,1,8151,train,1.51967197,1.51967197,0b9cf87907d07437596a427be3e308e47ef58f33ecdd445e1e44c86be3fba955
T2723,validation,0.0210,-0.0272,0.00000000,0.0210|-0.0272,1,9007,val_iid,-0.72821873,-0.72821873,e0de1f06df201af659467e5959e531a9b0b29e9c0656b153c5d9e0e493b60478
T2724,training,0.0210,-0.0264,0.00000000,0.0210|-0.0264,1,8991,train,-0.65798194,-0.65798194,0ca0487289c571154b04172d4494594acb61ae4366e7f911d5a231ecfcbe73e1
T2725,training,0.0210,-0.0232,0.00000000,0.0210|-0.0232,1,8589,train,-0.05793324,-0.05793324,106f356ea19f54199f0c10c0e32e2df8a2d43effc7f1d166a0ee2efdd99d96cf
T2726,training,0.0210,-0.0204,0.00000000,0.0210|-0.0204,1,4938,test_iid,0.13991974,0.13991974,4d9260c74898407ba30eeab50ad165d2d7f62278a619fe3f1f879a600b3bd89c
T2727,validation,0.0210,-0.0184,0.00000000,0.0210|-0.0184,1,5364,test_iid,-0.01868668,-0.01868668,ce992f6422030536f125d6e98281bcb9c33ceb985f08b80e788aed1ee15c8881
T2728,validation,0.0210,0.0184,0.00000000,0.0210|0.0184,1,4824,train,0.01868668,0.01868668,da7e6fa77b75282eaf0c624115ec864bbb09d8a0d27c4239623aa11d1c3fee02
T2729,test,0.0210,0.0204,0.00000000,0.0210|0.0204,1,5262,test_iid,-0.13991974,-0.13991974,fa7d7c71852d6eb8c641840fa63a9061cc76fc50923cb8e5092323388f7c1716
T2730,training,0.0210,0.0232,0.00000000,0.0210|0.0232,1,11775,train,0.05793324,0.05793324,13bc77d3eb4284d480f31274f34357885d7df409297b481f51e3bd625405c478
T2731,validation,0.0210,0.0264,0.00000000,0.0210|0.0264,1,12177,train,0.65798194,0.65798194,ce073debc74e9ec2c03dbd9f2715402990deaa1f95da77b831fa8bd4b8041520
T2732,validation,0.0210,0.0272,0.00000000,0.0210|0.0272,1,12193,train,0.72821873,0.72821873,d3a5dabb6949457820d9c8478e5551cf0d913bdda4e6ca079a1fd6baf669d708
T2733,test,0.0210,0.1283,0.00000000,0.0210|0.1283,1,11553,test_iid,-1.51967197,-1.51967197,ed515e0a41bac0b9a25150a3d41001b5079b62b0d21cf168a8912dc8b2333a65
T2734,test,0.0211,-0.0437,0.00000000,0.0211|-0.0437,1,8937,train,-0.86536421,-0.86536421,fb57f30a20e9c2f8744d7281bf6865a8a9027bc493f2b1c9175467315cdd110c
T2735,training,0.0211,-0.0228,0.00000000,0.0211|-0.0228,1,8211,train,0.01238339,0.01238339,47479ba5991080c0aea827b81e9fc9b6f8fbdac67e4239717c9f5a8dced03d51
T2736,training,0.0211,-0.0204,0.00000000,0.0211|-0.0204,1,4933,train,0.14755593,0.14755593,4797f4e8acd81aad016adf19b53831cf6b5050ee6a36034730af0829515d2543
T2737,training,0.0211,0.0204,0.00000000,0.0211|0.0204,1,5257,train,-0.14755593,-0.14755593,913f9bf7bae7f7726b6f8ffe5152d5079553478ebf4e0f09154e4c0cc855104f
T2738,training,0.0211,0.0228,0.00000000,0.0211|0.0228,1,11397,train,-0.01238339,-0.01238339,2da783af470addfe7cbea735a98c54e140c99eb63f3c0e713a0eac13a3d3f1a9
T2739,training,0.0211,0.0437,0.00000000,0.0211|0.0437,1,12231,train,0.86536421,0.86536421,015a9cc7f4c47b640ea9be2a6e92f1c3cc7c694c01c101dd0f3fdb4466cf01e7
T2740,training,0.0212,-0.0526,0.00000000,0.0212|-0.0526,1,8948,train,-1.10315770,-1.10315770,c6d913be6869193ac35b1695be84b24c107c1c6cd858d80c15d93a0f5d4ac5cc
T2741,test,0.0212,-0.0182,0.00000000,0.0212|-0.0182,1,4606,train,0.41963684,0.41963684,fbec4da4106c611a3fc09519708a21ebf22a0131928cf48d303dd71bacda1008
T2742,training,0.0212,0.0182,0.00000000,0.0212|0.0182,1,5578,train,-0.41963684,-0.41963684,b95f4df05c581100d13534628bbb8618f0ef3ec25355b7ef400762c268f4443e
T2743,validation,0.0212,0.0526,0.00000000,0.0212|0.0526,1,12242,test_iid,1.10315770,1.10315770,cdadd6d1a3863ae51f1ddf24f1428f6460ae834f32dac1745eacc2ad7797c52c
T2744,training,0.0213,-0.0420,0.00000000,0.0213|-0.0420,1,8942,train,-0.81995846,-0.81995846,6915748c88a9a68f627dac393c9ae376dc20cdf9f7c508db5228983abab8cd8c
T2745,test,0.0213,-0.0216,0.00000000,0.0213|-0.0216,1,8265,train,-0.01541978,-0.01541978,ef36619af50b7487429f6cbec06799f362802eae0823c3f6d29d26e15b5f094e
T2746,training,0.0213,-0.0182,0.00000000,0.0213|-0.0182,1,4601,val_iid,0.43965137,0.43965137,8fd7bc99ad7e1090d515350ff9e2029d8fddfe8b6a3494c9bea80a1f9b73100a
T2747,training,0.0213,-0.0178,0.00000000,0.0213|-0.0178,1,4986,train,0.07597695,0.07597695,7f4ac2beab562f135a1f0d3206d5cec1cb894d3ef83846555054011a098d49a3
T2748,training,0.0213,-0.0085,0.00000000,0.0213|-0.0085,1,4663,train,0.40605379,0.40605379,45da0464aeb0f3b5907c062422716c130343ccbc69a1dc7871a2448df96c0528
T2749,training,0.0213,0.0085,0.00000000,0.0213|0.0085,1,5527,train,-0.40605379,-0.40605379,85005c8134e59e3a544ee61a456158ea24f2f89bc39daa0625d19173c5b9ed4c
T2750,validation,0.0213,0.0178,0.00000000,0.0213|0.0178,1,5202,val_iid,-0.07597695,-0.07597695,da99157fd83163576e0615795ded8067393c69365f275ecc7355b3b533b4bf8f
T2751,validation,0.0213,0.0182,0.00000000,0.0213|0.0182,1,5573,train,-0.43965137,-0.43965137,dcf360a4a56f182c2ba579c48433b064cb21ba983b0b0676830253b17bc86f5c
T2752,training,0.0213,0.0216,0.00000000,0.0213|0.0216,1,11343,train,0.01541978,0.01541978,4c1a5380a7224c7e12968fe4ba4c9b6bf998f5210d6d6ec683a6ec62e2cd6912
T2753,training,0.0213,0.0420,0.00000000,0.0213|0.0420,1,12236,train,0.81995846,0.81995846,4d1ff3161dc0ef89badce061b6859a88eb079bd12b05f90a646a8fe6b9d06de9
T2754,validation,0.0216,-0.0421,0.00000000,0.0216|-0.0421,1,8563,train,-0.07509303,-0.07509303,cd08a6b153b614bab64a99a64615355665a966d240315612334b234296d33629
T2755,training,0.0216,-0.0272,0.00000000,0.0216|-0.0272,1,9012,val_iid,-0.73628297,-0.73628297,3c430bc2bf109fc6ff2181855af6ccef3a9c77a1f04a8b23302e033c176b7d2c
T2756,training,0.0216,-0.0213,0.00000000,0.0216|-0.0213,1,5295,train,0.01541978,0.01541978,879312be42e79bb3baaa81c3149ed78f625cbb56fe4db96ecd5275cc69e60290
T2757,training,0.0216,-0.0144,0.00000000,0.0216|-0.0144,1,5403,train,-0.06023952,-0.06023952,3f8b4de580542e02454c5ec062823a08d4cb90a811e5bcd73ee20017daa521a3
T2758,training,0.0216,0.0144,0.00000000,0.0216|0.0144,1,4755,train,0.06023952,0.06023952,b1396ad754809b8917615d2e3b59d791aaa3ecb7dd342e09bb91829092e8edd0
T2759,training,0.0216,0.0213,0.00000000,0.0216|0.0213,1,4863,train,-0.01541978,-0.01541978,36b3a1cc2a2be79103082cfd674455f7345f96c83fada57f858ee0df087fb0cc
T2760,training,0.0216,0.0272,0.00000000,0.0216|0.0272,1,12198,train,0.73628297,0.73628297,26e9b6884815b613e61fc4acff1707ff238f12b0ed3949282498ed8743934c7a
T2761,validation,0.0216,0.0421,0.00000000,0.0216|0.0421,1,11857,train,0.07509303,0.07509303,e0a40c1aaa2ee86e648d1d56bcf92bc20f979959881c82f660c4eb4b52014621
T2762,training,0.0217,-0.0310,0.00000000,0.0217|-0.0310,1,8921,train,-0.44164312,-0.44164312,66e0ce18bb46463a3d0f2236da98c5fb4a5eaba83a53072b5b0ba95854cecce6
T2763,training,0.0217,-0.0142,0.00000000,0.0217|-0.0142,1,4659,val_iid,0.32194636,0.32194636,28ca772a397dc53ded92b92407053553fde3a186e7ecda8f5387fedfb6774b84
T2764,training,0.0217,0.0142,0.00000000,0.0217|0.0142,1,5523,train,-0.32194636,-0.32194636,85e0a97ce599e329b666003371d2bff80b71a31304537a0a2ba77b94a6085fd1
T2765,training,0.0217,0.0310,0.00000000,0.0217|0.0310,1,12215,val_iid,0.44164312,0.44164312,0bce0abb0b156c6ec30b1cad82d6e0de92fb948ecf4f195eda7190c16fc1e7c9
T2766,training,0.0218,-0.0222,0.00000000,0.0218|-0.0222,1,8654,train,-0.08801244,-0.08801244,b51886fb9875cbd0204a0fddf0eb9bedf9f44786d7f4df33241c23e45a23117a
T2767,training,0.0218,-0.0012,0.00000000,0.0218|-0.0012,1,5468,train,-0.13676203,-0.13676203,863c8e8d5a4e9bd6421c05e45284960fa64402b2b2d2d349fe5c45fd7f2dd15a
T2768,training,0.0218,0.0012,0.00000000,0.0218|0.0012,1,4712,train,0.13676203,0.13676203,88c00f40ea0c93fd2b937d245c88f5e54f5818ebc0b5ac36ab1993b454cf7632
T2769,training,0.0218,0.0222,0.00000000,0.0218|0.0222,1,11732,train,0.08801244,0.08801244,a2e9263701006e036624d8e8a1fbef3daaedde45306d8386c008a5702670bebf
T2770,training,0.0219,-0.0223,0.00000000,0.0219|-0.0223,1,8649,train,-0.09261937,-0.09261937,1cf7b61493a0b01421209ff9ec712865892934b875c62951600cd03518e131e5
T2771,validation,0.0219,-0.0186,0.00000000,0.0219|-0.0186,1,4607,train,0.42902123,0.42902123,cf81d3aad59416d1840a9748ecac1514b0bc7094efac19193ac2a337c8ebc598
T2772,training,0.0219,0.0186,0.00000000,0.0219|0.0186,1,5579,train,-0.42902123,-0.42902123,08476b2232b9977ab59e41e72091b853b3aec7a962d4af8212ccfa102f8f2734
T2773,test,0.0219,0.0223,0.00000000,0.0219|0.0223,1,11727,train,0.09261937,0.09261937,fa734d8f75383258be53d51b56d7563c175fd1ab17cc9f033117452a907c1bb9
T2774,training,0.0221,-0.0137,0.00000000,0.0221|-0.0137,1,5025,train,0.03233123,0.03233123,45ca9e955530b9ac9e71acc49c3932678eb5745e49a643f961ad0b285e4e497d
T2775,validation,0.0221,-0.0119,0.00000000,0.0221|-0.0119,1,5418,train,-0.08969058,-0.08969058,cd842f89fe756f3d7861140af208267807cf28b62163d8cf6c0b351e3d3abb97
T2776,training,0.0221,0.0119,0.00000000,0.0221|0.0119,1,4770,test_iid,0.08969058,0.08969058,4ad269f2b166a6bf1b5ea7fddab120fd2102cfa00a1d04328b075f2475f90b69
T2777,training,0.0221,0.0137,0.00000000,0.0221|0.0137,1,5133,train,-0.03233123,-0.03233123,47c184554e8232d9df7d112a0782017c14ebb225a5415b84d70508c2087b03b6
T2778,training,0.0222,-0.0218,0.00000000,0.0222|-0.0218,1,4928,train,0.08801244,0.08801244,182bd568c8ab71fdb93be99afc5e0e7cd0aa7a0d3d6ba6126897b3e216c17a8c
T2779,training,0.0222,0.0218,0.00000000,0.0222|0.0218,1,5252,train,-0.08801244,-0.08801244,c9e3f564a6f7ce59af0a89953e9d2096b7a124117f879dc1dcdd388a9143d377
T2780,training,0.0223,-0.0241,0.00000000,0.0223|-0.0241,1,8600,train,-0.05123605,-0.05123605,9f883c7adf0be84882943c37d0ac5b1af9cbbb9559fe69a3370bcfee2165ae57
T2781,test,0.0223,-0.0219,0.00000000,0.0223|-0.0219,1,4923,train,0.09261937,0.09261937,fccb3be2cfacd2dd2dd60b329138c17aea4841e8738084c1b6852613db0cc27d
T2782,training,0.0223,-0.0012,0.00000000,0.0223|-0.0012,1,5463,train,-0.14514553,-0.14514553,3b2174de3e8412218feb4998a407503a01d8fa7e603256a065d22bdb834f3449
T2783,training,0.0223,0.0012,0.00000000,0.0223|0.0012,1,4707,train,0.14514553,0.14514553,4fdc0e95fe74f2c87cc49aa16a19edb196a35bdffc21412bcd49f5a1de0d9bcd
T2784,training,0.0223,0.0219,0.00000000,0.0223|0.0219,1,5247,test_iid,-0.09261937,-0.09261937,acdcb3df5f8bc411ad7f32d40489ebf92db6b950dce1e721125dbdc843fe238e
T2785,test,0.0223,0.0241,0.00000000,0.0223|0.0241,1,11786,train,0.05123605,0.05123605,ff82dc08b67833e0349a25a40516aa6d74be5c2e76f6d361cb90b3fa5f2b941a
T2786,training,0.0224,-0.0440,0.00000000,0.0224|-0.0440,1,8943,train,-0.86291586,-0.86291586,22e5dc5e0f700a93bcf4a7a7666c24a23fbe001a23b05c71292ce2efbba093cd
T2787,training,0.0224,-0.0288,0.00000000,0.0224|-0.0288,2,8986;8987,train;test_iid,-0.71005303,-0.71005303,2b69716c03fd7476149c5ec83bc53daf428bba509d0c7d552655b140da571db1
T2788,training,0.0224,0.0288,0.00000000,0.0224|0.0288,2,12172;12173,train,0.71005303,0.71005303,093af1cccb2405ab2889c66658ec30dbaa32ccf8b7cceb11dc3808f08b18b335
T2789,training,0.0224,0.0440,0.00000000,0.0224|0.0440,1,12237,train,0.86291586,0.86291586,b87190d7732b2018b72881061f04bf1be548ccd861cbd1dc8d66736db3cb6b43
T2790,training,0.0225,-0.0330,0.00000000,0.0225|-0.0330,1,8536,train,-0.04774556,-0.04774556,ca67836dc0120f4c844352171d3a28eee84041413b0672198be8e043d424ad9f
T2791,training,0.0225,0.0330,0.00000000,0.0225|0.0330,1,11830,train,0.04774556,0.04774556,8005eb872219d2cccb75be4aa479e421af6cadb47a8cf7e122b59b1e7e86e397
T2792,training,0.0226,-0.0625,0.00000000,0.0226|-0.0625,1,8949,train,-1.26647956,-1.26647956,a15691dcd7e259be61d40d75c39cee38ed9a1333772825a4bd5abf399d37de7e
T2793,training,0.0226,-0.0209,0.00000000,0.0226|-0.0209,1,5354,train,-0.01348844,-0.01348844,1fb2c879d0b8ab7ba61258b9e98d7a63d5a4746cd988761eecff161755f7c8aa
T2794,training,0.0226,0.0209,0.00000000,0.0226|0.0209,1,4814,train,0.01348844,0.01348844,bd1c410181cf5bd07873634c5dbeaa8fa4637f4d2c7e7c49e0064bb6e380d6e2
T2795,training,0.0226,0.0625,0.00000000,0.0226|0.0625,1,12243,val_iid,1.26647956,1.26647956,29a513a51b776b1dd9d8774b1ac5bb115197d34f3222978c9526b43fec977957
T2796,validation,0.0227,-0.0244,0.00000000,0.0227|-0.0244,1,8222,train,0.01214275,0.01214275,cf65136fcc718486b7d45a79b8083c730367a1fdfdb6600e0b409e91a6a145f2
T2797,validation,0.0227,-0.0207,0.00000000,0.0227|-0.0207,1,4976,train,0.05641081,0.05641081,ce2fa50bc96e18ebb500a16755adc7bbfa0bd88090f8c7f9557fb23449f0e030
T2798,validation,0.0227,0.0000,0.00000000,0.0227|0.0000,1,5084,train,0.00000000,0.00000000,cfcb00c42e584a9b99d96147b14a636bb523d9f38fd636499f4fc4d3f7c80941
T2799,training,0.0227,0.0207,0.00000000,0.0227|0.0207,1,5192,train,-0.05641081,-0.05641081,170b7921362ad02c798a2a75e1b868baa9f9741e1ee09d3238ba40ae0265a606
T2800,training,0.0227,0.0244,0.00000000,0.0227|0.0244,1,11408,train,-0.01214275,-0.01214275,2cdfc2ef30b549556b859f8f9978c96fadd524c8437fa29a85b6574fa0c45f1d
T2801,validation,0.0228,-0.0651,0.00000000,0.0228|-0.0651,2,8950;8951,train,-1.26499030,-1.26499030,d1a3a7bdab66859dcc50a68bf34df99ae5b224598c48e66a284b053a39ee1874
T2802,training,0.0228,-0.0416,0.00000000,0.0228|-0.0416,1,8190,test_iid,0.18608000,0.18608000,b665de8bf6328270072fdfa8de85fe9e2612e68e690623f0e56b4b17d9499e52
T2803,training,0.0228,-0.0211,0.00000000,0.0228|-0.0211,1,5349,train,-0.01238339,-0.01238339,1d04d1813a1c3661e3c94d445f26a59bf8dd0dc9a5aacfe1d94965266f1b9992
T2804,training,0.0228,0.0211,0.00000000,0.0228|0.0211,1,4809,train,0.01238339,0.01238339,568ad73dd9747944e1c1daffe759068074a603d2914243727fac6c4f92f10733
T2805,validation,0.0228,0.0416,0.00000000,0.0228|0.0416,1,11484,train,-0.18608000,-0.18608000,e3e4def20bee33928be540da7f135a77dfb8d4b654f4703be318cd1d9d1d2478
T2806,validation,0.0228,0.0651,0.00000000,0.0228|0.0651,2,12244;12245,train,1.26499030,1.26499030,d1d7638c2a76e776687f44acb47dc3d8a5b56385d45733e61e9e03af7d5d2ec0
T2807,training,0.0229,-0.0293,0.00000000,0.0229|-0.0293,1,8997,train,-0.71653920,-0.71653920,7293e98332ff85a6966646385b4ac59ef8f2af75aeeb9abfaf1a3c3e47cecc2f
T2808,validation,0.0229,-0.0292,0.00000000,0.0229|-0.0292,2,8992;8993,train,-0.70380851,-0.70380851,cee84284a81293006961e293565a1d566b9f0fb7bd663ee0b1b87acb165da485
T2809,training,0.0229,-0.0264,0.00000000,0.0229|-0.0264,1,8610,test_iid,-0.08432636,-0.08432636,8cfa0a9818877761bdefe03d5d8995a7d3e9f97569bacdd69e6485230b39c0e3
T2810,training,0.0229,-0.0139,0.00000000,0.0229|-0.0139,1,5030,test_iid,0.03631831,0.03631831,0d7e7f3b4d2e6506baab90e1cbe372966c7830e76e3eeb66697a87e8e18b4c3c
T2811,training,0.0229,0.0139,0.00000000,0.0229|0.0139,1,5138,train,-0.03631831,-0.03631831,0a7a9235073c246372237df96da98705e286daf512d83058692a0fd375be6e2d
T2812,training,0.0229,0.0264,0.00000000,0.0229|0.0264,1,11796,val_iid,0.08432636,0.08432636,6ed6b42194e5c25253e5674fdfa90333c8508b7a8e9e4965fa0dfed25e078de8
T2813,training,0.0229,0.0292,0.00000000,0.0229|0.0292,2,12178;12179,train;val_iid,0.70380851,0.70380851,5752ee61879d760a10e1d15d84b2fb52b6e7a180da5b1b8a5999b850f985e688
T2814,test,0.0229,0.0293,0.00000000,0.0229|0.0293,1,12183,train,0.71653920,0.71653920,f4ba19160ca96151f41056f1fdce4d389a6a3bf9b1fd3f3d9e2cbb64358df64c
T2815,training,0.0231,-0.0296,0.00000000,0.0231|-0.0296,2,8998;8999,train,-0.72377232,-0.72377232,2aa0f1f7dba0f2984c18f54b2e3353b52a605abc7a61bf65c756573dec15c066
T2816,training,0.0231,-0.0174,0.00000000,0.0231|-0.0174,1,5415,test_iid,-0.05436720,-0.05436720,a689cd6a0d95c7b75452023a16702316e338b4099a5d7dd6f17f79b45496c1f3
T2817,training,0.0231,-0.0161,0.00000000,0.0231|-0.0161,1,5409,train,-0.05994881,-0.05994881,90227b62117cd57cae75fdefe85e3a66771fd208e7e2ad3d4eadc90fd9a4bfd2
T2818,training,0.0231,-0.0154,0.00000000,0.0231|-0.0154,1,5036,train,0.03255734,0.03255734,a318f006fceea27aa74b0e23646e8d9761b553c17e935748d21a58cab9ddc139
T2819,training,0.0231,0.0154,0.00000000,0.0231|0.0154,1,5144,train,-0.03255734,-0.03255734,686df18ad826b85af70f11d20055c57ac89457f4be6206bbebcb9af8e7a6c645
T2820,test,0.0231,0.0161,0.00000000,0.0231|0.0161,1,4761,train,0.05994881,0.05994881,f3980e3c6cabb3cbae3f425fa733b5f35c023b866d4d79851ffa7edabeb6723a
T2821,training,0.0231,0.0174,0.00000000,0.0231|0.0174,1,4767,train,0.05436720,0.05436720,bdc4497f5a0fec41fedb13a94d4d20f3b6e3de005e5f5f59b56bb54f38c78b0e
T2822,training,0.0231,0.0296,0.00000000,0.0231|0.0296,2,12184;12185,train,0.72377232,0.72377232,954c06ee7f058bce57cd7c6099b5e2fe72e20c3725dcbd16a9e5f49a37f3bff2
T2823,training,0.0232,-0.0608,0.00000000,0.0232|-0.0608,1,8954,train,-1.23702010,-1.23702010,6cd0f5fb0c4014d928c6c15d2c45032cc2e74c2b36974d1ee67218031add563c
T2824,training,0.0232,-0.0235,0.00000000,0.0232|-0.0235,1,8276,train,-0.02202887,-0.02202887,99a66baf49b27f042866c926a03c3eab92d8e15047c126bd8ac2aae47adec739
T2825,training,0.0232,-0.0210,0.00000000,0.0232|-0.0210,1,4971,train,0.05793324,0.05793324,b05a1440d69ac7b78abf717c033cee84750c0addc209f997d956d55291eb3010
T2826,training,0.0232,-0.0178,0.00000000,0.0232|-0.0178,1,4626,train,0.62635014,0.62635014,4faeb2db6298ac8961656bec22fecb5f2dc561b21175fe884d77b65ed3990275
T2827,training,0.0232,0.0178,0.00000000,0.0232|0.0178,1,5598,test_iid,-0.62635014,-0.62635014,1178da8a02b84fc3240ce97c229ada1dc2d9dc2af7c96dfb57876e86858cf0c8
T2828,training,0.0232,0.0210,0.00000000,0.0232|0.0210,1,5187,train,-0.05793324,-0.05793324,9ab7c5216e701926350a15a266aae23936423c0911bda9ca799231248c7cda11
T2829,training,0.0232,0.0235,0.00000000,0.0232|0.0235,1,11354,train,0.02202887,0.02202887,1cf0239554f994c7b47dea23c06a17a06e44e5b791cc24f1ec916a9edc2d6ae5
T2830,training,0.0232,0.0608,0.00000000,0.0232|0.0608,1,12248,train,1.23702010,1.23702010,c4e301c9891349e9ccda7afaf277ed95c93e26e68ca01377131e2c91585771b9
T2831,training,0.0233,-0.0271,0.00000000,0.0233|-0.0271,1,8605,train,-0.08984258,-0.08984258,a7ca3a2696e53d4831b83506462ee24b065b4e0d1bd403ceaae0936216c00f92
T2832,training,0.0233,0.0271,0.00000000,0.0233|0.0271,1,11791,train,0.08984258,0.08984258,294232358f9bc6a0b401a5ed32585dc9cf93a5829910d29c959968191a3bc4bc
T2833,test,0.0234,-0.0658,0.00000000,0.0234|-0.0658,1,8955,train,-1.31671054,-1.31671054,ed24ac7b6f54386705490965c01c827e4010654d57dcfc3849ef0427de7cdd83
T2834,training,0.0234,-0.0404,0.00000000,0.0234|-0.0404,1,8185,train,0.12192075,0.12192075,ca924aa7d277f982d9f54b934bd6f1462ec959ecbf054ee159b8c063ac2c42fe
T2835,training,0.0234,-0.0295,0.00000000,0.0234|-0.0295,1,9013,train,-0.80365295,-0.80365295,62e5a40e01369fdc42385aa042f07a35593c2117039759b826e7821a3d797fc6
T2836,training,0.0234,-0.0191,0.00000000,0.0234|-0.0191,1,4616,train,0.60747734,0.60747734,454aa904c4f06c0b5010a08aee6f26a001e2eb8493c18e9dc95311b60de59390
T2837,validation,0.0234,0.0191,0.00000000,0.0234|0.0191,1,5588,train,-0.60747734,-0.60747734,d97f3846b515febf67ceb6fb7f6bce6eddc5d603aba585469afdd034ec1de8c3
T2838,validation,0.0234,0.0295,0.00000000,0.0234|0.0295,1,12199,train,0.80365295,0.80365295,dc70b957de5483798d7883eb51198b360926fbd95192f1359246baea4f551270
T2839,validation,0.0234,0.0404,0.00000000,0.0234|0.0404,1,11479,val_iid,-0.12192075,-0.12192075,d14331afd48950d8e6cdf2dadd88b5a5f92a28cf9fc16108a1ffed5239fc7bd5
T2840,training,0.0234,0.0658,0.00000000,0.0234|0.0658,1,12249,train,1.31671054,1.31671054,a77fa7f10d0e21811516888f9d36c296888ef7f6670bea37545aa238bab6b75d
T2841,training,0.0235,-0.0232,0.00000000,0.0235|-0.0232,1,5306,train,0.02202887,0.02202887,69960684f8a3f0b27c89bcb80572d5ea34d2f89ea0d5e586f97659349a3c7372
T2842,training,0.0235,-0.0109,0.00000000,0.0235|-0.0109,1,5040,train,0.04471322,0.04471322,b56bab2b2d157d7903a91a122e4750e67267c2548e323b1304afc17801c73f51
T2843,training,0.0235,0.0109,0.00000000,0.0235|0.0109,1,5148,train,-0.04471322,-0.04471322,28e0e502ec25ad61fef85dbae934c362b51b61b0e4119f3af9f3b5b1e70023ff
T2844,training,0.0235,0.0232,0.00000000,0.0235|0.0232,1,4874,test_iid,-0.02202887,-0.02202887,4f584725d75297a3ebde3c533b19d2c4d402db98f9a457d8aea29e8e889eb70b
T2845,training,0.0236,-0.0258,0.00000000,0.0236|-0.0258,1,8595,val_iid,-0.06378122,-0.06378122,3d95dc3eae89c289625f32cee03b3f07c2c69b8c9f57cef9076f6590ec0397d4
T2846,training,0.0236,-0.0254,0.00000000,0.0236|-0.0254,1,8217,train,0.01321902,0.01321902,4b92cec987b79c6d9e16935520b0043d70f7d06e84b47537e52128caedbcdf6c
T2847,training,0.0236,-0.0105,0.00000000,0.0236|-0.0105,1,4674,train,0.45145639,0.45145639,ba75de7532afe5f17a9baaf76e5234b11212919e1cc049d670f3bfd0af49537e
T2848,training,0.0236,0.0000,0.00000000,0.0236|0.0000,1,5094,train,-0.00000000,-0.00000000,046a0d8bbb7faa4d0ee67404740ce2b1b88006e31772d31e31e296734affa7d9
T2849,training,0.0236,0.0105,0.00000000,0.0236|0.0105,1,5538,val_iid,-0.45145639,-0.45145639,20d8af5ce6fe0a7ae8eedcab7c03c9473595be2159ae7eedf9cd17e779ee0b1c
T2850,training,0.0236,0.0254,0.00000000,0.0236|0.0254,1,11403,train,-0.01321902,-0.01321902,9d08f08b190ecb395b955df8f738ea2e33e509be9f958dc731b9f37c169d84f8
T2851,training,0.0236,0.0258,0.00000000,0.0236|0.0258,1,11781,train,0.06378122,0.06378122,7ad04fa864408a0425e41832345edf26b19a04b54327074f098583948c32d4ad
T2852,training,0.0237,-0.0682,0.00000000,0.0237|-0.0682,2,8956;8957,train;test_iid,-1.39533387,-1.39533387,9e588f414f4fb2104745d2ef0ff837997e07238a6f7c500c246d675f7aae03a3
T2853,validation,0.0237,-0.0327,0.00000000,0.0237|-0.0327,1,8158,train,0.08347019,0.08347019,e3bf4d0bbba15ad366b1e2a0bd58d2a983ad57e5b381e848d39bd3477cce31f6
T2854,training,0.0237,-0.0265,0.00000000,0.0237|-0.0265,1,8227,train,0.01952059,0.01952059,3e003961d165be4b05f25cb7b29463fb472f3a6ce3db4b0c8ff7fdc47dda0ebe
T2855,test,0.0237,0.0265,0.00000000,0.0237|0.0265,1,11413,train,-0.01952059,-0.01952059,fccdf5b4d365b3edab2e466bd24e41175815bc2b89937050d8a8f56ef64f211d
T2856,test,0.0237,0.0327,0.00000000,0.0237|0.0327,1,11452,train,-0.08347019,-0.08347019,fc151db3699b057d1295822d601c5b883a6d64786cdc623f923df825bb3d47c7
T2857,training,0.0237,0.0682,0.00000000,0.0237|0.0682,2,12250;12251,train,1.39533387,1.39533387,397fcd8831c64ea3e31620962de0b225983b723fbef4d0561517eeeb751c1bc3
T2858,training,0.0238,-0.0241,0.00000000,0.0238|-0.0241,1,8271,train,-0.01810230,-0.01810230,0cb6910ad534a9e22df8111d20b8b2d784190dcfe12b108c77ca9e9905296af0
T2859,training,0.0238,-0.0191,0.00000000,0.0238|-0.0191,1,4610,train,0.61970707,0.61970707,52c032d06d5b7f89643d024191b44184cf1a8daa7b47f1b7abadb8eeb8400d10
T2860,validation,0.0238,0.0191,0.00000000,0.0238|0.0191,1,5582,val_iid,-0.61970707,-0.61970707,dbced9f0e02e42d4f6251201bf1e06aa5ac11697531b53f52c4852bbf42ab29a
T2861,test,0.0238,0.0241,0.00000000,0.0238|0.0241,1,11349,train,0.01810230,0.01810230,f6ea01f926f8e1fb0fda9d54e80d2d30b088710892b43cba2e4f2b691a928dba
T2862,training,0.0239,-0.0331,0.00000000,0.0239|-0.0331,1,8927,train,-0.45781288,-0.45781288,3e64253f3049e561fc6511f3c118f84f094168f561d41a5cb22a4443029e6806
T2863,training,0.0239,-0.0243,0.00000000,0.0239|-0.0243,1,8655,train,-0.09569942,-0.09569942,4ac20195e01bb869c641c67e708c710777b3ee0a9eb1b9f449ff1fef9a50bcb8
T2864,training,0.0239,0.0243,0.00000000,0.0239|0.0243,1,11733,train,0.09569942,0.09569942,924a483eae244246e62ebba17b5b62ab1675f650885fe18692e1a8abac4651d8
T2865,training,0.0239,0.0331,0.00000000,0.0239|0.0331,1,12221,test_iid,0.45781288,0.45781288,b00ea3e999730dab5e5ef039f74b36ab9a614109b0c74c5a7479770f174a906b
T2866,training,0.0240,0.0000,0.00000000,0.0240|0.0000,1,5079,train,0.00000000,0.00000000,b633ee984c39ff986d13825d91a631535ffdd0f08b7b910bc0d47149d0a2720a
T2867,training,0.0241,-0.0247,0.00000000,0.0241|-0.0247,1,8670,train,-0.14251333,-0.14251333,3dddee567060f7391b5dee2af713e82200c0286249ffe4362fd678460ff95354
T2868,training,0.0241,-0.0238,0.00000000,0.0241|-0.0238,1,5301,train,0.01810230,0.01810230,03d6a38043231834ebd959a93f90770f74d644933968122a759823a9e7935ac2
T2869,validation,0.0241,-0.0223,0.00000000,0.0241|-0.0223,1,4982,train,0.05123605,0.05123605,dd55e0665280fe909335f1923b2be5d62a4a22c1bd14488ae65e3130e97fb0bd
T2870,training,0.0241,-0.0012,0.00000000,0.0241|-0.0012,1,5469,train,-0.14475426,-0.14475426,3544bdbb0ac749bbfdd983d6b45e416aa5c9081f9b38b8424cc16c16b1485ed5
T2871,training,0.0241,0.0012,0.00000000,0.0241|0.0012,1,4713,train,0.14475426,0.14475426,4fc22942e12e185809b0a135eaf2c49f1aeda49e44d4fd5b494718b8573202bf
T2872,training,0.0241,0.0223,0.00000000,0.0241|0.0223,1,5198,train,-0.05123605,-0.05123605,0f7cdc0adaf1a69eceee3f3d7f29c1a2762d587662e4305435121978718b44e2
T2873,training,0.0241,0.0238,0.00000000,0.0241|0.0238,1,4869,train,-0.01810230,-0.01810230,6e28d3b374fbaf99bfdaa3fc6c47d5d7630ebab943f6067bc374c168285fa43d
T2874,training,0.0241,0.0247,0.00000000,0.0241|0.0247,1,11748,train,0.14251333,0.14251333,b389a92a97853a261dd0e032873e61a45e2cf5cafafae8608d071f7c5f419f59
T2875,training,0.0242,0.0000,0.00000000,0.0242|0.0000,1,5090,train,0.00000000,0.00000000,7dcfab8a1782b67d978f2a58be10d198c37b1cc4bf448495997f7220d2925eb4
T2876,test,0.0243,-0.0272,0.00000000,0.0243|-0.0272,1,8232,train,0.02146537,0.02146537,f6351e8347a8fc0017a351408dc57e702b847a2541bdd6acb0209c161824aaba
T2877,training,0.0243,-0.0239,0.00000000,0.0243|-0.0239,1,4929,train,0.09569942,0.09569942,aac284bcf39f0f1a82c8ff0a8bae0b252f29e706d3372d629ffadba45af33382
T2878,training,0.0243,0.0239,0.00000000,0.0243|0.0239,1,5253,train,-0.09569942,-0.09569942,9222392658bc1ef6ac00d2fa59c8c2c709aa923978b54238cfe001f92c6d3c2a
T2879,training,0.0243,0.0272,0.00000000,0.0243|0.0272,1,11418,val_iid,-0.02146537,-0.02146537,866e3644703d364944c05005ece3ad9a3446fec6dc625a79f79de3a99bda957e
T2880,training,0.0244,-0.0323,0.00000000,0.0244|-0.0323,1,9002,train,-0.85677545,-0.85677545,32466a1f1bc4cfc54eb4beb29e194a246a23bbab60beb63495d74df3c4752474
T2881,training,0.0244,-0.0251,0.00000000,0.0244|-0.0251,1,8665,train,-0.16019970,-0.16019970,bacacb120ecb6bdbf899d8976397fc8b53f319a71559771c30a6804775b8ffd1
T2882,training,0.0244,-0.0227,0.00000000,0.0244|-0.0227,1,5360,val_iid,-0.01214275,-0.01214275,ca843ac772b9bdc9bc3283b7c1af9c0a97677fefc7bf78daa3dec74d3050d42b
T2883,validation,0.0244,-0.0198,0.00000000,0.0244|-0.0198,1,4622,test_iid,0.62433386,0.62433386,e233af13a1e324f036d26bc76e53bc1b5c561a898e50b942e90543e10767b180
T2884,training,0.0244,0.0198,0.00000000,0.0244|0.0198,1,5594,train,-0.62433386,-0.62433386,06a086e5b278451fe2cbdec2cdaa47f4985636de07bd8480a83f2d73321979de
T2885,validation,0.0244,0.0227,0.00000000,0.0244|0.0227,1,4820,train,0.01214275,0.01214275,de9ad967c9bee6dae13d287c3dc34477828f6b753c94526ec7c1a39d23cf0a70
T2886,test,0.0244,0.0251,0.00000000,0.0244|0.0251,1,11743,train,0.16019970,0.16019970,f4663e6aa73f4d4b3188f4b343f6e4d50df7f8535d6a0ab2860b09d5b76ca4c4
T2887,training,0.0244,0.0323,0.00000000,0.0244|0.0323,1,12188,train,0.85677545,0.85677545,23a81a85eec23b756e3cff917e059a2841cb4a4d7c98d23d132fdc1d453e1ce4
T2888,training,0.0245,-0.0681,0.00000000,0.0245|-0.0681,1,8960,test_iid,-1.38416153,-1.38416153,8d1a19d9107d95adfef9af0cdf8467004e72445927fc5a6819a2500c48f8a266
T2889,training,0.0245,0.0681,0.00000000,0.0245|0.0681,1,12254,train,1.38416153,1.38416153,0e7b14f421d2dcdc04031b5fcf0b8f1857b1e41d47e3dc940f92bb2278acdd10
T2890,training,0.0246,-0.0696,0.00000000,0.0246|-0.0696,2,8962;8963,train,-1.41316419,-1.41316419,5e32c49951984b4e15f6213e263c95e2bdcf466ecae2824c5713f37c0b77ba9b
T2891,training,0.0246,-0.0689,0.00000000,0.0246|-0.0689,1,8961,train,-1.39854635,-1.39854635,1a0993bc685ad13d50a68b2bfbc4d05151d9368d6094a9a6e6657311e9bd2e7e
T2892,training,0.0246,-0.0326,0.00000000,0.0246|-0.0326,1,9003,train,-0.86545196,-0.86545196,c5de4a3f55bedcc51d40e2c531e70eff4cb0f804b8ff6027c2ae58dcc45642e8
T2893,training,0.0246,-0.0250,0.00000000,0.0246|-0.0250,1,8286,train,-0.01832568,-0.01832568,1c3436ff4233b45e7ee70b39fb971f968b6379205e27961f05620a24afdddb59
T2894,validation,0.0246,-0.0029,0.00000000,0.0246|-0.0029,1,5478,train,-0.26350496,-0.26350496,db5c50b737f39d5da397d78ef00ed269529eade031e7f1675f859a66b4b63b1f
T2895,training,0.0246,0.0029,0.00000000,0.0246|0.0029,1,4722,test_iid,0.26350496,0.26350496,019c6727d6c55dc0fdd6f610f1e66ee0c4387fe5991ae309fbd29daf0d797a1f
T2896,training,0.0246,0.0250,0.00000000,0.0246|0.0250,1,11364,train,0.01832568,0.01832568,7af121b31af672e05d3dc7d2896a0825fa3e2f7749b407f62db167f14a0bb7d0
T2897,test,0.0246,0.0326,0.00000000,0.0246|0.0326,1,12189,train,0.86545196,0.86545196,eee61ddd15d43d9d5e4abb46c188b783273d3ba2e3e7ed6300756fbe17ea0890
T2898,training,0.0246,0.0689,0.00000000,0.0246|0.0689,1,12255,train,1.39854635,1.39854635,969fda3309666e0230b3a2bbff084c80fcd84af7fadd9ae1c260e8fa85ae2a73
T2899,training,0.0246,0.0696,0.00000000,0.0246|0.0696,2,12256;12257,train,1.41316419,1.41316419,57bd2490cfa2cd0dcb5dc435369ae65e45074999e3eb5aaaadee2a6563a1de91
T2900,training,0.0247,-0.0241,0.00000000,0.0247|-0.0241,1,4944,train,0.14251333,0.14251333,c843bdce60228cb4604377bb62bec0b55ada5a6679a7f1390a4525ec4c737d75
T2901,training,0.0247,0.0241,0.00000000,0.0247|0.0241,1,5268,train,-0.14251333,-0.14251333,7de95b48d420d19d579d6726e36dfd5da46b1601a77ca37c87198a4c83d2a0ee
T2902,validation,0.0250,-0.0253,0.00000000,0.0250|-0.0253,1,8281,train,-0.01900401,-0.01900401,cd35b7a5d9bda35d442fb7c66b30e10501dc5889f05f51f497958bdb7abeb6bd
T2903,training,0.0250,-0.0246,0.00000000,0.0250|-0.0246,1,5316,train,0.01832568,0.01832568,a1989d62ec56221b465455cbcfa5f9225c4f1555e23ab70e6161852938517219
T2904,training,0.0250,0.0246,0.00000000,0.0250|0.0246,1,4884,train,-0.01832568,-0.01832568,8aeb8c8cce24da287bb6adfae5daf29cc161c0ea2823979e321cc97acd3bfa16
T2905,training,0.0250,0.0253,0.00000000,0.0250|0.0253,1,11359,train,0.01900401,0.01900401,9582dd74756cb0c8a5a77f8c168a977d05bddd58473fbaa05010b1d82f453f21
T2906,training,0.0251,-0.0270,0.00000000,0.0251|-0.0270,1,8601,train,-0.05972147,-0.05972147,5292562ee42bcbcd6d7e5ec506a5fb92d98fa1df4f100eba7fc13e529b1f2436
T2907,training,0.0251,-0.0244,0.00000000,0.0251|-0.0244,1,4939,train,0.16019970,0.16019970,4b0d1e2abac1093cfb5e34a07310c73ad6a54e2d1b3edf88b31bd415670286c7
T2908,test,0.0251,0.0244,0.00000000,0.0251|0.0244,1,5263,train,-0.16019970,-0.16019970,eadba276f4d17e8f94a635998ebf24813090239c653c24423631c50ce91314d5
T2909,training,0.0251,0.0270,0.00000000,0.0251|0.0270,1,11787,train,0.05972147,0.05972147,5a44871f404878b22b0ec1c09002ed1be4ce3a689fd43601ef2cc377641fc2c5
T2910,training,0.0252,-0.0201,0.00000000,0.0252|-0.0201,1,4611,train,0.63868785,0.63868785,683d76450e41657d96fc0eb3dc4095d91359cfb72c19556329ad0de66f9dfc89
T2911,training,0.0252,0.0201,0.00000000,0.0252|0.0201,1,5583,train,-0.63868785,-0.63868785,232397ceb3726604ef74cd958f2bfe0d4c46c8f300ddb196b3d1c2fcd1a07b36
T2912,training,0.0253,-0.0362,0.00000000,0.0253|-0.0362,1,8537,train,-0.05180848,-0.05180848,6bda37a9babf981964e493d0ad823c4e7553023c5d377c58c3b933d7afdc4b22
T2913,training,0.0253,-0.0250,0.00000000,0.0253|-0.0250,1,5311,val_iid,0.01900401,0.01900401,7fe0d3672b7a761e2110888786be5c9b90c96277a4b7470b655a165c489ba643
T2914,training,0.0253,0.0250,0.00000000,0.0253|0.0250,1,4879,train,-0.01900401,-0.01900401,61670e799f3c4d9a010effbcee04a052eceec981430d063454c104e41f477097
T2915,training,0.0253,0.0362,0.00000000,0.0253|0.0362,1,11831,train,0.05180848,0.05180848,4df900a5a4e9bcff128b16fa0bdf0a119ddc5048e89820103975b753f1be629f
T2916,training,0.0254,-0.0568,0.00000000,0.0254|-0.0568,1,8932,train,-1.08931575,-1.08931575,7c351a4348c9593014b21f91eee5dbd848c5dfcde1f292bc8720d0f1a87fd6ff
T2917,training,0.0254,-0.0236,0.00000000,0.0254|-0.0236,1,5355,train,-0.01321902,-0.01321902,7becf4d19c620ff05089a2d86deefb60f4a027a6100bb1235f40ed9d71085e19
T2918,test,0.0254,-0.0110,0.00000000,0.0254|-0.0110,1,4669,train,0.48321808,0.48321808,f5d765a57669c288bb04a7783013021abd34502b2f846f14275c2e6e65a9d737
T2919,test,0.0254,0.0110,0.00000000,0.0254|0.0110,1,5533,train,-0.48321808,-0.48321808,f2ecad98e49645b82fca3ff8a3c9bb2bff208914bff8f004630a0a9d984636e4
T2920,training,0.0254,0.0236,0.00000000,0.0254|0.0236,1,4815,train,0.01321902,0.01321902,101f7284e3beb1ce91d25ba122932db94554c4b185fc712bac1413f9b898aa2f
T2921,training,0.0254,0.0568,0.00000000,0.0254|0.0568,1,12226,train,1.08931575,1.08931575,301324a99ca9a57983ccda2ffa7f1ee105fd038d357c8262cccd2815d96a4c89
T2922,training,0.0255,-0.0571,0.00000000,0.0255|-0.0571,1,8933,val_iid,-1.08708110,-1.08708110,b5df9a7c9ef6184a7850967f68fdc00b64a44c5a12142eed56106d4169989364
T2923,training,0.0255,-0.0338,0.00000000,0.0255|-0.0338,1,8164,test_iid,0.07907943,0.07907943,2229855745d4acf641147957fa227a8205f41dc2e7533b873541e0b9a6259ce5
T2924,test,0.0255,0.0338,0.00000000,0.0255|0.0338,1,11458,train,-0.07907943,-0.07907943,f577874dae7c2c453569a88b24d8ce5f6d516bfffb7d3912b5cd640ccccee2da
T2925,training,0.0255,0.0571,0.00000000,0.0255|0.0571,1,12227,test_iid,1.08708110,1.08708110,40e6c5710cca59ab6ba9d2a46cde888355a7554dd1913597af44e7638c73c5a5
T2926,validation,0.0256,-0.0199,0.00000000,0.0256|-0.0199,1,4632,train,0.68687028,0.68687028,e1a61769e9d791fef0d2edb106f03b80987b73587d44500bbd2f136391647bfd
T2927,test,0.0256,-0.0196,0.00000000,0.0256|-0.0196,1,4627,train,0.68710982,0.68710982,ef92b424b23b6273b506aef196dafffe025eb94bff888b20b8894a421341d76a
T2928,training,0.0256,0.0196,0.00000000,0.0256|0.0196,1,5599,train,-0.68710982,-0.68710982,3508b077694de395286006a741e61b011ef0c61ab01e5b8b2263806db412d574
T2929,training,0.0256,0.0199,0.00000000,0.0256|0.0199,1,5604,train,-0.68687028,-0.68687028,42914c67a63442f8909dab1871ad84c47865eeecee898b7ef86c7853c337efd6
T2930,training,0.0257,-0.0375,0.00000000,0.0257|-0.0375,1,8542,train,-0.05680036,-0.05680036,55f4b586ac92c7643bc30b26761c2ca265f70b292e45a04551068999ea965bcd
T2931,training,0.0257,-0.0177,0.00000000,0.0257|-0.0177,1,5037,train,0.03592108,0.03592108,0bf62f1975259ff708f5e2056c3aa4369e19f4b3e1f80142d8111ee3ada19174
T2932,training,0.0257,-0.0161,0.00000000,0.0257|-0.0161,1,5031,train,0.03999756,0.03999756,36505b1dd39ee1be1a0df5661c86c02dbd6aaa630719a2ad2327183c96116fc7
T2933,training,0.0257,0.0000,0.00000000,0.0257|0.0000,1,5085,train,-0.00000000,-0.00000000,96a96bd207cb0e8dd39c4ef2be986a42c169b9d7f6e8e417a6357d0d30513b97
T2934,training,0.0257,0.0161,0.00000000,0.0257|0.0161,1,5139,train,-0.03999756,-0.03999756,3a83c293ad11f9fe836471430cd2e862556c7f98263ba65f2108c788bfb2c464
T2935,test,0.0257,0.0177,0.00000000,0.0257|0.0177,1,5145,train,-0.03592108,-0.03592108,e58913bf4640736288d472bb73d9b178c1660e3ad349e67c065c06c52bc6e424
T2936,training,0.0257,0.0375,0.00000000,0.0257|0.0375,1,11836,train,0.05680036,0.05680036,62b900bb7683447dd574ef3f79848248d5b518ff1ad18408d5fddc6cdfe50bdb
T2937,validation,0.0258,-0.0350,0.00000000,0.0258|-0.0350,2,9004;9005,train,-0.93509911,-0.93509911,cee25431525fd2727fa42126e9b3ff29910ee69c4c09464c68ef3658bb87ce8b
T2938,test,0.0258,-0.0236,0.00000000,0.0258|-0.0236,1,4977,train,0.06378122,0.06378122,f6a499d28093732862ff4ba387dacb91e070d1a20ee4e4f7707b9b6534931ffc
T2939,training,0.0258,0.0236,0.00000000,0.0258|0.0236,1,5193,train,-0.06378122,-0.06378122,47a1b5bd1b92f314afbf78478c7d9610269c1b02befbcffe36f4a2634a80d398
T2940,training,0.0258,0.0350,0.00000000,0.0258|0.0350,2,12190;12191,train,0.93509911,0.93509911,2cc988ffd8d838df9c476b638003b79d65d322a3ae16465484147fa3e0ea3493
T2941,training,0.0260,-0.0278,0.00000000,0.0260|-0.0278,1,8223,train,0.01184901,0.01184901,80bcd78be559b43cd4171d5c1f7a6d7516853627ff158c70d4eb822564d683e3
T2942,training,0.0260,0.0278,0.00000000,0.0260|0.0278,1,11409,train,-0.01184901,-0.01184901,7016a6e7234f960445c4e43ba8d9d2909f646e973bd2bd1205dc707fff9742a1
T2943,test,0.0261,-0.0567,0.00000000,0.0261|-0.0567,1,8569,train,-0.11464574,-0.11464574,f76486b4a35be7cb83092f9e8094bc875f789969359ce360ab58a32211a00f7c
T2944,validation,0.0261,0.0567,0.00000000,0.0261|0.0567,1,11863,train,0.11464574,0.11464574,e47a8321b3b59a3c4e2b572d15b86baa008c2301428b41b54d3d7351fa17221c
T2945,training,0.0262,-0.0265,0.00000000,0.0262|-0.0265,1,8277,train,-0.02667762,-0.02667762,90eb27628ba843358aa106dc3d651ded8953da26bed1dadfe16aaaf51a4a327b
T2946,training,0.0262,-0.0171,0.00000000,0.0262|-0.0171,1,4648,train,0.39957628,0.39957628,b4e929f78217a8d508a8ed45ac936dfac835a03c341e47098a7eb7aaa91b5c6a
T2947,training,0.0262,0.0171,0.00000000,0.0262|0.0171,1,5512,train,-0.39957628,-0.39957628,938139d0c9465691148099a20ebb7f19f39125919f5d220ff4bd3c3280cd3c66
T2948,training,0.0262,0.0265,0.00000000,0.0262|0.0265,1,11355,train,0.02667762,0.02667762,6dd08a51e1ce21bb2a3782fcaa53857c2d93d6e5bd91b015ff65d4289bc3c06e
T2949,training,0.0263,-0.0568,0.00000000,0.0263|-0.0568,1,8574,test_iid,-0.11751958,-0.11751958,7fae4b8d47b315d41f234fde20e14dd02abac0e8c3b007620893851c307c8127
T2950,training,0.0263,0.0568,0.00000000,0.0263|0.0568,1,11868,train,0.11751958,0.11751958,713cc606436f741d63ef2563951516a1f56dce6c70de8dee1bfccd9e83472ac5
T2951,training,0.0264,-0.0276,0.00000000,0.0264|-0.0276,1,8676,train,-0.22827091,-0.22827091,50cc27cefbadf45c440ddb3bbec6231cbb4017d072d27e230fac9feea929b52e
T2952,training,0.0264,-0.0229,0.00000000,0.0264|-0.0229,1,4992,train,0.08432636,0.08432636,7a4e62c3bfac0b93cc3dce3430c5b7f196392f4af04690dae514ef40efcf9418
T2953,training,0.0264,-0.0210,0.00000000,0.0264|-0.0210,1,4617,train,0.65798194,0.65798194,0718c10d63d14666083253af258f2d08e3d6a52d1a7ad11b86836b6efb475165
T2954,training,0.0264,0.0210,0.00000000,0.0264|0.0210,1,5589,train,-0.65798194,-0.65798194,4c43803c69177c9d953c21af3669174da95005c5c75f73e3fe680b69970ce44e
T2955,training,0.0264,0.0229,0.00000000,0.0264|0.0229,1,5208,train,-0.08432636,-0.08432636,92882a1905b9033e5dde55036ad542c61e03a1baccbd674cc3ad0bab56bd8b60
T2956,training,0.0264,0.0276,0.00000000,0.0264|0.0276,1,11754,train,0.22827091,0.22827091,3e2eaade6031058eb447ba0da3bc2485ddd3f60439e03818af72812e692c9ff8
T2957,training,0.0265,-0.0262,0.00000000,0.0265|-0.0262,1,5307,train,0.02667762,0.02667762,b65aaf7ea9f0c876ca9280cb416274aa6e179924feb1f3509dd4478a70a67fe8
T2958,training,0.0265,-0.0237,0.00000000,0.0265|-0.0237,1,5365,test_iid,-0.01952059,-0.01952059,b7af481a05ec3851c49610dcb112ca864b0e36d01a578054e43d0ba759190772
T2959,test,0.0265,0.0237,0.00000000,0.0265|0.0237,1,4825,val_iid,0.01952059,0.01952059,e92bb2aac55130d6cd4d803412c2ffc667447d1170ef5195d8ccbd73c98ebac6
T2960,training,0.0265,0.0262,0.00000000,0.0265|0.0262,1,4875,train,-0.02667762,-0.02667762,39d52f0a830d9754f3f212b602bd411742ca09473af4f68b4bb362e85079cc65
T2961,training,0.0266,-0.0599,0.00000000,0.0266|-0.0599,1,8939,train,-1.15389245,-1.15389245,c283a11eedf30952c90bd0b2935daa7f1162a24ed64ccc076ae5013612c419e8
T2962,training,0.0266,-0.0596,0.00000000,0.0266|-0.0596,1,8938,test_iid,-1.15016633,-1.15016633,397a1663e2a37d9af7c6294449b5239bf1eb84f296f0f9da1149d172fe224a65
T2963,training,0.0266,0.0596,0.00000000,0.0266|0.0596,1,12232,train,1.15016633,1.15016633,5809118bf674c7c94400bbc6f21b9f8d816d9f925c254580c28af9ebbdd74eec
T2964,test,0.0266,0.0599,0.00000000,0.0266|0.0599,1,12233,train,1.15389245,1.15389245,fcfd2f2a212a334ec85379a62dd5b894ba91d59ef022db70edda5a1ea93ddc4b
T2965,training,0.0267,-0.0362,0.00000000,0.0267|-0.0362,1,8159,train,0.09049966,0.09049966,64ee500182d8c47543a94dcf9cca5337f87ca60f7b9472b234fc4f2c955f0173
T2966,training,0.0267,0.0362,0.00000000,0.0267|0.0362,1,11453,val_iid,-0.09049966,-0.09049966,2c2cdbb4ac527a052e553bb76b57404167a1654588a7e05dcae4cb96e1ac8c82
T2967,test,0.0269,-0.0358,0.00000000,0.0269|-0.0358,1,9008,train,-0.95757480,-0.95757480,f3b8842f63be6da761b3eebc16cbbdae1d2d468ee0299df9396aa0372d82619e
T2968,training,0.0269,-0.0339,0.00000000,0.0269|-0.0339,1,8170,train,0.07457280,0.07457280,0dde953addaf5f85c29588842fd3e91dec3d0776f1e20239997dd9307bdd0aa0
T2969,training,0.0269,0.0339,0.00000000,0.0269|0.0339,1,11464,train,-0.07457280,-0.07457280,54e429f11a54dc76ea4d33692e8d4b3fd968ede47a3c02c770e824fcdd67cce7
T2970,training,0.0269,0.0358,0.00000000,0.0269|0.0358,1,12194,train,0.95757480,0.95757480,074cfcfa3aee3f5754dd4a323982b845d34d6faf1a721fdc2ee278081dc7db9d
T2971,training,0.0270,-0.0360,0.00000000,0.0270|-0.0360,1,9009,train,-0.96263599,-0.96263599,063bcc4894232a9a5c75c7f1d0c6fded689798f6fe49abd1d186ecfe342e2584
T2972,test,0.0270,-0.0251,0.00000000,0.0270|-0.0251,1,4983,train,0.05972147,0.05972147,f604767a6e3a4582454b24d39558605aa36643741ac8f70fcab87f1df3b68019
T2973,training,0.0270,0.0251,0.00000000,0.0270|0.0251,1,5199,train,-0.05972147,-0.05972147,3968f82e56674f8aed90d8df25535ba324d7d053afcd14c81d2fc37c263d714a
T2974,training,0.0270,0.0360,0.00000000,0.0270|0.0360,1,12195,val_iid,0.96263599,0.96263599,4e0a1d456a75e390ba50a7686b35527542cc5b47b946c16909b2622222cb7403
T2975,training,0.0271,-0.0362,0.00000000,0.0271|-0.0362,2,9010;9011,train,-0.96748528,-0.96748528,984dec32b8fa927488f773fc7f0d7dafb9c9f32ca09cc41822092ed46673cdcd
T2976,training,0.0271,-0.0233,0.00000000,0.0271|-0.0233,1,4987,train,0.08984258,0.08984258,1aa253adf2191871fff8a83724a23fa099c2151ddca62b67657a4d95588ec40e
T2977,validation,0.0271,-0.0031,0.00000000,0.0271|-0.0031,1,5473,train,-0.28860087,-0.28860087,d3b19a222820005e001ddc3497e4282913efcd641083a47ffbfcbd231813526f
T2978,validation,0.0271,0.0031,0.00000000,0.0271|0.0031,1,4717,train,0.28860087,0.28860087,e4d473f3c0dbe8a4a0f73990b46ca98db60cf6c2601dbc98dc24ac8c53091a21
T2979,test,0.0271,0.0233,0.00000000,0.0271|0.0233,1,5203,train,-0.08984258,-0.08984258,f47468e76b7591b14d6236efc5ec19310fde140d45f55cc790aa28cba0e3c15d
T2980,training,0.0271,0.0362,0.00000000,0.0271|0.0362,2,12196;12197,train;val_iid,0.96748528,0.96748528,91fae2178aad0472acb433b8d9493305757efa095daaa2cca86ebe7a4fada94b
T2981,training,0.0272,-0.1412,0.00000000,0.0272|-0.1412,1,8140,test_iid,1.69627880,1.69627880,263776cc11ec76099159fd18a3b368d3f72ffb55403a30e108d4a7ebae7945cd
T2982,training,0.0272,-0.0355,0.00000000,0.0272|-0.0355,4,9014;9015;9016;9017,train;test_iid,-0.94848555,-0.94848555,5f2aea4c833b4272384af5907a59362b5f754bc0e6d5ec92d4a3bb864ff0ff5b
T2983,training,0.0272,-0.0243,0.00000000,0.0272|-0.0243,1,5370,val_iid,-0.02146537,-0.02146537,4e2f40a7661f40b9468de582c6370fd1c862c4cd66ee799ddd7e0c563579d590
T2984,training,0.0272,-0.0216,0.00000000,0.0272|-0.0216,1,4638,train,0.73628297,0.73628297,32e002108297251672e147d2e0559a911b142c9eef4e7530d76773e8dfed4ce6
T2985,training,0.0272,-0.0210,0.00000000,0.0272|-0.0210,1,4633,test_iid,0.72821873,0.72821873,ac6f8bb95d931360df0325c09e2be6c15649bb948ddb2dcae575eedf2da8bd78
T2986,training,0.0272,0.0210,0.00000000,0.0272|0.0210,1,5605,train,-0.72821873,-0.72821873,32a976966234d56f6462acbbdcb7cea32ab0d0732d3547c205bf1f0f1b64f0e9
T2987,test,0.0272,0.0216,0.00000000,0.0272|0.0216,1,5610,train,-0.73628297,-0.73628297,e8f91c5c2fed7f1b34c33096769691db6c944c9edd4897207145810600dc10d2
T2988,training,0.0272,0.0243,0.00000000,0.0272|0.0243,1,4830,val_iid,0.02146537,0.02146537,43dc6c2adb9ce9b74d6bbd917193c23ed8cce520c1b69a4555aa1b722178ce6c
T2989,training,0.0272,0.0355,0.00000000,0.0272|0.0355,4,12200;12201;12202;12203,train;val_iid,0.94848555,0.94848555,199fbbfa85b4d8c91968c5fd41c707765e9b21ce5bd02d309374d93ba8feb2cd
T2990,training,0.0272,0.1412,0.00000000,0.0272|0.1412,1,11542,train,-1.69627880,-1.69627880,0e9f191692e34d597061c9b7ae8a475e2c486866607a610f61ef5f7c4ce1d3ee
T2991,training,0.0273,0.0000,0.00000000,0.0273|0.0000,1,5091,train,0.00000000,0.00000000,904bd2a7c508455baa65e999bedce36d1c791e66380dc6e64994fea803f5a891
T2992,training,0.0274,-0.1415,0.00000000,0.0274|-0.1415,1,8141,train,1.69611149,1.69611149,b61b828a66225ed9118ba9ceafc4f6843ee7e153fe9b067d957b5d54cbe2f5a0
T2993,training,0.0274,-0.0152,0.00000000,0.0274|-0.0152,1,5424,train,-0.09795586,-0.09795586,46a36e956184e70e7ad7b628988656d99be979da67d859c113577cf2d70b6691
T2994,validation,0.0274,0.0152,0.00000000,0.0274|0.0152,1,4776,train,0.09795586,0.09795586,d7dd09fd1b1dde2326705827ca447ea031f2a9150ec1cb1ab475055947677937
T2995,training,0.0274,0.1415,0.00000000,0.0274|0.1415,1,11543,train,-1.69611149,-1.69611149,bd67b68a382a677b89afbcf226a44bb56d8ef6699795335ab2333eda4709c5dd
T2996,training,0.0276,-0.0264,0.00000000,0.0276|-0.0264,1,4950,train,0.22827091,0.22827091,4bf6f15d78df421a7cfac8c234ad76572154205f57af5572593da078f5dca6e3
T2997,training,0.0276,0.0264,0.00000000,0.0276|0.0264,1,5274,train,-0.22827091,-0.22827091,1b45a08b96782db97d24cb1629fe837ddfbd2532ab19ce4055d9c109d38bdfe0
T2998,training,0.0277,-0.0374,0.00000000,0.0277|-0.0374,1,8548,train,-0.05433045,-0.05433045,20224b264d6c88d0df20a9fe545db1307d7fdb02181ffbb5b6003e0dffa128d6
T2999,training,0.0277,-0.0187,0.00000000,0.0277|-0.0187,1,4654,train,0.41135257,0.41135257,366279de2b21b74babc6aba9d99fbc5f522f1224a2b700dc7a08ba22fa47a7b7
T3000,training,0.0277,0.0187,0.00000000,0.0277|0.0187,1,5518,train,-0.41135257,-0.41135257,08737ee93b453efe7aaea6ddfbd91e8023f958575078a67fba36a47f4fbf2a19
T3001,training,0.0277,0.0374,0.00000000,0.0277|0.0374,1,11842,val_iid,0.05433045,0.05433045,ada47b66a46c8f045304f319f614436cd35883f1eb935e92d0e07839d7e8b57e
T3002,training,0.0278,-0.0260,0.00000000,0.0278|-0.0260,1,5361,train,-0.01184901,-0.01184901,afc7111cac8d1cf999e0c9b99357b143fbeb8433df7dc941899c51047c7387db
T3003,training,0.0278,0.0260,0.00000000,0.0278|0.0260,1,4821,train,0.01184901,0.01184901,63879975ecb7e35a1a222ff4b954dfb5bcad3c6f815cea06f155feb799fa3971
T3004,training,0.0280,-0.0583,0.00000000,0.0280|-0.0583,2,8944;8945,train,-1.08054986,-1.08054986,19bc10fefe9339ee15cf8e4a8dd3eacc9ea09ce43b57a77000de0c2a45745e30
T3005,training,0.0280,-0.0154,0.00000000,0.0280|-0.0154,1,5419,train,-0.10365952,-0.10365952,70cc779dbbb8998ae92a567a406c11d9a05b248596f436a44c368d29b4988f5e
T3006,training,0.0280,0.0154,0.00000000,0.0280|0.0154,1,4771,train,0.10365952,0.10365952,1fe4c4a326b02127a46598b2d17dded918145d15ce254cae36f2428651cb4a7e
T3007,training,0.0280,0.0583,0.00000000,0.0280|0.0583,2,12238;12239,train,1.08054986,1.08054986,466bc28dd5dadebec62734f02d96485372007d84d92397bea6fa654927f69a8b
T3008,training,0.0282,-0.0315,0.00000000,0.0282|-0.0315,1,8616,train,-0.08621309,-0.08621309,7922bbce7ef241798bfb2114f533676ee0c53e31a44c20695b1b4dbde20257a8
T3009,training,0.0282,0.0315,0.00000000,0.0282|0.0315,1,11802,train,0.08621309,0.08621309,3ea1946ce1b1fbbf9078543d5b42d273a7cff7e4e37402bf741bba41b9640dcf
T3010,training,0.0283,-0.1471,0.00000000,0.0283|-0.1471,2,8152;8153,train,1.77448409,1.77448409,65b5b895018785d13923975a83c74b7bdff60e79f6595abe009ce953ceaae775
T3011,training,0.0283,0.1471,0.00000000,0.0283|0.1471,2,11554;11555,train,-1.77448409,-1.77448409,b0c2f6b218423349d0ac4128516d26813daac4d701b83fd63322e73003525366
T3012,training,0.0284,-0.0372,0.00000000,0.0284|-0.0372,1,8165,train,0.08694854,0.08694854,7d3b23a2f843fc00955c0cce2f3ee0e6ed9a9e9221cc135cb6c0250d9b228342
T3013,test,0.0284,-0.0136,0.00000000,0.0284|-0.0136,1,5046,train,0.05236611,0.05236611,f1f83642c37bafd6c1b884aebb267849a18284f99329161093b5d7ef0e6cc88f
T3014,training,0.0284,-0.0134,0.00000000,0.0284|-0.0134,1,4675,train,0.53510592,0.53510592,829b4c9148a5c41bcb8d3fcd70c4c6c832448d5b395aaaafa7ae5823ed23af46
T3015,training,0.0284,0.0134,0.00000000,0.0284|0.0134,1,5539,train,-0.53510592,-0.53510592,908815012d5d1f885a4e23f2cd02b4063252b2e1942c38a6e128e17db6a7650a
T3016,training,0.0284,0.0136,0.00000000,0.0284|0.0136,1,5154,train,-0.05236611,-0.05236611,0ce64608ad6f97d8a7005b7a93d9c14d4383ce7001125981452c384f146f1aff
T3017,training,0.0284,0.0372,0.00000000,0.0284|0.0372,1,11459,train,-0.08694854,-0.08694854,59e28c7bf639bb02ffe1d7fad7078c7331198eef7c8ef3e897745a2a11540837
T3018,training,0.0286,-0.0138,0.00000000,0.0286|-0.0138,1,5041,train,0.05180531,0.05180531,8d85d8f5d9de98a00523adff7370d098619878fa05278cca0fe9a01596a824c9
T3019,training,0.0286,0.0138,0.00000000,0.0286|0.0138,1,5149,train,-0.05180531,-0.05180531,4a0011c8116a20870f660060303b4afffeb72beafe54a8aabc12a27695b72090
T3020,training,0.0287,-0.0409,0.00000000,0.0287|-0.0409,1,8543,train,-0.06154214,-0.06154214,c08569a58372db97431558377cbe058e1340a44dd8af40f5b8b61ed140b37664
T3021,training,0.0287,-0.0325,0.00000000,0.0287|-0.0325,1,8611,test_iid,-0.09176239,-0.09176239,9e15406fb05d254a6369a8b711279609359feb5d8b3b02c07ea56ec1dd6e8b29
T3022,training,0.0287,0.0325,0.00000000,0.0287|0.0325,1,11797,train,0.09176239,0.09176239,14e7445878061520f37c1e3dce26bdec6e817a12e7c6f50126b2475abc17fc43
T3023,training,0.0287,0.0409,0.00000000,0.0287|0.0409,1,11837,train,0.06154214,0.06154214,30870a889482f5d1388f3a54c21ef999318c9b3878bf7e37fa586a997cb896f8
T3024,training,0.0288,-0.0224,0.00000000,0.0288|-0.0224,2,4612;4613,train;test_iid,0.71005303,0.71005303,91be6a7ffc81d2c49a86afb80022544df2ee50fd800043ef356e2d7433c16352
T3025,training,0.0288,0.0224,0.00000000,0.0288|0.0224,2,5584;5585,train,-0.71005303,-0.71005303,88c161df146a6ed34d9a5d7a3c581d2714d477cd3cec09c624fd474e4fb7a87d
T3026,training,0.0292,-0.0300,0.00000000,0.0292|-0.0300,1,8671,train,-0.16249194,-0.16249194,1ec2bedebeb4258ac8eb660a83fa9823a82a5b91a8c1f2644c2e91021fb260ba
T3027,validation,0.0292,-0.0229,0.00000000,0.0292|-0.0229,2,4618;4619,train,0.70380851,0.70380851,d58b8191ced1a6659706020389fe524392c7121d10482515938a5c26a04e694d
T3028,training,0.0292,-0.0198,0.00000000,0.0292|-0.0198,1,4649,train,0.42563772,0.42563772,24e664a0089d2dd77a9c6155780e2d9087007639fd5a56f96673b49dd516676b
T3029,training,0.0292,0.0198,0.00000000,0.0292|0.0198,1,5513,train,-0.42563772,-0.42563772,be5ce62ba9e69a11fed4e01d260bdbb6bf1718aa7734d2c4b59d27f9a595689c
T3030,validation,0.0292,0.0229,0.00000000,0.0292|0.0229,2,5590;5591,train;val_iid,-0.70380851,-0.70380851,d0c4e7f7804bdaac367099a39a3acf6ad450ff8dfcb490af465c2770794258e9
T3031,training,0.0292,0.0300,0.00000000,0.0292|0.0300,1,11749,val_iid,0.16249194,0.16249194,0fb274f38dbf5036c1125d2bbcbce5b8b45eb9ba1aa43d326e88293942b05307
T3032,training,0.0293,-0.0364,0.00000000,0.0293|-0.0364,1,8171,test_iid,0.07599859,0.07599859,7fe897a921bd93edbf9e195326d16c8d9f07e12e822ddd22b6b9ee5d9993faf4
T3033,validation,0.0293,-0.0296,0.00000000,0.0293|-0.0296,1,8292,train,-0.02480603,-0.02480603,d0ef2efcd4ae27008eadf748f5070cb5130972fbaa7a4dca99a1618495b486c0
T3034,training,0.0293,-0.0229,0.00000000,0.0293|-0.0229,1,4623,train,0.71653920,0.71653920,bab4386abdd8efd9b6cbdfa12c0815ac9c39158b0fb502db4dfa99804cfc3b56
T3035,training,0.0293,0.0229,0.00000000,0.0293|0.0229,1,5595,train,-0.71653920,-0.71653920,70515fb8716262ee0354db18783d1e9df312141afa36ac7957151d861ac2ab5b
T3036,validation,0.0293,0.0296,0.00000000,0.0293|0.0296,1,11370,train,0.02480603,0.02480603,d52dc17037f889629fa1cbbd9e62272a542975898dc5432227c0f82bde1c42a1
T3037,training,0.0293,0.0364,0.00000000,0.0293|0.0364,1,11465,train,-0.07599859,-0.07599859,b0ff9fe40f36f2117dc4574eccda26606a24ae26b952ee1a07d1166f307ab2cd
T3038,training,0.0295,-0.0533,0.00000000,0.0295|-0.0533,1,8196,train,0.22784041,0.22784041,326d3fbe4b854fac54bd4393f9f203d1b8af4b8cf69edcf4e9cbf22a6f176fe7
T3039,training,0.0295,-0.0234,0.00000000,0.0295|-0.0234,1,4639,train,0.80365295,0.80365295,b04a19fa558e236b39b70341a9da9e4c877d85854b1a56bcc3d807e5f3f4d5d0
T3040,training,0.0295,-0.0107,0.00000000,0.0295|-0.0107,1,4680,train,0.58449585,0.58449585,b0d5bf66bf53a514ea25e9ec9d20f0f72d71658cc09473a781df9dfc22c91be3
T3041,training,0.0295,0.0107,0.00000000,0.0295|0.0107,1,5544,train,-0.58449585,-0.58449585,c11869c2b297b2d33e369a35f7c4978f1268e46bba601080831b69c6abe84989
T3042,training,0.0295,0.0234,0.00000000,0.0295|0.0234,1,5611,val_iid,-0.80365295,-0.80365295,45f9053cba5703ed880c12a2f3fc251b80b56cdf5944b22b5051d5acd4100889
T3043,training,0.0295,0.0533,0.00000000,0.0295|0.0533,1,11490,train,-0.22784041,-0.22784041,b5fa5011d91e7223165655db85d7945cf0d009cf3473334e93235a7bd74de0fb
T3044,training,0.0296,-0.0293,0.00000000,0.0296|-0.0293,1,5322,test_iid,0.02480603,0.02480603,699d80854e8a2fedfca3a2542846e3ceadc7c30b628a5ad8cd06c5bcd1ad8d4e
T3045,training,0.0296,-0.0231,0.00000000,0.0296|-0.0231,2,4624;4625,train,0.72377232,0.72377232,150d578df8fa6630703a73b2687be33b923884f5bc43cfb20ccb7f4b1828e3ba
T3046,validation,0.0296,0.0231,0.00000000,0.0296|0.0231,2,5596;5597,train,-0.72377232,-0.72377232,dfe9ddf721687c909871d2495a6a3cc1bb8798c2159299387fc4dcf03b45841a
T3047,training,0.0296,0.0293,0.00000000,0.0296|0.0293,1,4890,train,-0.02480603,-0.02480603,061dc83d608cd0117d96079e036263941ec6552b0eb214246a9d92132698d136
T3048,training,0.0297,-0.0209,0.00000000,0.0297|-0.0209,1,4660,train,0.42704659,0.42704659,3f6a7b25a9fc7a2fecb3694290237ac18b627e578cac558a1826d2a127cbd500
T3049,training,0.0297,0.0209,0.00000000,0.0297|0.0209,1,5524,train,-0.42704659,-0.42704659,9199f9c6d0249150f58f2726aa8733aab5a5dd22423e3aef662ddf7ce30564ae
T3050,test,0.0298,-0.0542,0.00000000,0.0298|-0.0542,1,8191,train,0.23518052,0.23518052,f2db46cf37596443873ca73ef11320fa9c99aef9cc56ec9a8a2f4ebb16c4b44b
T3051,training,0.0298,-0.0304,0.00000000,0.0298|-0.0304,1,8644,train,-0.13691329,-0.13691329,9f4ce772f83d00bddce8f3aab475483060cafcb9c3d21c4d0338051b8ab2f72c
T3052,training,0.0298,0.0304,0.00000000,0.0298|0.0304,1,11722,val_iid,0.13691329,0.13691329,b345c872e671b02c8f63c6ebbf1543fdce45659cd91266e618bfa301387fbc14
T3053,validation,0.0298,0.0542,0.00000000,0.0298|0.0542,1,11485,train,-0.23518052,-0.23518052,e4c0ccd093a67679ed14cc1148ec82421bca9d8da2b87ef10746872bf8d0b66e
T3054,validation,0.0299,-0.0303,0.00000000,0.0299|-0.0303,1,8287,train,-0.02449263,-0.02449263,d806198d0bc837fa40f29e3fbf72deb381392c52db63f97f90ca2a3bcf9107a5
T3055,training,0.0299,0.0303,0.00000000,0.0299|0.0303,1,11365,train,0.02449263,0.02449263,983866f86483d82c59cbc951c11fa4512b60875999ad2e82daddef284cf018c5
T3056,training,0.0300,-0.0329,0.00000000,0.0300|-0.0329,1,8238,train,0.02078341,0.02078341,06d59290a0834692049b3deca289b011c05c74c4f4f91955796526dfe53c1fee
T3057,test,0.0300,-0.0292,0.00000000,0.0300|-0.0292,1,4945,train,0.16249194,0.16249194,f341ea7aad69904f3cd4c7822c66935a11eabbff1bbaa07202a01a48421e9915
T3058,training,0.0300,0.0292,0.00000000,0.0300|0.0292,1,5269,train,-0.16249194,-0.16249194,b5826617f29617819e61684e3762b822b61706c8c9d9b7b4e2cccebb2dc07663
T3059,test,0.0300,0.0329,0.00000000,0.0300|0.0329,1,11424,train,-0.02078341,-0.02078341,f218ac03c977358db1eefdfa411561d1f9b9bc55e90fd0737b03fa39c12892d5
T3060,training,0.0303,-0.0299,0.00000000,0.0303|-0.0299,1,5317,train,0.02449263,0.02449263,ad5da36f8f93125a8de38176792b5bcae782bf8f7cf6b86cc56932e8a8efeab5
T3061,training,0.0303,0.0000,0.00000000,0.0303|0.0000,1,5095,test_iid,-0.00000000,-0.00000000,aaa9c4a7c7c8bc9716b5ff4e55bca95c934b20fecbc58d7ede910b23db4fdfbc
T3062,training,0.0303,0.0299,0.00000000,0.0303|0.0299,1,4885,train,-0.02449263,-0.02449263,6f95edc91241bba229892973c979143585aed6e9f64659386dcf143434a64801
T3063,training,0.0304,-0.0298,0.00000000,0.0304|-0.0298,1,4918,train,0.13691329,0.13691329,99649701044669938154e9bf6deea73b973bbb83c29bd1564d1f32cd9a49ff18
T3064,training,0.0304,0.0298,0.00000000,0.0304|0.0298,1,5242,train,-0.13691329,-0.13691329,9af36a2404577bc4020506a6703674b9ab12b471b547a710dc8b79fed4e12002
T3065,test,0.0305,-0.0033,0.00000000,0.0305|-0.0033,1,5484,train,-0.32017867,-0.32017867,efc53104aae71e7f7092a2ebef9b7e68e15b3b771125fa5ded8121af45030ff7
T3066,training,0.0305,-0.0016,0.00000000,0.0305|-0.0016,1,5458,train,-0.19316181,-0.19316181,760a58f9c736cafbbc44f7a4cc215b1f38ff09618262cd224158164c285a0e2c
T3067,training,0.0305,0.0000,0.00000000,0.0305|0.0000,1,5100,train,0.00000000,0.00000000,3241b2b72dd8cbea27e77e2711c65709c4a2fb7d9de84b402f46216694549760
T3068,training,0.0305,0.0016,0.00000000,0.0305|0.0016,1,4702,train,0.19316181,0.19316181,c938710802dbf00420ce2e21c6e9bfbe00e9c39fd75da799b4fd259c9cb5c6f8
T3069,training,0.0305,0.0033,0.00000000,0.0305|0.0033,1,4728,val_iid,0.32017867,0.32017867,1fb812605a957f73740b5b1120451e129735774bea3aacd2406c11f0252e1cd9
T3070,training,0.0309,-0.0342,0.00000000,0.0309|-0.0342,1,8233,train,0.02412164,0.02412164,5ea8f6208379080407d6019ef9f037d9c589db75603cb8df67bbbbf63c6a8ba7
T3071,training,0.0309,0.0342,0.00000000,0.0309|0.0342,1,11419,train,-0.02412164,-0.02412164,7b6687cea53097fa74c3a5062109c8966e8bf9e198858a217ff331227a9c6ae5
T3072,training,0.0310,-0.0217,0.00000000,0.0310|-0.0217,1,4655,train,0.44164312,0.44164312,187e1225526e978615abef734ba6312833ff5d48aea075bc132b77f4e60a0cc8
T3073,training,0.0310,0.0217,0.00000000,0.0310|0.0217,1,5519,train,-0.44164312,-0.44164312,bfcc131b4b07c1a4840d8dfa44d3279da1586110b3cbec5840802e26bbf5e14c
T3074,training,0.0311,-0.0412,0.00000000,0.0311|-0.0412,1,8549,train,-0.05981830,-0.05981830,9e5a9a0ae847997a33410008c502d7db2a6e43c6ae475eb6ed660b4b713eaa6c
T3075,training,0.0311,0.0412,0.00000000,0.0311|0.0412,1,11843,train,0.05981830,0.05981830,3c5fee04c94dda7ea7aa7548065a57c1ac06307496b79e18e581e3ac0a11a866
T3076,validation,0.0312,-0.1459,0.00000000,0.0312|-0.1459,2,8146;8147,train,1.77796041,1.77796041,e08105def5631ce921413512e9863a3fdb92a910539b73ff8e335b54956ac870
T3077,training,0.0312,0.1459,0.00000000,0.0312|0.1459,2,11548;11549,train,-1.77796041,-1.77796041,377d87cd32f266fc2f7ebfaffa3e2d845b5c55b70e47b6d4f21b7763594f0808
T3078,training,0.0313,-0.0607,0.00000000,0.0313|-0.0607,1,8552,train,-0.10816416,-0.10816416,910aaa0a2511ddf929f4320c7dd901a7e97261a61cbadfa36a9d7afc3c9f00a2
T3079,training,0.0313,-0.0319,0.00000000,0.0313|-0.0319,1,8650,train,-0.14969190,-0.14969190,0bdf498282d25545170e6fe2fec9a1f45d28815a610a7e39093c3f9a76f5e8ae
T3080,validation,0.0313,-0.0033,0.00000000,0.0313|-0.0033,1,5479,train,-0.32011932,-0.32011932,da40f83c8ee84950b3ec7316c42a02b961d27b39e1efa06b074f761418bc2c1f
T3081,training,0.0313,0.0033,0.00000000,0.0313|0.0033,1,4723,train,0.32011932,0.32011932,95524b367bd1b8f5a8638eccbc395b4379b75d11de501626124d5aa02a3c095c
T3082,training,0.0313,0.0319,0.00000000,0.0313|0.0319,1,11728,train,0.14969190,0.14969190,999862414e1b2fbcbcca103a9e80fc52e6e2a954bb392662775bbb707d1647db
T3083,training,0.0313,0.0607,0.00000000,0.0313|0.0607,1,11846,train,0.10816416,0.10816416,7bb3caf4dbb2ae5e0d9e47d1dd4482994ee92707a598d3d3b119c232759ba799
T3084,training,0.0315,-0.0384,0.00000000,0.0315|-0.0384,1,8622,train,-0.17502591,-0.17502591,7b3d1913eb62e62898debfa39fec8997bc4d37010da497ebe9184d282dde13b6
T3085,test,0.0315,-0.0282,0.00000000,0.0315|-0.0282,1,4998,test_iid,0.08621309,0.08621309,f6d5ee4645907fc3b18a256fba84e5b6edd2354901c60f91f47abbacfd87ac72
T3086,training,0.0315,0.0282,0.00000000,0.0315|0.0282,1,5214,train,-0.08621309,-0.08621309,3528043451a5580b8f45aafde57d7cbe26af68b80edd3f58dce90ca09ca68611
T3087,training,0.0315,0.0384,0.00000000,0.0315|0.0384,1,11808,train,0.17502591,0.17502591,28abd2a85eadaaf389f4defd71dc08c704b0350e8f326f6de384babcebf5b070
T3088,training,0.0317,-0.0323,0.00000000,0.0317|-0.0323,1,8645,train,-0.15150720,-0.15150720,942ba0ab2984f4207d384e29d6b796010303b7327a2d99bdc30928d3bdbd4457
T3089,training,0.0317,0.0323,0.00000000,0.0317|0.0323,1,11723,train,0.15150720,0.15150720,b3f36ac43e584cb4dd6320c81c9fdb7ac0231a4dd551ef1f056f0afd33906e2c
T3090,training,0.0319,-0.0313,0.00000000,0.0319|-0.0313,1,4924,val_iid,0.14969190,0.14969190,4704ce615e1ad13c4c6582117e2c0a14ea9b18c88a4f4cc8ecee4bbc407290c1
T3091,test,0.0319,0.0313,0.00000000,0.0319|0.0313,1,5248,train,-0.14969190,-0.14969190,f969b026bbc2a45a4d60e3fd20939ef8498be1592b23a36308ea55cb5b91c408
T3092,training,0.0323,-0.0317,0.00000000,0.0323|-0.0317,1,4919,train,0.15150720,0.15150720,a188801afb59f3e65449d807d3038db343bd9b787f67df327de068e3cf8b7a8c
T3093,training,0.0323,-0.0244,0.00000000,0.0323|-0.0244,1,4628,train,0.85677545,0.85677545,41a021531dffabeaadc1c177b669cc45fcfb3fd82d9c2372ac8537aa756d6332
T3094,test,0.0323,0.0244,0.00000000,0.0323|0.0244,1,5600,train,-0.85677545,-0.85677545,fe368c3f947b1ad262eb477481a700e60f72da393a0f438fcaaff2c201b60409
T3095,training,0.0323,0.0317,0.00000000,0.0323|0.0317,1,5243,train,-0.15150720,-0.15150720,4324deaf08e29a5dc4b45544653503aaba65649b6f43ca73c84588ed9af000f7
T3096,training,0.0325,-0.0287,0.00000000,0.0325|-0.0287,1,4993,train,0.09176239,0.09176239,7542c61a1bcfb648d1442d5361ce18d99e450d984b47b8fbd9da4c21ee2325d4
T3097,training,0.0325,-0.0014,0.00000000,0.0325|-0.0014,1,5464,train,-0.18798826,-0.18798826,a78e5d32105ea07d100af1c10ed0ad27f609e93c40ebe9f8e21f174823d3b0bd
T3098,training,0.0325,0.0014,0.00000000,0.0325|0.0014,1,4708,train,0.18798826,0.18798826,138455885c00a519f914df9d47a5575ea19ce1ea31be240a1633bd9ff213db61
T3099,test,0.0325,0.0287,0.00000000,0.0325|0.0287,1,5209,train,-0.09176239,-0.09176239,f5f32b018a33257d384d3794b061b323f556daa49dda108fdab8a55efad34f01
T3100,training,0.0326,-0.0246,0.00000000,0.0326|-0.0246,1,4629,val_iid,0.86545196,0.86545196,045630c87fd26930def9f527e01ca60341a29ebab59315d2b0626ea8701b0574
T3101,training,0.0326,0.0246,0.00000000,0.0326|0.0246,1,5601,train,-0.86545196,-0.86545196,43de41c0074fddad23f4293fdcc9cfc0803f4e7c7868562ece8874fa4e9d27e7
T3102,training,0.0327,-0.0342,0.00000000,0.0327|-0.0342,1,8677,train,-0.27054587,-0.27054587,3775af1545ffa72f8db65b3208fe65ef9e53352d25b069a541b88403b657958c
T3103,training,0.0327,-0.0237,0.00000000,0.0327|-0.0237,1,5404,train,-0.08347019,-0.08347019,36012eeba5c18ce6b26104cb882dbbed5b78b5facc1b580f8d50651ce943cd9a
T3104,training,0.0327,-0.0186,0.00000000,0.0327|-0.0186,1,5430,train,-0.10393015,-0.10393015,0f010520d8785e409401c4ff79538d86e432899dd7877b5ca0d4b2f4c8446092
T3105,training,0.0327,0.0186,0.00000000,0.0327|0.0186,1,4782,val_iid,0.10393015,0.10393015,bdedeaf5d068a019b5eebf3238bb4f06a8df3cc2fde4b20084ea45c7264d77da
T3106,training,0.0327,0.0237,0.00000000,0.0327|0.0237,1,4756,val_iid,0.08347019,0.08347019,032fb08eb30f34a2dde833d64751c017d9833731248becbe86d3becfe974067e
T3107,training,0.0327,0.0342,0.00000000,0.0327|0.0342,1,11755,val_iid,0.27054587,0.27054587,29fd5beaff3d47394bb66ffe91dd2744bc9100f16aeb7b27a0c74a6612ab6544
T3108,training,0.0328,-0.0568,0.00000000,0.0328|-0.0568,1,8174,train,0.17586576,0.17586576,a91026308560825d322daf38fc39f59ccdf799f603ba42b4422de0a1614ec220
T3109,validation,0.0328,0.0568,0.00000000,0.0328|0.0568,1,11468,val_iid,-0.17586576,-0.17586576,ccae6d490b40fd262f77a00b1afe13ae1d49d7986e4991c69764ccd3c92bb38e
T3110,training,0.0329,-0.0351,0.00000000,0.0329|-0.0351,1,8212,train,0.01142659,0.01142659,333e713c17c41feff509175a0c9aac7b21e51e0f800a5739f9c2012eb50ea051
T3111,training,0.0329,-0.0300,0.00000000,0.0329|-0.0300,1,5376,val_iid,-0.02078341,-0.02078341,b6f51decda769549e131bb9f65b351d0ac71dbaef17476a892695ea686753873
T3112,training,0.0329,0.0300,0.00000000,0.0329|0.0300,1,4836,train,0.02078341,0.02078341,547dda61d7bf9f9fcac8bda8387dcbc342d3ff7dffa7a64af63af6b86218ffd2
T3113,training,0.0329,0.0351,0.00000000,0.0329|0.0351,1,11398,train,-0.01142659,-0.01142659,b830bf34fb195c929d2f43495122439e48c76346e6838410751ffead8d2a0388
T3114,test,0.0330,-0.0225,0.00000000,0.0330|-0.0225,1,5026,train,0.04774556,0.04774556,e9b4e54ac69ff132c33e0df21650a7ddf37a90918d6cc15109405bc54b0ad56a
T3115,training,0.0330,0.0225,0.00000000,0.0330|0.0225,1,5134,train,-0.04774556,-0.04774556,99b8d5395fb059858dd4e7f1e985d991bad068da171f1531e2d120bd135b1e7c
T3116,training,0.0331,-0.0239,0.00000000,0.0331|-0.0239,1,4661,val_iid,0.45781288,0.45781288,8b2cfd719d8fc510e4359258b14182959378c9d94b2c89609a83c0ae8408f49f
T3117,training,0.0331,0.0239,0.00000000,0.0331|0.0239,1,5525,val_iid,-0.45781288,-0.45781288,6d858995205963d0c68be2e2eaea2b30eda71b283ba09b6d3bd656525b072a2d
T3118,training,0.0332,-0.0361,0.00000000,0.0332|-0.0361,1,8590,train,-0.09056589,-0.09056589,800cc136706adec2304bb32e073d68c997716f6806b2dc434bb876697025ee37
T3119,training,0.0332,0.0361,0.00000000,0.0332|0.0361,1,11776,val_iid,0.09056589,0.09056589,5f05cbb760143dda3f4d568432fa0dc06678d1899f4e5e3469fe8ec02d4af7b7
T3120,training,0.0333,-0.0347,0.00000000,0.0333|-0.0347,1,8682,train,-0.27253827,-0.27253827,9a1aab92b1500e695616720bba96b802c17fca6ebcf36c2188b937b1e43ad7df
T3121,training,0.0333,-0.0126,0.00000000,0.0333|-0.0126,1,4686,train,0.65938186,0.65938186,a9a57eff5c3ae40d72bc70cfb6ecfa32c341668c8a6d3090bc9ca343e0ef63c3
T3122,training,0.0333,0.0126,0.00000000,0.0333|0.0126,1,5550,train,-0.65938186,-0.65938186,89b0d35c49439d527b7f6bb430fbd911d09877c5710f1b36b447a2fca893ce13
T3123,training,0.0333,0.0347,0.00000000,0.0333|0.0347,1,11760,test_iid,0.27253827,0.27253827,7327b0f7e47bbb1a14fb5888c10edad58a812dffce1680da495ab98736dddd9e
T3124,training,0.0335,-0.0016,0.00000000,0.0335|-0.0016,1,5459,train,-0.20571212,-0.20571212,c16545f8c973cc980fe80b0f745b2aa6ba353bbd09fdc6684c061e0407391933
T3125,test,0.0335,0.0016,0.00000000,0.0335|0.0016,1,4703,test_iid,0.20571212,0.20571212,f433ef9de3821b8ded5c58aedf5d19a80341c5cc7a19eb3931e663d15189c682
T3126,training,0.0336,-0.0710,0.00000000,0.0336|-0.0710,1,8575,train,-0.14495885,-0.14495885,a3bced397b309792811308b288c11a0dcba53840146d7969ff541edcfec89a71
T3127,training,0.0336,0.0710,0.00000000,0.0336|0.0710,1,11869,train,0.14495885,0.14495885,2a57b411fd310a2b126d94e7f139d699afab8fc4a1b7cd606bb05d51ffeda02c
T3128,training,0.0338,-0.0255,0.00000000,0.0338|-0.0255,1,5410,train,-0.07907943,-0.07907943,7bd821005f15273016a56ed29ae320008b792612afedc5a3a8233b7fde930f77
T3129,training,0.0338,0.0255,0.00000000,0.0338|0.0255,1,4762,test_iid,0.07907943,0.07907943,b784bdaa19086bdbf8b3cc28c06d260c1d5e48e53472cface1353a775548311e
T3130,training,0.0339,-0.0342,0.00000000,0.0339|-0.0342,1,8266,train,-0.02898042,-0.02898042,64df3ae6575fab2e0cc626f59e758ff288622f1edcc469a2acd737641c819798
T3131,training,0.0339,-0.0269,0.00000000,0.0339|-0.0269,1,5416,train,-0.07457280,-0.07457280,a463ec6d1ed22d2b7668a2817c415218c67c48536fa74609955d06d066b05f62
T3132,training,0.0339,0.0269,0.00000000,0.0339|0.0269,1,4768,train,0.07457280,0.07457280,787d1e883863e814eae42ab98c41885655fd1f52213e4997b7e3f79c3f286942
T3133,validation,0.0339,0.0342,0.00000000,0.0339|0.0342,1,11344,val_iid,0.02898042,0.02898042,cd2d9f4f6693ccd11679ae46aa5d1182192f5cd67049c04162bf5f5cc2f3dc7c
T3134,test,0.0341,-0.0719,0.00000000,0.0341|-0.0719,1,8580,train,-0.14707970,-0.14707970,efc000bcf5e5758b52d3818622148b3c1462c0076ac32dd8266846c33a183d5c
T3135,training,0.0341,0.0719,0.00000000,0.0341|0.0719,1,11874,train,0.14707970,0.14707970,b60f49987ab50898d146b0d97b6e81ff15eea374439bcdb041809c08ea632d0d
T3136,training,0.0342,-0.0347,0.00000000,0.0342|-0.0347,1,8656,val_iid,-0.13865125,-0.13865125,b807174c56f000c1530eff92cf3739219fa5e53a486386e408da087a1e2fea94
T3137,test,0.0342,-0.0339,0.00000000,0.0342|-0.0339,1,5296,train,0.02898042,0.02898042,f930495f35a81af8052e1a65183392c1a01ad4b79bce648f44c0170f22c77266
T3138,training,0.0342,-0.0327,0.00000000,0.0342|-0.0327,1,4951,train,0.27054587,0.27054587,3a665a98d349777f1b044f6324c6171d600e92df854e79563594c0daf077e297
T3139,training,0.0342,-0.0309,0.00000000,0.0342|-0.0309,1,5371,train,-0.02412164,-0.02412164,b82d81d4e27b0cb52772a88af4353adccab1cbdad7900dfba34ef23169350944
T3140,training,0.0342,0.0309,0.00000000,0.0342|0.0309,1,4831,train,0.02412164,0.02412164,3dfdcb8f2d6dd8a56d74268c75447c6f0b202cff40231a90a61656e24830b968
T3141,test,0.0342,0.0327,0.00000000,0.0342|0.0327,1,5275,train,-0.27054587,-0.27054587,ef57d7134f586feaf33aa28283730b250771298e191a051f7cad33a43456d37a
T3142,training,0.0342,0.0339,0.00000000,0.0342|0.0339,1,4864,val_iid,-0.02898042,-0.02898042,c312c3dacb7aaabdff1ac148e061de8787311960a5976433f06fb985c2451414
T3143,training,0.0342,0.0347,0.00000000,0.0342|0.0347,1,11734,train,0.13865125,0.13865125,893dc7c930f4fd554d134dab07acfd4b48b7ed1bc1631cf4cc749ec92685b3e2
T3144,training,0.0343,-0.0350,0.00000000,0.0343|-0.0350,1,8651,train,-0.17173335,-0.17173335,9afb688d263b6863475f7170ec3e49d34eb0ad299e3ad2e81dd49c8ef0700dfb
T3145,training,0.0343,-0.0014,0.00000000,0.0343|-0.0014,1,5470,train,-0.18987916,-0.18987916,755e8e405b08b1114b78abf74e518eaa1180c43f2cbab8a5daacc21b23772a05
T3146,training,0.0343,0.0014,0.00000000,0.0343|0.0014,1,4714,train,0.18987916,0.18987916,5e190640c4fe32c43c5334d41f285a43945c89cbe5d6aa79866e92ce3d7c5123
T3147,training,0.0343,0.0350,0.00000000,0.0343|0.0350,1,11729,train,0.17173335,0.17173335,5dbe1dfe6048a72710f846fc3542a369078cbe873886a03406ce453487ff6378
T3148,training,0.0345,-0.0382,0.00000000,0.0345|-0.0382,1,8617,train,-0.09892736,-0.09892736,b2c7bec34239259b5148a8028978964fbae23fbbf98f6c14a80cf0f151013878
T3149,validation,0.0345,-0.0194,0.00000000,0.0345|-0.0194,1,5425,test_iid,-0.11340648,-0.11340648,e1bd22434909ae6d399046b8bba80f4f550f2cc7403a05bd31e499d8ad7e10bd
T3150,validation,0.0345,-0.0174,0.00000000,0.0345|-0.0174,1,5052,train,0.06271017,0.06271017,d4d6cf04bd67170530b6ecd6da29576464eaf557e39ac2a5e27b8a45bd63331d
T3151,training,0.0345,0.0174,0.00000000,0.0345|0.0174,1,5160,train,-0.06271017,-0.06271017,9a702e9cd6c7f67f60742ed65cc6d8b670a14bc0402539b53eb4a807c135b8b8
T3152,training,0.0345,0.0194,0.00000000,0.0345|0.0194,1,4777,train,0.11340648,0.11340648,297c8cd5ed0ce6d83dd83238cb9ef07f075dc06535c89758338badf67a242b97
T3153,training,0.0345,0.0382,0.00000000,0.0345|0.0382,1,11803,train,0.09892736,0.09892736,a4da517bd4742d5f71e11d6928292f987deac5e2acfa02c08e7201c481300d00
T3154,training,0.0347,-0.0342,0.00000000,0.0347|-0.0342,1,4930,train,0.13865125,0.13865125,96e655754378b1aaf7d1c06d67b3bb7e41ec766ee9a073010573c2b315f35584
T3155,training,0.0347,-0.0333,0.00000000,0.0347|-0.0333,1,4956,train,0.27253827,0.27253827,b106365e50634ce334f839ba33360b42706686f4d581976da562f4589cd23bd7
T3156,training,0.0347,0.0333,0.00000000,0.0347|0.0333,1,5280,test_iid,-0.27253827,-0.27253827,0291c639e521b45267341912c9e631fc6873f0eb6c43d97f87a43f6d3b66420b
T3157,training,0.0347,0.0342,0.00000000,0.0347|0.0342,1,5254,train,-0.13865125,-0.13865125,5b15c7dd90bd563d2476c60c874bc902dbd3898e5355f3a6222a9e0cbc20c2d8
T3158,training,0.0350,-0.0363,0.00000000,0.0350|-0.0363,1,8660,train,-0.22967621,-0.22967621,0e2280cca03d31f8eccd91b6499c6252702338d6c93ed044a6944d2a9c0e3e17
T3159,training,0.0350,-0.0343,0.00000000,0.0350|-0.0343,1,4925,train,0.17173335,0.17173335,0b854027ea5e64b3935a203abe13ff516a209adde7b2f135aaab5e9110563fc4
T3160,training,0.0350,-0.0258,0.00000000,0.0350|-0.0258,2,4630;4631,train;val_iid,0.93509911,0.93509911,92d0d61aeb2e38ee0f5397283c353e1fbb35b414169fbb6320af9523040a4bdd
T3161,training,0.0350,0.0258,0.00000000,0.0350|0.0258,2,5602;5603,train,-0.93509911,-0.93509911,45059c45a14417024fe75b3e1b68417d652a2ac7868f0425b12cee4d257decff
T3162,test,0.0350,0.0343,0.00000000,0.0350|0.0343,1,5249,train,-0.17173335,-0.17173335,f74dff5158192f69b1c8535f9ce21847a19500247708ad52ebc28cc28a7e213f
T3163,validation,0.0350,0.0363,0.00000000,0.0350|0.0363,1,11738,train,0.22967621,0.22967621,ccc0e106606ea966d2baa7060a4fa06d4abbe7d247a5a1f9c02fd565ca47eb51
T3164,training,0.0351,-0.0329,0.00000000,0.0351|-0.0329,1,5350,train,-0.01142659,-0.01142659,c8b9d49da2bfcf226a5a1419355de1d3ebf9bcce6eda204509eb3f6d379311fb
T3165,test,0.0351,0.0329,0.00000000,0.0351|0.0329,1,4810,train,0.01142659,0.01142659,f1433de4129c088b48402603a666770d5d773509ef1e2cef2c56bd8af1811c86
T3166,training,0.0353,-0.0380,0.00000000,0.0353|-0.0380,1,8596,train,-0.08877825,-0.08877825,c29e844ce118c3b93729760fb79e343be0e15d15d8b963ea840970f90727fea2
T3167,validation,0.0353,-0.0357,0.00000000,0.0353|-0.0357,1,8293,train,-0.02934781,-0.02934781,d724c2e9b70964569f720f806f90a1ae10d853d2a583108aa02df641c8e71f7f
T3168,training,0.0353,0.0357,0.00000000,0.0353|0.0357,1,11371,train,0.02934781,0.02934781,7feb775769775d609ca060cda1d5d6550ca0f64b891fc89bb05f3567d87f7a04
T3169,training,0.0353,0.0380,0.00000000,0.0353|0.0380,1,11782,train,0.08877825,0.08877825,46c196d3b4aaab3ec7093111db2b7333ff54dc7a05a979ed97ce13d5001d3d37
T3170,training,0.0355,-0.0272,0.00000000,0.0355|-0.0272,4,4640;4641;4642;4643,train,0.94848555,0.94848555,a5389a4ab2ead29fbd053af2e3e03d2d99808daa5f683098eab52f65337d14ad
T3171,training,0.0355,0.0000,0.00000000,0.0355|0.0000,1,5080,train,-0.00000000,-0.00000000,194dbdaad3bf33b6cfd65320aab88d7b6c35c168072133919f375bfd406a89c6
T3172,training,0.0355,0.0272,0.00000000,0.0355|0.0272,4,5612;5613;5614;5615,train,-0.94848555,-0.94848555,a6f2a028bad17b1e04a7298c7e98606bcae425fe4e8146487dae5e6c5384e478
T3173,training,0.0356,-0.0176,0.00000000,0.0356|-0.0176,1,5047,test_iid,0.06378008,0.06378008,6f44dde4608649a2e7895481ac25d3a4e4d4eb22af9980b96ede4504a9ad48a0
T3174,training,0.0356,-0.0137,0.00000000,0.0356|-0.0137,1,4681,val_iid,0.71010822,0.71010822,bf30dd23677ac641945621a75615bbad0cb20b39d35ebdb1219e486766ad27fb
T3175,test,0.0356,0.0137,0.00000000,0.0356|0.0137,1,5545,test_iid,-0.71010822,-0.71010822,fcef34fd7d6e72a07a66e5cba3e11768b7dd18a5400518c25faf058827a5e084
T3176,training,0.0356,0.0176,0.00000000,0.0356|0.0176,1,5155,train,-0.06378008,-0.06378008,04e6969bc7c310d33a92bb3daa38b1fd0438f988ed33804bab617db6eca595b5
T3177,training,0.0357,-0.0353,0.00000000,0.0357|-0.0353,1,5323,train,0.02934781,0.02934781,8b8dc4aaafbc8635aed27c446c70613df1b4662570c29235633f5f88d30ce125
T3178,training,0.0357,0.0353,0.00000000,0.0357|0.0353,1,4891,train,-0.02934781,-0.02934781,a8832fb348363567b811b91b4c53eb0d326ea63ea371e31f07d69d2e35aa2962
T3179,training,0.0358,-0.0678,0.00000000,0.0358|-0.0678,1,8558,train,-0.12123349,-0.12123349,3e622ceb42c2c30a3ffab4187636df1ea087ffe3582cad366b49dfdb665b25a2
T3180,training,0.0358,-0.0638,0.00000000,0.0358|-0.0638,1,8202,train,0.25167160,0.25167160,6f20ac251223a41558ec9113251f3d3e9e2166bbefbcfb26d1a1f51194b7dfbb
T3181,training,0.0358,-0.0269,0.00000000,0.0358|-0.0269,1,4634,train,0.95757480,0.95757480,6ed900b9d84d0cb5b0f6621fbad00f37d81bbe1c5ae572b1c7ccf581e48d76fa
T3182,validation,0.0358,-0.0014,0.00000000,0.0358|-0.0014,1,5465,train,-0.20050537,-0.20050537,cdfbd06692818f7780528921ac233ae652f39f4fcfdf5f917144fbe3bd05be72
T3183,test,0.0358,0.0014,0.00000000,0.0358|0.0014,1,4709,train,0.20050537,0.20050537,f1fa2efd1fa11e3840206aa0a86759d38bf152cb374fd0c6329ce4ae9615ee27
T3184,validation,0.0358,0.0269,0.00000000,0.0358|0.0269,1,5606,train,-0.95757480,-0.95757480,d8ee4eef3bb37fd49d757a09fbb802edee32cc51f5f17ee4a6232588eb26499b
T3185,training,0.0358,0.0638,0.00000000,0.0358|0.0638,1,11496,train,-0.25167160,-0.25167160,73a98b89e47366338b513a783e5d9ac32f83f5cd237283b9c16add780445317f
T3186,test,0.0358,0.0678,0.00000000,0.0358|0.0678,1,11852,train,0.12123349,0.12123349,e6eb3b672e1f001ebb4c463cdf6a4845cac64313c486889708070e59c9000475
T3187,training,0.0359,-0.0390,0.00000000,0.0359|-0.0390,1,8239,train,0.02142225,0.02142225,cb4a5bc0edf9782550ec754996fdfee91101cee71f1612e0a8d472db9ff7275b
T3188,test,0.0359,0.0390,0.00000000,0.0359|0.0390,1,11425,train,-0.02142225,-0.02142225,fbc0da265f2926118fb18bec77938e608f56ea2af0cda4b0f8e3d74d8850f615
T3189,test,0.0360,-0.0270,0.00000000,0.0360|-0.0270,1,4635,train,0.96263599,0.96263599,f75d5a927af58841440e6a6e9b55821a6f1c59399085529dc13d6759fb513f8f
T3190,training,0.0360,-0.0038,0.00000000,0.0360|-0.0038,1,5485,train,-0.37277185,-0.37277185,551c0a2c6e01da685bd6f33f4246c8d3c23984d58295d22c19be59bfb18bef9c
T3191,training,0.0360,0.0038,0.00000000,0.0360|0.0038,1,4729,val_iid,0.37277185,0.37277185,b25516f6fe02c7e2b7c63fa2254ef1392e2e6ff8af0c1ee0f32263caa17df344
T3192,training,0.0360,0.0270,0.00000000,0.0360|0.0270,1,5607,val_iid,-0.96263599,-0.96263599,7385189a7729ff05d27ba0ae329330df694b45115dd8eb3213ab965a5af72d5f
T3193,training,0.0361,-0.0683,0.00000000,0.0361|-0.0683,1,8553,val_iid,-0.12126187,-0.12126187,855e6c9e8cf32825cab604c2574e412413ad74071c78be278e1e915fe31a5779
T3194,training,0.0361,-0.0418,0.00000000,0.0361|-0.0418,1,8244,train,0.03381574,0.03381574,31aae8df8a1a29eb235b783b4950b82ca76e53f5d138b609e4ab0166d2e843c8
T3195,training,0.0361,-0.0332,0.00000000,0.0361|-0.0332,1,4972,test_iid,0.09056589,0.09056589,28f4dc7d7c71c74a90812e1f9dad55646641e4abbebebf35cf055cd5fd743153
T3196,training,0.0361,0.0332,0.00000000,0.0361|0.0332,1,5188,val_iid,-0.09056589,-0.09056589,25ad440aac32a307d2c456888d9ab7a92e22b3b81b49187d20f11ea388949e2c
T3197,test,0.0361,0.0418,0.00000000,0.0361|0.0418,1,11430,train,-0.03381574,-0.03381574,ffcde873523707036e69550ddb63bade28f05f22ce7fe2fd91abad6b21c846cc
T3198,training,0.0361,0.0683,0.00000000,0.0361|0.0683,1,11847,train,0.12126187,0.12126187,2c4a0c1c899f492602fa2b4dd32ac774ff7e341b4a62ba36dec8af119ea9c8ce
T3199,test,0.0362,-0.0271,0.00000000,0.0362|-0.0271,2,4636;4637,train;val_iid,0.96748528,0.96748528,e9e0955804c47ad5b8028bdc6f84eec395e81f02d4dbc30ae12caf9767188027
T3200,training,0.0362,-0.0267,0.00000000,0.0362|-0.0267,1,5405,train,-0.09049966,-0.09049966,c0f7b1d629f9880b9ca172a1ec7e86bcbbb6024d23a66e2739ebeace1a2ec5bb
T3201,training,0.0362,-0.0253,0.00000000,0.0362|-0.0253,1,5027,train,0.05180848,0.05180848,0e38a650b971a30be6a54c2eb80f7ff25247383b19206ae8634bf81ab4bd15a5
T3202,training,0.0362,0.0253,0.00000000,0.0362|0.0253,1,5135,train,-0.05180848,-0.05180848,cc032ca41cf1e084da93760482d58f472efc1dfc817b8e8380def50a6efb72db
T3203,training,0.0362,0.0267,0.00000000,0.0362|0.0267,1,4757,train,0.09049966,0.09049966,7f148f35a738924b5c73a2c592a5f0da66fa39fc0b3dfc45c3e65b57a9a8defb
T3204,training,0.0362,0.0271,0.00000000,0.0362|0.0271,2,5608;5609,train;test_iid,-0.96748528,-0.96748528,5b01835367a35808ee6f03554e31cb21f10af0c1e758f1498b6412f999c00fb5
T3205,training,0.0363,-0.0350,0.00000000,0.0363|-0.0350,1,4934,train,0.22967621,0.22967621,3471a93da15e91a9f79ac4ec826e9a1ebbf5156cf82789bf5c518ce8b961ded2
T3206,training,0.0363,0.0000,0.00000000,0.0363|0.0000,1,5106,train,-0.00000000,-0.00000000,91e571950090708cc095bfe4ffcf2b7c9d29f3ba004c87ee16b96c4cb5d5921b
T3207,training,0.0363,0.0350,0.00000000,0.0363|0.0350,1,5258,train,-0.22967621,-0.22967621,c067583a3ccaee413815de795eece460c5a6a8c65319f4f5160b07f593976e86
T3208,training,0.0364,-0.0293,0.00000000,0.0364|-0.0293,1,5417,train,-0.07599859,-0.07599859,93fafde178c34592d9f72de92051baa050b40b023ae17ce0d44ef94fadc0e1d6
T3209,training,0.0364,0.0293,0.00000000,0.0364|0.0293,1,4769,train,0.07599859,0.07599859,8047fc0238a613f323540cd979479f230f14332fc52fa83cd8969819d57c91cc
T3210,training,0.0367,-0.0049,0.00000000,0.0367|-0.0049,1,5490,train,-0.42042532,-0.42042532,98fe2aa5d01b8b6bbed4ddad2c27bd8462e0b781c05d537ee94580240e7fd134
T3211,training,0.0367,0.0049,0.00000000,0.0367|0.0049,1,4734,train,0.42042532,0.42042532,c4288b18a14dcbc91022bde8ea682f310d42d75ccf55ed28c9e474bdbdeb27cc
T3212,training,0.0368,-0.0374,0.00000000,0.0368|-0.0374,1,8657,train,-0.15347472,-0.15347472,97da10c17c6f80fdc9912c0259e04f4e93fb530e2903a153101afa7ba9b35a9c
T3213,training,0.0368,0.0374,0.00000000,0.0368|0.0374,1,11735,train,0.15347472,0.15347472,8d48a41548ddb1a0ce25f99e903311f723fb7e349cef60ae74a8d693645cccce
T3214,validation,0.0369,-0.0393,0.00000000,0.0369|-0.0393,1,8218,train,0.01222500,0.01222500,cf18305edbb01b7a8603a28442d7d868721e810c4a6fc562826e2da012601d79
T3215,validation,0.0369,0.0393,0.00000000,0.0369|0.0393,1,11404,train,-0.01222500,-0.01222500,d2a8e0ba8869b6c227f50eccadbd510f57a491b38f2ba68a7d4e9027ea455768
T3216,training,0.0370,-0.0386,0.00000000,0.0370|-0.0386,1,8688,test_iid,-0.28036713,-0.28036713,321af1c5bded03432d34e9dc255b917ea936d3424219719fab8f7a5c4ccec041
T3217,training,0.0370,0.0386,0.00000000,0.0370|0.0386,1,11766,test_iid,0.28036713,0.28036713,7a6b38c58b28b6fad08bb73d6f2934018234c967dda3794040565b69a938ed5f
T3218,training,0.0371,-0.0401,0.00000000,0.0371|-0.0401,1,8591,train,-0.09968055,-0.09968055,956f2c7c2c41015dfd7fecfcc0e580944336af58a6694485e36996ef4d4f84e2
T3219,training,0.0371,-0.0388,0.00000000,0.0371|-0.0388,1,8683,train,-0.29950156,-0.29950156,24fc79b51d765ea78da2fd91aabd729fea69ea4c8a50d3a925b54c8a86c70850
T3220,test,0.0371,-0.0013,0.00000000,0.0371|-0.0013,1,5471,train,-0.19589581,-0.19589581,ed9140fd77d72fee658aebd851c8cd28f856f805683eff967e4924988de04982
T3221,training,0.0371,0.0013,0.00000000,0.0371|0.0013,1,4715,train,0.19589581,0.19589581,b80d036a42c73f6cd6df22ece49cd3a4b09907c3d92403f35da0664bfa34544b
T3222,training,0.0371,0.0388,0.00000000,0.0371|0.0388,1,11761,train,0.29950156,0.29950156,6c3a4c2512c82685708a49fb8622dca0830741ad1f99320a04337a035d1ee1fa
T3223,training,0.0371,0.0401,0.00000000,0.0371|0.0401,1,11777,train,0.09968055,0.09968055,028c844a78b01f8888cd8ef648776492bec66cbbf260993f4eb98566cb800516
T3224,training,0.0372,-0.0397,0.00000000,0.0372|-0.0397,1,8213,train,0.01071131,0.01071131,ae41953fb64a387b7806f5dca1982b3e534c5894efc3365cdc9a7cbc24c0d3b3
T3225,training,0.0372,-0.0376,0.00000000,0.0372|-0.0376,1,8272,train,-0.03987818,-0.03987818,3702acc3e5b36e48839fb0c3c6f404d413930220f6b38bbe1a5a3528815a5cbc
T3226,test,0.0372,-0.0284,0.00000000,0.0372|-0.0284,1,5411,train,-0.08694854,-0.08694854,eea97a7d744e5bbced4f4bef795d9bc3a70d8814fb1cd31dd6c84709c5084160
T3227,training,0.0372,0.0284,0.00000000,0.0372|0.0284,1,4763,train,0.08694854,0.08694854,430db9689b6b67d640d806c173f09e3d85e390c9691422d5935e7d77eb9da8d1
T3228,training,0.0372,0.0376,0.00000000,0.0372|0.0376,1,11350,train,0.03987818,0.03987818,ab33d12f6f38a49323aea03d0f6f9053c0ccdeb2cc3717010b12ab629a0065a5
T3229,training,0.0372,0.0397,0.00000000,0.0372|0.0397,1,11399,train,-0.01071131,-0.01071131,a8c7ad7854f65962778fa87d2c8020db199e6684df1cf0153b816fb67f3629e5
T3230,training,0.0374,-0.0368,0.00000000,0.0374|-0.0368,1,4931,train,0.15347472,0.15347472,0cb348199c74b230e63a5993465d73f068bd7e5ecde2aa38b3e40239b050b753
T3231,training,0.0374,-0.0277,0.00000000,0.0374|-0.0277,1,5038,train,0.05433045,0.05433045,477ce11ef40666b6b9f4c261eee67dcee4dfe923aa2461ad2270d94efd88e872
T3232,training,0.0374,0.0277,0.00000000,0.0374|0.0277,1,5146,train,-0.05433045,-0.05433045,a226731cfceb14379b700afc30ac004712ebb020f3f731990fb0159d6166bdb7
T3233,training,0.0374,0.0368,0.00000000,0.0374|0.0368,1,5255,train,-0.15347472,-0.15347472,a7fc0229da594d7e9d53d3f8e09620e3321e63f76b154f6515366ec5824917f6
T3234,validation,0.0375,-0.0675,0.00000000,0.0375|-0.0675,1,8197,train,0.28272179,0.28272179,e2021eb62a0f7ac84f82e6a598a77c41e94978c4f51eb4ac7b5ffe700c2df6e2
T3235,training,0.0375,-0.0257,0.00000000,0.0375|-0.0257,1,5032,train,0.05680036,0.05680036,36f7b371a46a7e0457d7cbfab767ea359837cc39c3b8ac66533835018d2ffcb3
T3236,training,0.0375,0.0257,0.00000000,0.0375|0.0257,1,5140,train,-0.05680036,-0.05680036,10b225afa219501e4489b2973053ea1ff650acf21bae9606995e3a3341a338b7
T3237,training,0.0375,0.0675,0.00000000,0.0375|0.0675,1,11491,train,-0.28272179,-0.28272179,a40b2a97513ff829f82b9a7694c6b14d6ec0fd4ebe9742df0e893b2e7f88f6dc
T3238,training,0.0376,-0.0381,0.00000000,0.0376|-0.0381,1,8298,train,-0.03212923,-0.03212923,a27db375bddb09a533cde91ebbd360e50abb3a65f5a87c80cf578f707582605a
T3239,training,0.0376,-0.0379,0.00000000,0.0376|-0.0379,1,8267,val_iid,-0.03701817,-0.03701817,50c22c5b1d7cc6184f9670b8c35c1047e85fb7a8107f711dbadc75db9e87993a
T3240,training,0.0376,-0.0372,0.00000000,0.0376|-0.0372,1,5302,train,0.03987818,0.03987818,5e8aceedb9579cff8da44941b4f29c6a481f2397908d1a8ea923d22250b29208
T3241,training,0.0376,0.0372,0.00000000,0.0376|0.0372,1,4870,train,-0.03987818,-0.03987818,a4d954d4dc0863724577fe45474006c227fb0aa9a5e9ca252e795e5d8aab8488
T3242,training,0.0376,0.0379,0.00000000,0.0376|0.0379,1,11345,train,0.03701817,0.03701817,46d2e200fa2547df08f4a22752987e9a2032e8316a611926c7df5ac23cbc7b98
T3243,training,0.0376,0.0381,0.00000000,0.0376|0.0381,1,11376,train,0.03212923,0.03212923,9182046d8103b08f3726b1c78d3d9a5087011847ce1456a2ea25420ecb771164
T3244,training,0.0377,0.0000,0.00000000,0.0377|0.0000,1,5101,val_iid,0.00000000,0.00000000,4291dc4652067194d93841e42be513d957b27b2ebd159dc89bc41e23f9505072
T3245,training,0.0379,-0.0376,0.00000000,0.0379|-0.0376,1,5297,train,0.03701817,0.03701817,1ede1fe86c2c3978e549faf27d1455c3620f0f1bf28f313334ef9c39d8b5ed1c
T3246,training,0.0379,0.0376,0.00000000,0.0379|0.0376,1,4865,train,-0.03701817,-0.03701817,cb673b6faa2469b11a62409a0689fb1d61b257664a0365c88e6947f973e6fa8f
T3247,training,0.0380,-0.0353,0.00000000,0.0380|-0.0353,1,4978,test_iid,0.08877825,0.08877825,7bed831df38f2f9d871d8073e55acc6e6454bcc1c8886f81400619268359d085
T3248,training,0.0380,0.0353,0.00000000,0.0380|0.0353,1,5194,train,-0.08877825,-0.08877825,bc9e18207df38d0a8226fd3cbc1886cc6af4c8c341be5fe19acf938dc9e44140
T3249,training,0.0381,-0.0408,0.00000000,0.0381|-0.0408,1,8602,test_iid,-0.09905838,-0.09905838,c6f886f5d23488b97eab2ca7223e531fdf595e007d1aa950174ff682213f6afa
T3250,test,0.0381,-0.0376,0.00000000,0.0381|-0.0376,1,5328,train,0.03212923,0.03212923,ef68b23d676e7c78d552276c41c5eafa3062b5055acda7f793a3d809b4ae03a2
T3251,training,0.0381,0.0376,0.00000000,0.0381|0.0376,1,4896,train,-0.03212923,-0.03212923,680c34d61d13bebcddae8de8756f28ecf37d7c67c554135f15c6c8181061c7bd
T3252,training,0.0381,0.0408,0.00000000,0.0381|0.0408,1,11788,train,0.09905838,0.09905838,33ce652c1957e33b93b5a9bf0ed0ac5134fb23aab99025763fa171a3d14622bb
T3253,training,0.0382,-0.0345,0.00000000,0.0382|-0.0345,1,4999,train,0.09892736,0.09892736,7ac8f805e6f517ccef1ad724d679d4b6e305808ba13157184bd31054a3b7e73d
T3254,validation,0.0382,0.0000,0.00000000,0.0382|0.0000,1,5086,test_iid,0.00000000,0.00000000,ccc5a62ecefdf63c74af40d248e1a36d7ebcd604edd6db98f803ad868926bea0
T3255,training,0.0382,0.0345,0.00000000,0.0382|0.0345,1,5215,train,-0.09892736,-0.09892736,18889fb999877b922b14b8a61bf247dd5bb26b47e16e79910e4a11d76378f7db
T3256,test,0.0383,-0.0657,0.00000000,0.0383|-0.0657,1,8175,train,0.19777928,0.19777928,f42a40ac0adcec89d00d827f096b04eec8e55e9309042fb81b2796bec289f35d
T3257,training,0.0383,0.0657,0.00000000,0.0383|0.0657,1,11469,train,-0.19777928,-0.19777928,a2f0af1001c701775192a3b77f94949a5ddb17d307e665486f265fa58134b538
T3258,validation,0.0384,-0.0315,0.00000000,0.0384|-0.0315,1,5004,train,0.17502591,0.17502591,d56c60e713692e3be095c19e1415323ee566de7171d017f09054a6c929be1c51
T3259,training,0.0384,-0.0180,0.00000000,0.0384|-0.0180,1,4664,test_iid,0.75188025,0.75188025,2257a7c53de57bbbf89e592685955042dfa8f7efdf5127432a838471e0a39a4d
T3260,test,0.0384,0.0180,0.00000000,0.0384|0.0180,1,5528,train,-0.75188025,-0.75188025,f728311b899ca84fa0587f7ae49e5d652006d0e0bd1e78afeee02072ccca28a2
T3261,training,0.0384,0.0315,0.00000000,0.0384|0.0315,1,5220,train,-0.17502591,-0.17502591,bbeca5cc5d160b40ebe75dd45055041ed4f949dbbe816ccc70ab887a4998c192
T3262,training,0.0385,-0.0656,0.00000000,0.0385|-0.0656,1,8180,train,0.19700785,0.19700785,268ebb3cce8400f7bc56f056a3325fcd9d4e327709b3a36ea3637b34c72dd2d1
T3263,training,0.0385,0.0000,0.00000000,0.0385|0.0000,1,5081,train,-0.00000000,-0.00000000,85166c406c5c47753f0bc46816ba7793885c1066f3504c35368424c19437967b
T3264,training,0.0385,0.0656,0.00000000,0.0385|0.0656,1,11474,train,-0.19700785,-0.19700785,cbf9068ebdb0d85df388c4b7288115c04fcbcf323a68d7bb61f64dfa399c4dd6
T3265,training,0.0386,-0.0370,0.00000000,0.0386|-0.0370,1,4962,train,0.28036713,0.28036713,2f15fa9ef42ae3497a804321f8a13a8f48ce481e2d246cb024193c14d46fd414
T3266,test,0.0386,0.0370,0.00000000,0.0386|0.0370,1,5286,train,-0.28036713,-0.28036713,f62df88e58e6cfd84244aaacfbcdfd307cec8094844f8e4234da0500f43b89c4
T3267,training,0.0387,0.0000,0.00000000,0.0387|0.0000,1,5092,train,0.00000000,0.00000000,8d8fdb267ae254d6b8df58de933cd8f895dcaaa34fee37c0ed088133162ec093
T3268,training,0.0388,-0.0371,0.00000000,0.0388|-0.0371,1,4957,train,0.29950156,0.29950156,3c8c3c0974eeb48c61e48071c2a84a677f0d4cb5d5bd9a98bc40cffdfe3d25b7
T3269,training,0.0388,0.0371,0.00000000,0.0388|0.0371,1,5281,train,-0.29950156,-0.29950156,0601cbfcd21bdaadd6172b3cf244115095fbec68b06eaac3a15f37424dcb2eba
T3270,validation,0.0389,-0.0393,0.00000000,0.0389|-0.0393,1,8278,train,-0.04574774,-0.04574774,e278be48d16505c5e2b6011492c8d549ab5d03b94674fb63d3ff47abf1e3aba7
T3271,training,0.0389,0.0393,0.00000000,0.0389|0.0393,1,11356,train,0.04574774,0.04574774,850d55f691df7df310451af7d7b773afcd9c4c7afadbadc5e56e18a482e4e357
T3272,training,0.0390,-0.0414,0.00000000,0.0390|-0.0414,1,8224,train,0.01032906,0.01032906,92ccbadeb9757ccfaf9dce73edf46aadf5defb25205dac65596dd52cb94dd3f5
T3273,training,0.0390,-0.0404,0.00000000,0.0390|-0.0404,1,8666,train,-0.24575549,-0.24575549,8f154aa4f4246edd1285f9497c18964c9b9b137f7e332acaaf11433781e2996f
T3274,training,0.0390,-0.0359,0.00000000,0.0390|-0.0359,1,5377,train,-0.02142225,-0.02142225,27fb2ba2b8e269fdf11b3eda3ec69e69988e574fbbd5ae15c2a695a8062bc1a1
T3275,training,0.0390,0.0359,0.00000000,0.0390|0.0359,1,4837,test_iid,0.02142225,0.02142225,a0743fe381a556363d528e9bf379d9dde442af5a6a5235543caa22dba779b879
T3276,training,0.0390,0.0404,0.00000000,0.0390|0.0404,1,11744,train,0.24575549,0.24575549,947edb42a24ef81e5c4d684b56370cd74625321f3a7608dc15e1e7ee87498a9a
T3277,training,0.0390,0.0414,0.00000000,0.0390|0.0414,1,11410,train,-0.01032906,-0.01032906,b5161342b1ac7709773179a0abd3ac8a5865d4301f9cf45eb0db941029d0bdf7
T3278,training,0.0393,-0.0389,0.00000000,0.0393|-0.0389,1,5308,train,0.04574774,0.04574774,a9dba0ae9138c3fe086dd00bfcd780d1940ef1a764ceab24443e096653672e99
T3279,training,0.0393,-0.0369,0.00000000,0.0393|-0.0369,1,5356,train,-0.01222500,-0.01222500,221dcc5a10249965917843d1e0455ffca6ccfb6bfe87a9f3804b33d76a0e0a7a
T3280,training,0.0393,0.0369,0.00000000,0.0393|0.0369,1,4816,train,0.01222500,0.01222500,35598fb2a264b715944b2f2a59a42a46dc7c9c8148e951f96d986e3d82bc984e
T3281,training,0.0393,0.0389,0.00000000,0.0393|0.0389,1,4876,train,-0.04574774,-0.04574774,959d2a23b030ab1cea0290b2ac0dd66e97e77d7b9144f17675607719488a495b
T3282,training,0.0395,-0.0424,0.00000000,0.0395|-0.0424,1,8597,train,-0.10326489,-0.10326489,c9da9802998a02013e022e900e69d03bbd21a39ea5a99e4561d81018a358435f
T3283,training,0.0395,0.0424,0.00000000,0.0395|0.0424,1,11783,train,0.10326489,0.10326489,4c10baedb9b5643ff9e7f0052b3c7927901ed4050ede3b009dbfbf35a252680f
T3284,training,0.0397,-0.0372,0.00000000,0.0397|-0.0372,1,5351,train,-0.01071131,-0.01071131,2abc7fa59a2d8ceffac50e6f6713e3107bd373d63310882167456cf9a80352de
T3285,training,0.0397,-0.0189,0.00000000,0.0397|-0.0189,1,4670,train,0.77821616,0.77821616,52d26a87fd8865a7343c22cbd2743834c74df14b83947ab34317cc50dd5303b9
T3286,training,0.0397,0.0189,0.00000000,0.0397|0.0189,1,5534,train,-0.77821616,-0.77821616,2594df5cfe739d3b4bf79db2f6c10cdb984a8742a002dcd0df11efbd93ff7f5c
T3287,training,0.0397,0.0372,0.00000000,0.0397|0.0372,1,4811,val_iid,0.01071131,0.01071131,1d1238209c0211b13ed293bd5c1b548f5ea93835914632e68cb2ac8770bb9ca5
T3288,training,0.0399,-0.0158,0.00000000,0.0399|-0.0158,1,4687,train,0.79773651,0.79773651,43f33418a297acc8614005bcd81e1f9329eb424b94d6b84c9135218a59bd5bc9
T3289,training,0.0399,0.0158,0.00000000,0.0399|0.0158,1,5551,train,-0.79773651,-0.79773651,785986150a0d052ca068f54ed55f5f35a3b7dc56a8b3d1b816f69514ca09d7a7
T3290,training,0.0401,-0.0371,0.00000000,0.0401|-0.0371,1,4973,train,0.09968055,0.09968055,9d17b03a1d2082a1c05d499e294978ec42ff55dbf7acd1c63ce15092abb22eaf
T3291,training,0.0401,0.0371,0.00000000,0.0401|0.0371,1,5189,train,-0.09968055,-0.09968055,720efe10066b2ad1b0adfc5f8bf66f528760e5e4df21b3a4d4e91ad471589d30
T3292,training,0.0404,-0.0390,0.00000000,0.0404|-0.0390,1,4940,train,0.24575549,0.24575549,4f246c06a0c0f671ff3cede0efc0fb0ee5fa4a99860832460ce1b7520631d927
T3293,training,0.0404,-0.0234,0.00000000,0.0404|-0.0234,1,5431,test_iid,-0.12192075,-0.12192075,64c6c6aec56d6ed5e3f71d71a31c429da83ef8fdf3115ff24c17fbc06a87a350
T3294,training,0.0404,0.0234,0.00000000,0.0404|0.0234,1,4783,test_iid,0.12192075,0.12192075,20a157be1e5e40d852d61f17c92d5b508e2602420ff23adcacb26bde5f42cae6
T3295,training,0.0404,0.0390,0.00000000,0.0404|0.0390,1,5264,train,-0.24575549,-0.24575549,2f17404232144f6edbf332b392e2d17c3818b4221f80dad4dfe0d7b1e019f38c
T3296,training,0.0405,-0.0421,0.00000000,0.0405|-0.0421,1,8661,train,-0.26953927,-0.26953927,37996a5f4ac52d0b486f441f79132ee19998680b425be6055633e73332680d5f
T3297,training,0.0405,0.0421,0.00000000,0.0405|0.0421,1,11739,train,0.26953927,0.26953927,0472cf9e1fb2908ffeb39914d5977d5e82def2c695fdde72615824d58d4452ec
T3298,training,0.0406,-0.0432,0.00000000,0.0406|-0.0432,1,8219,train,0.01165796,0.01165796,3e16470eb3f9ac23e6af8ae9345df6e40461e23b5a085ec4d3fb58ac9e95dcf2
T3299,training,0.0406,0.0432,0.00000000,0.0406|0.0432,1,11405,val_iid,-0.01165796,-0.01165796,c92176ca69474023c73326a5306aab973d2c7137163c4af8a8dd893ca3118835
T3300,training,0.0408,-0.0412,0.00000000,0.0408|-0.0412,1,8273,train,-0.05098395,-0.05098395,7675895d9fd0623854fe02b51405f36ae70a29e7a6f1c4f283123d038147eb6e
T3301,training,0.0408,-0.0381,0.00000000,0.0408|-0.0381,1,4984,train,0.09905838,0.09905838,2d9e9c2e52ba26021a4176f277a926562fed84004cb379e4a02eee0d53bedbc7
T3302,training,0.0408,0.0381,0.00000000,0.0408|0.0381,1,5200,train,-0.09905838,-0.09905838,9730a9d66f5af2f295752d3ad125fa3e2c1dc704fe36aadf3380288bb7115c15
T3303,validation,0.0408,0.0412,0.00000000,0.0408|0.0412,1,11351,test_iid,0.05098395,0.05098395,d4f2a92fd6e5a1bb2cc1e3e6540d674a4ce212742f47b589fbaf9226a96a7295
T3304,training,0.0409,-0.0842,0.00000000,0.0409|-0.0842,1,8581,train,-0.16930169,-0.16930169,9d7e187836286ed26b0b6928d5cb45c6474311459e2b88f899169f67171ae99d
T3305,validation,0.0409,-0.0287,0.00000000,0.0409|-0.0287,1,5033,train,0.06154214,0.06154214,dd9ee447325e004bcd240ce901e2493c95ea7c737c2c6fc777aeaee67f218ced
T3306,training,0.0409,0.0287,0.00000000,0.0409|0.0287,1,5141,train,-0.06154214,-0.06154214,6b55802d67a6f1664e8f17a510be5d8e8d4aa64167b73be920b9cb666aea528d
T3307,training,0.0409,0.0842,0.00000000,0.0409|0.0842,1,11875,train,0.16930169,0.16930169,1fa173db9fac0a91047cf436025d1a4bfb64893dfda59b62502277a7150643a1
T3308,training,0.0410,-0.0176,0.00000000,0.0410|-0.0176,1,4692,train,0.83184479,0.83184479,4758f8d1a662fca7e03188bc78efeea91aa9939ada0aa01045ffe7dc3685423b
T3309,test,0.0410,0.0176,0.00000000,0.0410|0.0176,1,5556,val_iid,-0.83184479,-0.83184479,f66475813838f29ec7282551dfba13187f511cc00d744fc0329468a0a45df789
T3310,training,0.0411,-0.0766,0.00000000,0.0411|-0.0766,1,8564,train,-0.14051574,-0.14051574,9b5c7cab68d1f5180f0355d04cb44cfac6fc1c627c441060b6db0d5942a61037
T3311,training,0.0411,-0.0488,0.00000000,0.0411|-0.0488,1,8628,train,-0.20544118,-0.20544118,a7c95d319d06f693a8371d6b60580db23fc686e9ce9fb354a438313739db48c3
T3312,training,0.0411,-0.0194,0.00000000,0.0411|-0.0194,1,4665,train,0.80671184,0.80671184,7e725e2cbc87eab76a4589dcc06b401e9504398fb1fca8ed3b6564a30a74669b
T3313,training,0.0411,0.0194,0.00000000,0.0411|0.0194,1,5529,val_iid,-0.80671184,-0.80671184,1dba559045c388ecb1d8220814eb8065008b5fc3330baf13e9e00b625c39abec
T3314,test,0.0411,0.0488,0.00000000,0.0411|0.0488,1,11814,train,0.20544118,0.20544118,fe0fe9a17d747c121c8699b7560c64c137108d01848d20275798fafcb4b0342f
T3315,training,0.0411,0.0766,0.00000000,0.0411|0.0766,1,11858,train,0.14051574,0.14051574,44bb0f055a47f2b16d2ed81acc67dee65235fc717ce509ece38c740ca1a4f40b
T3316,test,0.0412,-0.0408,0.00000000,0.0412|-0.0408,1,5303,train,0.05098395,0.05098395,f52788fbc2dfdb501c10a4020b409794bac708c389d2b65511a534ff9eca3b34
T3317,validation,0.0412,-0.0311,0.00000000,0.0412|-0.0311,1,5039,test_iid,0.05981830,0.05981830,e14539e69c4634663a47be2fd417fa3876848718777ebcaa5d7e58a6b69b7e5b
T3318,training,0.0412,0.0311,0.00000000,0.0412|0.0311,1,5147,train,-0.05981830,-0.05981830,1854f1bf78061e8fa43302f0335a0ae5fc2f9417ec5958d696d096f979594340
T3319,test,0.0412,0.0408,0.00000000,0.0412|0.0408,1,4871,train,-0.05098395,-0.05098395,e9179abb24e020f7cc0ed35ac2a2603895a052e2e6fa6d18fce369a11b44017e
T3320,training,0.0414,-0.0390,0.00000000,0.0414|-0.0390,1,5362,train,-0.01032906,-0.01032906,20f0310e0939459039fd828050a71937e289f91f1bb4e28c5889be5dfc9303b4
T3321,validation,0.0414,0.0390,0.00000000,0.0414|0.0390,1,4822,val_iid,0.01032906,0.01032906,e2492b12cf1f999e9c3fcc21da6abf2499d033ee38f6fad397909716f7c72606
T3322,training,0.0415,0.0000,0.00000000,0.0415|0.0000,1,5093,train,-0.00000000,-0.00000000,544ac7968a5266ad538068399ebded283d89bb9e37c6d0d5e09c911d174e627d
T3323,training,0.0416,-0.0228,0.00000000,0.0416|-0.0228,1,5436,train,-0.18608000,-0.18608000,46953e13cca6b89f9b265fc7918e74ea8516ee2f0c14f8ead1485c5d098a0019
T3324,training,0.0416,0.0000,0.00000000,0.0416|0.0000,1,5087,train,0.00000000,0.00000000,8faa400e0a97d299395d87e4240aff87d76d65448b786431179429a25c4ce963
T3325,training,0.0416,0.0228,0.00000000,0.0416|0.0228,1,4788,train,0.18608000,0.18608000,23b90845ec8cb0b6dae8f86d520be268b0627be659da46b7d1e0b5cc99955716
T3326,training,0.0418,-0.0361,0.00000000,0.0418|-0.0361,1,5382,train,-0.03381574,-0.03381574,99493093dd72c33ec82fae5fce3a98f00854924de50cf88f2828fda8b9a8ef31
T3327,training,0.0418,0.0361,0.00000000,0.0418|0.0361,1,4842,train,0.03381574,0.03381574,8de5a3f8202f3597b239586b8e56d13d95931976caa9861523da10c29b755c47
T3328,training,0.0419,-0.0780,0.00000000,0.0419|-0.0780,1,8559,train,-0.13820502,-0.13820502,365181f88961dbcd6b7c82f49d15f0f2a581421d47fabeae2990b1a24229d38f
T3329,test,0.0419,0.0780,0.00000000,0.0419|0.0780,1,11853,train,0.13820502,0.13820502,ffb5c62cfc2366e4ceee3b54d276aaae38fbeebcb9e50cc8d34bf484facc8cdd
T3330,training,0.0420,-0.0434,0.00000000,0.0420|-0.0434,1,8667,train,-0.26761135,-0.26761135,6479398ce0dc99760e2ecd5913c53a312e5190583c30a40829e065e5529fbbd8
T3331,training,0.0420,-0.0213,0.00000000,0.0420|-0.0213,1,4676,train,0.81995846,0.81995846,be3e6202de3facc08243bb8d1503d4c9cee5e6d0e09b8b37315702cf529e2210
T3332,training,0.0420,0.0213,0.00000000,0.0420|0.0213,1,5540,train,-0.81995846,-0.81995846,6e8dfbc10f751f6b4d3a1f40a066cd8a9ed9429b184da14edd7f89f238940952
T3333,training,0.0420,0.0434,0.00000000,0.0420|0.0434,1,11745,val_iid,0.26761135,0.26761135,081962e95d943c51247b2b90fd7121038fc151ba7fdc7614ffd3aed14b719bc5
T3334,validation,0.0421,-0.0405,0.00000000,0.0421|-0.0405,1,4935,train,0.26953927,0.26953927,deb3f0780807df4c0d71df2e1a79c1160de6d3954c7954ffc9d1bc276591db4a
T3335,validation,0.0421,-0.0216,0.00000000,0.0421|-0.0216,1,5053,test_iid,0.07509303,0.07509303,e00bec339dd12191e579d6817ea9df539d085872643c76241e3f6b4be2dcd9d5
T3336,validation,0.0421,0.0216,0.00000000,0.0421|0.0216,1,5161,train,-0.07509303,-0.07509303,de5ee0203a5ba7c8786841e8a423fd88895c7e92a644379c80b48fc5622d75f6
T3337,training,0.0421,0.0405,0.00000000,0.0421|0.0405,1,5259,train,-0.26953927,-0.26953927,5ed17ff2583199e8ea8d467d12c7fd86ea20296a4e879d73add43981ca014f5a
T3338,training,0.0422,-0.0451,0.00000000,0.0422|-0.0451,1,8603,train,-0.10651454,-0.10651454,142262864bc0de300e1999b6e7b79ae99eb667cb64c0d37f8c97413dd50070c2
T3339,training,0.0422,0.0451,0.00000000,0.0422|0.0451,1,11789,test_iid,0.10651454,0.10651454,63b485fe4852f383a3f9e6a68066e18ede43c794aea2c46aa3e5ba659847ea1d
T3340,training,0.0423,-0.0440,0.00000000,0.0423|-0.0440,1,8689,train,-0.31393836,-0.31393836,8933112e126ed8fed80bd68f9055ec593efd58c94aebf53371f525bde60571a1
T3341,training,0.0423,0.0440,0.00000000,0.0423|0.0440,1,11767,train,0.31393836,0.31393836,4c3974807e9ae03ed746f7804584b702759092a36cc3ef51b0922c71c732d7ca
T3342,training,0.0424,-0.0395,0.00000000,0.0424|-0.0395,1,4979,train,0.10326489,0.10326489,31366ddf558a2d9437af3e2017ded995f0392c5d280033b86cba253b79c20a83
T3343,training,0.0424,0.0395,0.00000000,0.0424|0.0395,1,5195,train,-0.10326489,-0.10326489,33e63ef96846433fb569e27efaa0a271f57c57cf62fa1927ab5318eed210589b
T3344,validation,0.0431,-0.0456,0.00000000,0.0431|-0.0456,1,8225,train,0.00886083,0.00886083,ce00ee5bba85463a9aa55b9689bf6df64260c300a5de771bc325ead353887c88
T3345,training,0.0431,0.0456,0.00000000,0.0431|0.0456,1,11411,train,-0.00886083,-0.00886083,3b6c2b57cccadd210e22fd00d76f90733e7e7f943404bd768de810a34912ef9b
T3346,training,0.0432,-0.0406,0.00000000,0.0432|-0.0406,1,5357,train,-0.01165796,-0.01165796,5c6915358984351f9a502eae281f790ab1bc2554fa8ac44e0d19922a6730f501
T3347,training,0.0432,0.0406,0.00000000,0.0432|0.0406,1,4817,test_iid,0.01165796,0.01165796,73eb7ee069744df58defbf229c90de282e1fdcd6bcf61c51b4f4bbf619758275
T3348,training,0.0433,-0.0437,0.00000000,0.0433|-0.0437,1,8279,train,-0.05443401,-0.05443401,5af9a17d5a05977a343db2593d0d3c2ccaf90b91cd55569354ac3c75eac34a84
T3349,training,0.0433,0.0437,0.00000000,0.0433|0.0437,1,11357,train,0.05443401,0.05443401,8beb17df40892a1c3856f560667620cf9c7fc1c689deb083041db23182ee8538
T3350,training,0.0434,-0.0420,0.00000000,0.0434|-0.0420,1,4941,train,0.26761135,0.26761135,bcd1f00727db3e71340ebea41b33bdb951b945db64094c93ce4a901e6327e696
T3351,validation,0.0434,0.0420,0.00000000,0.0434|0.0420,1,5265,train,-0.26761135,-0.26761135,de3404d8abc93a3e223a2411da24a305ebe8a3bca533d62d1592fc62179a2fc6
T3352,training,0.0436,-0.0727,0.00000000,0.0436|-0.0727,1,8186,train,0.20009103,0.20009103,58d199488cf645c7f11f7c9fad58b7bf100045c30b7ba317717b1a1db8a01391
T3353,training,0.0436,-0.0518,0.00000000,0.0436|-0.0518,1,8623,train,-0.22087771,-0.22087771,b40fe03e10a86294d7049168e9109239f2cc35e509c963b723b4bf293ca000a8
T3354,training,0.0436,0.0518,0.00000000,0.0436|0.0518,1,11809,train,0.22087771,0.22087771,86a2aaf201572af35ed67c266f86c08996bd20311d7b0ce304a4ecd0304252b0
T3355,training,0.0436,0.0727,0.00000000,0.0436|0.0727,1,11480,train,-0.20009103,-0.20009103,8707e5020fc1cf1294e41f0d30e895903605bb9228e7b61630574e44922c40c1
T3356,training,0.0437,-0.0433,0.00000000,0.0437|-0.0433,1,5309,train,0.05443401,0.05443401,25e9bf55bf0663133aa793f79e3e8263f76ef178a749df774868237579f2d91e
T3357,training,0.0437,-0.0211,0.00000000,0.0437|-0.0211,1,4671,train,0.86536421,0.86536421,450cffa57ba66003c76f5cad8531897fe29c58a7a2d00c915249f45e86983f99
T3358,training,0.0437,0.0211,0.00000000,0.0437|0.0211,1,5535,train,-0.86536421,-0.86536421,8d00c13133875125f0844131987933c3ea36ecf42629e384e05e0fc93b4ca202
T3359,training,0.0437,0.0433,0.00000000,0.0437|0.0433,1,4877,train,-0.05443401,-0.05443401,90eddf405580e667a43fd8940a43caa3b9576d7c6cb86c6e8aa8790b0c3649c6
T3360,training,0.0440,-0.0423,0.00000000,0.0440|-0.0423,1,4963,train,0.31393836,0.31393836,63c9dbbe806067dc1d9da38d5d2dc5a84e5c3427fa47739fd1e60113cfa2a666
T3361,test,0.0440,-0.0224,0.00000000,0.0440|-0.0224,1,4677,train,0.86291586,0.86291586,f75004e11c0535ff67abc06f4e02dd80c5859c20b9e71107c69b32f93915697b
T3362,training,0.0440,0.0224,0.00000000,0.0440|0.0224,1,5541,train,-0.86291586,-0.86291586,44181f7c3af3d185ecebfd9f7ea4e0cdd39d643c854acd55c827d2a399819888
T3363,training,0.0440,0.0423,0.00000000,0.0440|0.0423,1,5287,train,-0.31393836,-0.31393836,8601dfbf3cb3363b24971a7e6d8bdd24655eb4a5d30ead588b4f81c7dca8ba61
T3364,training,0.0448,-0.0795,0.00000000,0.0448|-0.0795,1,8203,train,0.30386125,0.30386125,8ab06821347813bf18b2074be466431503d8fa6ceb6dbb4c032d05629c6c3596
T3365,training,0.0448,-0.0464,0.00000000,0.0448|-0.0464,1,8672,train,-0.27941138,-0.27941138,885d0a7ebddfad215b40a7f74abdd05f97662b077c59e84436b4355a224b9112
T3366,training,0.0448,0.0464,0.00000000,0.0448|0.0464,1,11750,train,0.27941138,0.27941138,763d77f359e02108d1ed473638b8aee14ac88b4e66e4c122f6443ded3849e731
T3367,training,0.0448,0.0795,0.00000000,0.0448|0.0795,1,11497,train,-0.30386125,-0.30386125,9880c25a4eaa37a3f1e6b9ca68d0655abbbb8a2fdf154baf437e875944558213
T3368,training,0.0449,-0.0760,0.00000000,0.0449|-0.0760,1,8181,train,0.22486203,0.22486203,7e62be9882c737228853ccb24de76751ca56786e033be5ad70c2375479987d43
T3369,training,0.0449,0.0000,0.00000000,0.0449|0.0000,1,5107,val_iid,-0.00000000,-0.00000000,19681260ddc5340927c3ed6c6545c615280a84553ed7d92550bc329d9f7d4e75
T3370,training,0.0449,0.0760,0.00000000,0.0449|0.0760,1,11475,train,-0.22486203,-0.22486203,02c1dce776df128910756520e1367584fb000119a3a0d8bbcab6ca94718944d1
T3371,validation,0.0451,-0.0422,0.00000000,0.0451|-0.0422,1,4985,train,0.10651454,0.10651454,dfaaf86feacf82a01bf905c59e353ef44ead6d81d4410bcf1f3b44b17698e5da
T3372,training,0.0451,-0.0057,0.00000000,0.0451|-0.0057,1,5496,train,-0.52051933,-0.52051933,39160fa318af5e363040ca619289e043b81c25cbe9fd4d0c35374698caef3f28
T3373,training,0.0451,0.0057,0.00000000,0.0451|0.0057,1,4740,train,0.52051933,0.52051933,6c632ec88204245d4d96ab534322386dd807a2afaaf5a25334558590e623cf1e
T3374,validation,0.0451,0.0422,0.00000000,0.0451|0.0422,1,5201,train,-0.10651454,-0.10651454,ccd858aec94019fb6c38db656789dca71dbf9e28f819e9bf7162597d62c0cf25
T3375,training,0.0456,-0.0431,0.00000000,0.0456|-0.0431,1,5363,train,-0.00886083,-0.00886083,b43e7ac92dc106377170ea4980a33f0a4df3c1336b25793217dc585e603c8bd6
T3376,test,0.0456,0.0431,0.00000000,0.0456|0.0431,1,4823,train,0.00886083,0.00886083,f9d0462714ab517e6d1dee9d8b98cd44a136385137e9ebf446a3afe66e8575f8
T3377,training,0.0459,-0.0205,0.00000000,0.0459|-0.0205,1,5058,test_iid,0.09734064,0.09734064,13737039bf87561c36235e7c01c5221eb73e7a40be42ed6b0f9596989d805800
T3378,training,0.0459,0.0205,0.00000000,0.0459|0.0205,1,5166,train,-0.09734064,-0.09734064,81c185df08e0515ac203cb1a1ae8ffc08fb8c7144d511b5c047a290b39621351
T3379,training,0.0460,-0.0476,0.00000000,0.0460|-0.0476,1,8673,train,-0.28732888,-0.28732888,92723ca9926cf792712919fd4eb7653b5352d7b5e82597a8e9eaffef0384d9d2
T3380,training,0.0460,-0.0197,0.00000000,0.0460|-0.0197,1,4693,test_iid,0.94102733,0.94102733,c904f6ab687e28cad55a2a77489f29f6362d9cc7844070a450d3fa7016c9ad65
T3381,validation,0.0460,0.0197,0.00000000,0.0460|0.0197,1,5557,train,-0.94102733,-0.94102733,e2cab8b1235cda630bab8275c87ac6cbec36a32870f0968fe0a33766a722ba7e
T3382,training,0.0460,0.0476,0.00000000,0.0460|0.0476,1,11751,test_iid,0.28732888,0.28732888,1111454b982a7097f2394d3a440ff360bb15ebdb3fea17693b7feae8e01f3561
T3383,training,0.0464,-0.0469,0.00000000,0.0464|-0.0469,1,8304,train,-0.04099272,-0.04099272,084620847193b9c16c366e3a8d47dbf45552222a5dcc9db370cc2362728c2cab
T3384,training,0.0464,-0.0448,0.00000000,0.0464|-0.0448,1,4946,train,0.27941138,0.27941138,bc810270ed0eb6ff8aad93a6733e2879da255127d135641a0811a664c21e318b
T3385,training,0.0464,0.0448,0.00000000,0.0464|0.0448,1,5270,train,-0.27941138,-0.27941138,391ef163ca65278aaabb581c488d42446ca16c3d017a0ff001131c1a9c1027ab
T3386,training,0.0464,0.0469,0.00000000,0.0464|0.0469,1,11382,train,0.04099272,0.04099272,8807cf8041299f6db84a0ea2fb35b563d3d248297e99a77f251289497a367e12
T3387,training,0.0467,0.0000,0.00000000,0.0467|0.0000,1,5112,train,0.00000000,0.00000000,00461ca50e8bc13f12ba83415458464e0e74971521b961d0be9b09ee53e7a899
T3388,training,0.0469,-0.0464,0.00000000,0.0469|-0.0464,1,5334,train,0.04099272,0.04099272,4631387fd134f96acc675f602304009b946f8ab02171363d791b736626f0763d
T3389,training,0.0469,0.0464,0.00000000,0.0469|0.0464,1,4902,train,-0.04099272,-0.04099272,c2cbf0ca537c3ca1c6d2a7e750f798e5520f5a828b5f53a8339076a85559c124
T3390,test,0.0474,-0.0057,0.00000000,0.0474|-0.0057,1,5491,train,-0.54942639,-0.54942639,e58b4f344e5733868de40b5790e89f2fec4a15b7efd8284e73317e307e114988
T3391,training,0.0474,0.0057,0.00000000,0.0474|0.0057,1,4735,train,0.54942639,0.54942639,bac7610e69d1d9614abf12cb2bb4e38e71539d2ae7cd7b575975c800a51e7d70
T3392,validation,0.0476,-0.0541,0.00000000,0.0476|-0.0541,1,8250,train,0.04050384,0.04050384,d712b00b3a5b176ce4238465e9a44ddc2b105dc887a9033225d2212de978b29c
T3393,training,0.0476,-0.0502,0.00000000,0.0476|-0.0502,1,8678,train,-0.38991125,-0.38991125,b884e094b636cf0d177da00cdc1edc62a784f9ae80d09d80469ed30827851e46
T3394,training,0.0476,-0.0460,0.00000000,0.0476|-0.0460,1,4947,val_iid,0.28732888,0.28732888,0c5ee9ecfcbd65295b2f85e4ee72ca2553427def879e556f341bddba5e301d85
T3395,training,0.0476,0.0460,0.00000000,0.0476|0.0460,1,5271,train,-0.28732888,-0.28732888,a7f7fed28be36157224562958ca07d468d28ad7833d21d9a8cb0a8d0cdc9a0a7
T3396,training,0.0476,0.0502,0.00000000,0.0476|0.0502,1,11756,train,0.38991125,0.38991125,ba1e0876387564ef9c46d7ae19c7f70bbf5779ff763f0e50cab37d73d98fe529
T3397,training,0.0476,0.0541,0.00000000,0.0476|0.0541,1,11436,train,-0.04050384,-0.04050384,43fc1d2b6395fb6704835f90e96b024c57f95495e8e02afe720deaecb71b34bd
T3398,training,0.0479,-0.0878,0.00000000,0.0479|-0.0878,1,8565,val_iid,-0.15801771,-0.15801771,96820bf22843aeab10d4487da47ef51e7ea02786d64abfcf3a961c0b8a9adb9b
T3399,training,0.0479,-0.0546,0.00000000,0.0479|-0.0546,1,8245,train,0.03898741,0.03898741,911f61f9135021166aa2542d9672b58574965b49f03b75c47588502790614e1b
T3400,training,0.0479,0.0546,0.00000000,0.0479|0.0546,1,11431,train,-0.03898741,-0.03898741,3e46a79a17ccaf8d6ade2add63e0ef4dfc8bd2756d35258faa8adc8f2ffda03f
T3401,training,0.0479,0.0878,0.00000000,0.0479|0.0878,1,11859,train,0.15801771,0.15801771,0fb7168bf7ddc07f24a5fced9b6a08d8637ecafe74039e49c0059840f05c055b
T3402,training,0.0483,-0.0489,0.00000000,0.0483|-0.0489,1,8299,train,-0.03895745,-0.03895745,bf4d5f044ed4cfd89575bad88c869acd99b8cdb3457a4de900347736b958af40
T3403,validation,0.0483,0.0489,0.00000000,0.0483|0.0489,1,11377,val_iid,0.03895745,0.03895745,d9d1ef900fd08fee4387d1cd888ccfe43f915065c568178e989900727207bfb5
T3404,training,0.0488,-0.0411,0.00000000,0.0488|-0.0411,1,5010,val_iid,0.20544118,0.20544118,3473d134cd8123c1ff1348604e71ea0f5a56d5980f5ae183bc5d382cb0c5228d
T3405,training,0.0488,0.0411,0.00000000,0.0488|0.0411,1,5226,train,-0.20544118,-0.20544118,beda67a570f84536552010b98a3794570dbc14e09598fe157fe8129d600b99f2
T3406,training,0.0489,-0.0483,0.00000000,0.0489|-0.0483,1,5329,train,0.03895745,0.03895745,4ff88b93523ff3dfe74c6a4dceef9a65fa0eec54ae6d2584548773a62441a04a
T3407,training,0.0489,0.0483,0.00000000,0.0489|0.0483,1,4897,train,-0.03895745,-0.03895745,9c9c5157159f1df8fd1b749d321e4ad573fed34f99db2e63b99573f385119648
T3408,test,0.0496,-0.0047,0.00000000,0.0496|-0.0047,1,5474,train,-0.52782055,-0.52782055,e69f784fe238456ca30aa3d36fa74c9df56d92a9cf161ad576e0eaaa3de8f8a6
T3409,training,0.0496,0.0047,0.00000000,0.0496|0.0047,1,4718,train,0.52782055,0.52782055,76d19cb39107c9d5fbf9354f2b543a13a309cfbd2a7cb6c9d135e975e5d193c2
T3410,training,0.0499,-0.0554,0.00000000,0.0499|-0.0554,1,8606,train,-0.16155887,-0.16155887,a0802fde739dd6b896f340de99abc81ca4830a32ab66bc98ceee105fcbe63466
T3411,test,0.0499,0.0554,0.00000000,0.0499|0.0554,1,11792,train,0.16155887,0.16155887,f494cacdea3c7e1c5773ce8118176bee0edffff63ca35fa050ca6e840998e8c4
T3412,training,0.0502,-0.0476,0.00000000,0.0502|-0.0476,1,4952,train,0.38991125,0.38991125,b0cf129bbc9804025d8147581c33aac198aaa70b580ec1deb71adea1de991f1a
T3413,test,0.0502,0.0476,0.00000000,0.0502|0.0476,1,5276,train,-0.38991125,-0.38991125,fdf87cd978424a88fb542d31a449fb4bbac919fb3cda9b929a74cacaee7ec80f
T3414,training,0.0504,-0.0833,0.00000000,0.0504|-0.0833,1,8187,test_iid,0.22645320,0.22645320,1b977fb8e971ee31eb125860e0d430c940eaa14e626a3f4a97ad3f9c232f2da0
T3415,test,0.0504,-0.0509,0.00000000,0.0504|-0.0509,1,8282,train,-0.05023666,-0.05023666,eea14be44aa402c9fb1131dd79bc5df19434140fff17b95958fd935e51459cbf
T3416,training,0.0504,0.0509,0.00000000,0.0504|0.0509,1,11360,test_iid,0.05023666,0.05023666,79963646d2b101a874f55c1f67ca6d012137d5e6d2c183f1ed7019105a48dd17
T3417,training,0.0504,0.0833,0.00000000,0.0504|0.0833,1,11481,train,-0.22645320,-0.22645320,ae602896d12af6e04ba2cc77705d837d0dc381930787ad7459e7836212201d34
T3418,training,0.0509,-0.0504,0.00000000,0.0509|-0.0504,1,5312,train,0.05023666,0.05023666,8072b898fca0752641b14f5db72df354af8db6a5a7a7419b13e91f0596cf9e75
T3419,training,0.0509,0.0504,0.00000000,0.0509|0.0504,1,4880,train,-0.05023666,-0.05023666,a7407f923b6ca193ad300082b49d3c500fe3a555d10a0c073044eaf397e17acf
T3420,training,0.0518,-0.0436,0.00000000,0.0518|-0.0436,1,5005,test_iid,0.22087771,0.22087771,5c443a7d704605a882e11f21d9cecf22a71f090216880ad798a2e79c2b75c709
T3421,training,0.0518,0.0436,0.00000000,0.0518|0.0436,1,5221,train,-0.22087771,-0.22087771,aa1dce4772df74f324306fb42f4be197f55790804814b684db13fb5b7045e07b
T3422,test,0.0522,-0.0566,0.00000000,0.0522|-0.0566,1,8228,train,0.02640038,0.02640038,fc14b64d52c2c476388f451603ecda4874187f380e8344f03fb65c35cb0b40b5
T3423,validation,0.0522,0.0566,0.00000000,0.0522|0.0566,1,11414,train,-0.02640038,-0.02640038,e14f31a1f670418ceed2d925151fc597362c0fbf693853fa8a771a153b9a4fb4
T3424,training,0.0525,-0.0601,0.00000000,0.0525|-0.0601,1,8634,train,-0.22929144,-0.22929144,0001206f289fa24cc16688d54170b8fdea13ea512b5640980126de1a09e301f5
T3425,training,0.0525,0.0601,0.00000000,0.0525|0.0601,1,11820,train,0.22929144,0.22929144,a2f12376f757ab32167d6710b23ec3183ae48d3093fabf54a6e499c57ba1d72a
T3426,training,0.0526,-0.0212,0.00000000,0.0526|-0.0212,1,4682,train,1.10315770,1.10315770,666cc3e9579f078c9fa064a143648d7e10d8e6b5e0403085c62b6b1057777bcf
T3427,validation,0.0526,0.0212,0.00000000,0.0526|0.0212,1,5546,train,-1.10315770,-1.10315770,d81b043693765aeabe7aef99046366b80d521a55c1aedee4b5ea21dc49fb4cb9
T3428,training,0.0533,-0.0295,0.00000000,0.0533|-0.0295,1,5442,train,-0.22784041,-0.22784041,7a5ac4284225e2d552a858a4f902ed46baaac9cd5fcb664c4c4bea6720050215
T3429,training,0.0533,0.0295,0.00000000,0.0533|0.0295,1,4794,test_iid,0.22784041,0.22784041,bac58ebe00b2c2cf8f262a639ca5097bf9063232848572e36cd9c29992dc4213
T3430,training,0.0538,-0.0626,0.00000000,0.0538|-0.0626,1,8629,train,-0.25793242,-0.25793242,62ee72225dab5c4214c4f98828f183c3e1b3930086fce85b70dbd3bc7c6f7f05
T3431,training,0.0538,0.0626,0.00000000,0.0538|0.0626,1,11815,train,0.25793242,0.25793242,47f12d694af8b6745dd15dfdcae59962c433640d1536f6cfb81675ac9af9fe1a
T3432,validation,0.0541,-0.0569,0.00000000,0.0541|-0.0569,1,8662,train,-0.41080868,-0.41080868,d44c9ba48ccb940a7d5305b3efd4a2b6811f5d67e132b880a1426015814c3c02
T3433,training,0.0541,-0.0476,0.00000000,0.0541|-0.0476,1,5388,train,-0.04050384,-0.04050384,a5f57ecd65bf5b42098f4e33cd1053d1fd954408e5c6cc605706f0b737d09656
T3434,test,0.0541,0.0476,0.00000000,0.0541|0.0476,1,4848,val_iid,0.04050384,0.04050384,ff587ce3fb5cc3d89ef27a1d1717ffe2d43f51affa227aa188b9f609b4d597dc
T3435,training,0.0541,0.0569,0.00000000,0.0541|0.0569,1,11740,train,0.41080868,0.41080868,5327ea1923f1f12669d60a9d41709038d4512fd2f01e4a7a942ce64764e3e844
T3436,training,0.0542,-0.0298,0.00000000,0.0542|-0.0298,1,5437,val_iid,-0.23518052,-0.23518052,1f24e4b66fb79e80dba7cb09f5a753d9d20adc7ecc80be3f0aa70cdbed956649
T3437,training,0.0542,-0.0064,0.00000000,0.0542|-0.0064,1,5502,train,-0.62957369,-0.62957369,077da78a9fee28e95583cf35f918d35d0e263cfbccab0ff6f826d358fdf6f882
T3438,test,0.0542,0.0064,0.00000000,0.0542|0.0064,1,4746,train,0.62957369,0.62957369,f095a66fff61a7735b48618fb106010478869f81d9567b1b7b31b22189b5ec22
T3439,training,0.0542,0.0298,0.00000000,0.0542|0.0298,1,4789,val_iid,0.23518052,0.23518052,162c51330e0afc975b1a7e6349ef7f106e310435a3c02fd42f27aa409e5b81bc
T3440,training,0.0546,-0.0479,0.00000000,0.0546|-0.0479,1,5383,train,-0.03898741,-0.03898741,9347e4c86b4c08dbf398b85349b2bda5665115de92e7f7ce641258df31e23237
T3441,training,0.0546,0.0479,0.00000000,0.0546|0.0479,1,4843,train,0.03898741,0.03898741,a595e5e89b277873a848ece10b73182e850f8d50746a54b9b4321877deffdf22
T3442,test,0.0554,-0.0499,0.00000000,0.0554|-0.0499,1,4988,val_iid,0.16155887,0.16155887,faab94ea1940e75bea15ed08cdd9ecac995328493b01aa2afd9e1978abaa4faa
T3443,training,0.0554,0.0499,0.00000000,0.0554|0.0499,1,5204,train,-0.16155887,-0.16155887,b7963ab9eacac2693245746ad0aac7450c44a6e3ce64dbf283a764186c19c478
T3444,training,0.0556,-0.0583,0.00000000,0.0556|-0.0583,2,8674;8675,train,-0.38976615,-0.38976615,7ec90d9f995b94bbef3d69fa66440841699ddfdb0d9d10c4b0c7a6526dafbb09
T3445,training,0.0556,-0.0054,0.00000000,0.0556|-0.0054,1,5480,train,-0.59183785,-0.59183785,489fe2edd4e12796a72a1b652b83fb570d71afaf1dc6aed2fdac5d18ba023f05
T3446,training,0.0556,0.0054,0.00000000,0.0556|0.0054,1,4724,train,0.59183785,0.59183785,76f0e36205e9777922680d29e97602533c20378f2d91442423477f6cc83d2680
T3447,training,0.0556,0.0583,0.00000000,0.0556|0.0583,2,11752;11753,train,0.38976615,0.38976615,ac8fb2130bc6280be29ea93d05f07ab194a41c07c1d4cdedd3c497f9bbcaf01c
T3448,training,0.0563,-0.0591,0.00000000,0.0563|-0.0591,1,8663,train,-0.41521031,-0.41521031,0c4c2e5078ac3d9481dc33aff4072ab11e36ae816afc22e16503bfdd8fbccb8e
T3449,training,0.0563,0.0591,0.00000000,0.0563|0.0591,1,11741,train,0.41521031,0.41521031,2a53ef7b561a7ef758b79a2b8f31a59f565898b48213c8e39ae713ad8a8fb730
T3450,test,0.0564,-0.0592,0.00000000,0.0564|-0.0592,1,8668,train,-0.40050079,-0.40050079,ec3b9774fabeb886e1a8e623a4d595b1834669feec5ee02c4cc7a5613e9ea4e9
T3451,training,0.0564,0.0592,0.00000000,0.0564|0.0592,1,11746,train,0.40050079,0.40050079,c1df8731230174e6ad821a589c66501b690cded0ef55cb86a7fd543e5960ce4c
T3452,training,0.0565,-0.0593,0.00000000,0.0565|-0.0593,1,8669,val_iid,-0.39402788,-0.39402788,12c287a4a48c4f91981771e3048fe9793f5f92724182d76299e6856c5b712e29
T3453,training,0.0565,0.0593,0.00000000,0.0565|0.0593,1,11747,test_iid,0.39402788,0.39402788,68b573ec7c2e0f351c4a9f11d5b394513127a13f36c2250f17cc4cf2b5af6671
T3454,training,0.0566,-0.0522,0.00000000,0.0566|-0.0522,1,5366,train,-0.02640038,-0.02640038,6ed3b00e394df9be7c7efb81743ff227a7350fadba283a164ef7edc2d7865fd1
T3455,validation,0.0566,0.0522,0.00000000,0.0566|0.0522,1,4826,train,0.02640038,0.02640038,d9676de6c54d82e2cc6190504641f37ac8b25ca264003100ee2a83534fe31488
T3456,training,0.0567,-0.1182,0.00000000,0.0567|-0.1182,1,8570,train,-0.25341802,-0.25341802,6a3480da4d48c54c096c2b9238acab3745e45a5fa70bddc09acdfc0c80103cab
T3457,training,0.0567,-0.0261,0.00000000,0.0567|-0.0261,1,5059,train,0.11464574,0.11464574,b17357060023febe006da516fcf63b92c522b424728c9357cec8c033a992d25c
T3458,test,0.0567,0.0261,0.00000000,0.0567|0.0261,1,5167,val_iid,-0.11464574,-0.11464574,f257d0b8483bd8b16c27202d284268902f6cc79b4c2cd1f619c5c31055435e24
T3459,training,0.0567,0.1182,0.00000000,0.0567|0.1182,1,11864,train,0.25341802,0.25341802,c51e3ac95f02d25c6ed4998f1d84386cef0a96f52ae906e7f8f1550f35ae11ba
T3460,training,0.0568,-0.0328,0.00000000,0.0568|-0.0328,1,5420,train,-0.17586576,-0.17586576,4686a0a5c3d2dadc0031adc849582c8ac8468df0e30dc7eb6197126016fb21df
T3461,training,0.0568,-0.0263,0.00000000,0.0568|-0.0263,1,5064,train,0.11751958,0.11751958,bdc36723681e95ab5e2cdcfe8a0003af0b502bfbd57f773f4fb23f7c223cf8f9
T3462,training,0.0568,-0.0254,0.00000000,0.0568|-0.0254,1,4666,val_iid,1.08931575,1.08931575,2cb136ca19ce1b83e8a410e89dc4a9edd539cc8f867096bce90ea72ceade444f
T3463,training,0.0568,0.0254,0.00000000,0.0568|0.0254,1,5530,train,-1.08931575,-1.08931575,7768549bcc7125efb6aff3f4b7e0dd303bce431547d299f2302701e59e397877
T3464,training,0.0568,0.0263,0.00000000,0.0568|0.0263,1,5172,train,-0.11751958,-0.11751958,a721e9bac244f901853edcbc3b2d43673f75b9e69c0a92842295df105eb38482
T3465,training,0.0568,0.0328,0.00000000,0.0568|0.0328,1,4772,train,0.17586576,0.17586576,5e2ef1d70761ba297f5b1ffc466d46a3d2540925cd5f124355dc3a6c202b7084
T3466,training,0.0569,-0.0541,0.00000000,0.0569|-0.0541,1,4936,test_iid,0.41080868,0.41080868,2b6a19a2396618d2fb4181b17b0916eb02b44169bd7de1c0e7fa15d0c7b90ee4
T3467,training,0.0569,0.0541,0.00000000,0.0569|0.0541,1,5260,train,-0.41080868,-0.41080868,804e503b82725642dde2b6d1e556c0d98f72766d98ff334370a9b67352ad7309
T3468,training,0.0570,-0.0576,0.00000000,0.0570|-0.0576,1,8310,train,-0.05462969,-0.05462969,ab9a5dc2a2b534479bde3e0f5b3d43753d0f38dcf2f4a944f680348de10210f6
T3469,training,0.0570,0.0576,0.00000000,0.0570|0.0576,1,11388,train,0.05462969,0.05462969,723f3bfa1d427d87142a297bd00e6b832bc49242b9670a15b162af2f0c111ebd
T3470,training,0.0571,-0.0255,0.00000000,0.0571|-0.0255,1,4667,val_iid,1.08708110,1.08708110,76143ab5c4a7927a9b296f23f05891c533241ca91afa3e5478498833fc0d2cf0
T3471,validation,0.0571,-0.0066,0.00000000,0.0571|-0.0066,1,5497,test_iid,-0.66511995,-0.66511995,e31660aee592b10fc9a2c30f1648b1f34a6da224ab6e48fe762b4aeb845e3749
T3472,training,0.0571,0.0066,0.00000000,0.0571|0.0066,1,4741,train,0.66511995,0.66511995,7426d81319e5b0e9533eafbebff81da448f9ff342825c0c85d5df88a10909c32
T3473,training,0.0571,0.0255,0.00000000,0.0571|0.0255,1,5531,train,-1.08708110,-1.08708110,77606082a75b45acc74ba80a27069a7dcd2490d94bce4a52b0567da0dfeec943
T3474,training,0.0572,-0.0628,0.00000000,0.0572|-0.0628,1,8612,test_iid,-0.17264098,-0.17264098,0bb5b88f83c1c53f878dc2429ad3a2b91547751d16d3b25cf8d66b5e21f5c661
T3475,test,0.0572,-0.0049,0.00000000,0.0572|-0.0049,1,5475,train,-0.60476558,-0.60476558,ef53ac6e618b7d31b08b3620fcbddf40747b05397cb52160a3faa8f8dd019dfb
T3476,training,0.0572,0.0049,0.00000000,0.0572|0.0049,1,4719,test_iid,0.60476558,0.60476558,4ee4e4f2bdcab38928006a2698e99d45ab93f79d257d0775558364a30a5b2230
T3477,training,0.0572,0.0628,0.00000000,0.0572|0.0628,1,11798,train,0.17264098,0.17264098,1be8925c6b2cc5c1fad14db0336887e0601bd6d8ee2a09a2e276b1c3fb09edce
T3478,training,0.0574,-0.0612,0.00000000,0.0574|-0.0612,1,8679,train,-0.46022255,-0.46022255,1a8823ddaeb1f32826d8f9e2b8b13dab457e5e3ac0332c851e8289ba97c92861
T3479,training,0.0574,0.0612,0.00000000,0.0574|0.0612,1,11757,train,0.46022255,0.46022255,ab58c32dfaaa7e39a727e1acb87d3004a1e592e7397db710e758e6c51b734a41
T3480,training,0.0576,-0.0570,0.00000000,0.0576|-0.0570,1,5340,train,0.05462969,0.05462969,2395b486d5e29dc695437fea4435818c97fd6af37b062d13bf1c821676ea60ad
T3481,test,0.0576,0.0570,0.00000000,0.0576|0.0570,1,4908,train,-0.05462969,-0.05462969,e5783267703f7d7db8cad08726a1c06749d0b333b1fb6f3a44bd116b83131e4a
T3482,training,0.0580,-0.0586,0.00000000,0.0580|-0.0586,1,8305,train,-0.04863396,-0.04863396,b8ec0cd4fcd42b7e05dc869fbffdeabed031c9cb8ded50f3f588535ef70fa8f1
T3483,training,0.0580,0.0586,0.00000000,0.0580|0.0586,1,11383,train,0.04863396,0.04863396,ab07e1bed179be4529f73d12967dea0c837cef6581fc9854a83a744219d09ac8
T3484,training,0.0583,-0.0556,0.00000000,0.0583|-0.0556,2,4948;4949,train;val_iid,0.38976615,0.38976615,b11d7e3152063141282a6e769dbf68f8d60ca0c9cc7e25d7cbb2f036c3a3d1c0
T3485,training,0.0583,-0.0280,0.00000000,0.0583|-0.0280,2,4678;4679,train,1.08054986,1.08054986,173fda55e84039b5d75e03a0a13217485e4218a85691102b5383e5ae14a442a8
T3486,training,0.0583,0.0280,0.00000000,0.0583|0.0280,2,5542;5543,train,-1.08054986,-1.08054986,0d5e6c1c89669852698944dbb2d44d43918e1cd6c6c531ffd440be4e6f005215
T3487,training,0.0583,0.0556,0.00000000,0.0583|0.0556,2,5272;5273,train,-0.38976615,-0.38976615,2191ebec26364ac5b020fa89f0fb63326fa07df540170d3ac59e31a5e19908aa
T3488,training,0.0586,-0.0654,0.00000000,0.0586|-0.0654,1,8256,train,0.04239192,0.04239192,7b81745fbd1de48e124b6cbfa728231c4c4c579139cc601a2a4216d4ba1ba4c6
T3489,validation,0.0586,-0.0580,0.00000000,0.0586|-0.0580,1,5335,train,0.04863396,0.04863396,d3742cda1543087da1a13bbb0477a237686908a327971df98d2b5d71b63f3749
T3490,training,0.0586,0.0580,0.00000000,0.0586|0.0580,1,4903,val_iid,-0.04863396,-0.04863396,342a17fabf5d8fd762adbeb4b44274bac418a73286f83eb8c84cce5fda8bca53
T3491,training,0.0586,0.0654,0.00000000,0.0586|0.0654,1,11442,test_iid,-0.04239192,-0.04239192,2dbaf0fbfcb93dc996f175463e04bab1efb50175d99541572952204b10794c5b
T3492,training,0.0587,-0.0646,0.00000000,0.0587|-0.0646,1,8607,train,-0.18588587,-0.18588587,c74d9a5dd53adb43050d1dea156e8dceb0f910445a88d5712207cb325cba3653
T3493,training,0.0587,0.0000,0.00000000,0.0587|0.0000,1,5118,train,0.00000000,0.00000000,a5cd1139203507eae174bb5f24a30128608880e66db766e78b96f1f885512cdc
T3494,training,0.0587,0.0646,0.00000000,0.0587|0.0646,1,11793,train,0.18588587,0.18588587,069b9ead3755d87eda5f6edbcbebadfe25bcd5ecddb356115bff99970804a08e
T3495,test,0.0591,-0.0563,0.00000000,0.0591|-0.0563,1,4937,val_iid,0.41521031,0.41521031,e7ecc196dceacf4913cf2cb6ad758e225a0e32ed04f200bc0e0406b2bf924f58
T3496,training,0.0591,0.0563,0.00000000,0.0591|0.0563,1,5261,train,-0.41521031,-0.41521031,2d2a6e7e7500acb3e6eedb88049e00cd0c3c2b473e200d850cf7113fd264d6a4
T3497,training,0.0592,-0.0564,0.00000000,0.0592|-0.0564,1,4942,train,0.40050079,0.40050079,73d60de540846b349071bd05b23b58c7443a5d347a5023b90a53690470dbdd51
T3498,training,0.0592,0.0564,0.00000000,0.0592|0.0564,1,5266,train,-0.40050079,-0.40050079,995d2b50991192b14de782466374952e42251be0093f3febbabfeb419b6147d1
T3499,training,0.0593,-0.0599,0.00000000,0.0593|-0.0599,2,8283;8288,train,-0.07220994,-0.06899031,c19d47f01a257ba7e698d2e4d6bdd9f16faa685e4a509c7d43ef81e3cb9c30e2
T3500,training,0.0593,-0.0565,0.00000000,0.0593|-0.0565,1,4943,train,0.39402788,0.39402788,4022233f25737eee0afc395627838aa71822afb48e56dfacb827ec5bdcb8c426
T3501,validation,0.0593,0.0565,0.00000000,0.0593|0.0565,1,5267,train,-0.39402788,-0.39402788,dd6d8d5d0187672f94b9a83605586f931fb0fb7edb7f0cc0ecb3f81a0f3d885c
T3502,validation,0.0593,0.0599,0.00000000,0.0593|0.0599,2,11361;11366,train,0.06899031,0.07220994,e2d2d177ee9b601e0f86f1ed6b5b13087a19bc4dcfa89bdf7a98da31dd065eb5
T3503,training,0.0596,-0.0266,0.00000000,0.0596|-0.0266,1,4672,train,1.15016633,1.15016633,0be45c8f584c411a0c4b4f55aa5ef665fd2e01dc6699eb4d16c0aed8bc1f1f7c
T3504,training,0.0596,0.0000,0.00000000,0.0596|0.0000,1,5113,train,-0.00000000,-0.00000000,a64ab01ada6ccb438deced620cf35863190e9c28b386c9e4b53f5e192bf45462
T3505,training,0.0596,0.0266,0.00000000,0.0596|0.0266,1,5536,train,-1.15016633,-1.15016633,440f536858c19dad1c46b0d8ec9d987c2c75f136c80e66965cfb1ce46aa8882f
T3506,test,0.0599,-0.0593,0.00000000,0.0599|-0.0593,2,5313;5318,train;val_iid,0.06899031,0.07220994,fbb771dd125959e7d4e461f3968f7c4a5a5adc6b0b8b239cd43d6bf120dde5c5
T3507,test,0.0599,-0.0266,0.00000000,0.0599|-0.0266,1,4673,train,1.15389245,1.15389245,fb61e8ef2e5611baa488639a0fc348435494af10d31204f245c2d2a648ee262a
T3508,training,0.0599,0.0266,0.00000000,0.0599|0.0266,1,5537,train,-1.15389245,-1.15389245,59b523b30964c95bf86e8e968ed26a2618c4202b4c9bafa328ca2cbb0c8b7130
T3509,training,0.0599,0.0593,0.00000000,0.0599|0.0593,2,4881;4886,train;val_iid,-0.07220994,-0.06899031,c348f9f39398aea028539a7fd98433988b32307ec3f096d573b239d3c1b4251c
T3510,test,0.0601,-0.1100,0.00000000,0.0601|-0.1100,1,8554,train,-0.21616756,-0.21616756,f7d06df09d3bf89e445e64a7f170f6dffa95568b9b96f2160a6aa7aa5724d698
T3511,test,0.0601,-0.0677,0.00000000,0.0601|-0.0677,1,8251,train,0.04673154,0.04673154,e7ba7348ca1245581c1f6007be7c68b55ddb1d2313537faca6c94ecc89dbce3a
T3512,training,0.0601,-0.0525,0.00000000,0.0601|-0.0525,1,5016,test_iid,0.22929144,0.22929144,8e29f5e3bb72d5b80253cf36f656d65e9c141d063468fb7fd17ef5c73af57d61
T3513,training,0.0601,0.0525,0.00000000,0.0601|0.0525,1,5232,train,-0.22929144,-0.22929144,1e6f271006a57f2cbb9fadde94d0855346e04bc08ad26b11d22ed6bc074e4dc2
T3514,validation,0.0601,0.0677,0.00000000,0.0601|0.0677,1,11437,train,-0.04673154,-0.04673154,d310324e1f24a6761d75b53debe0a3b0efc7a7f3a4727561458068361c0277db
T3515,training,0.0601,0.1100,0.00000000,0.0601|0.1100,1,11848,train,0.21616756,0.21616756,b209ed381afb19929b8310e6a62e27c78893f721d9fc00b9a0ed3ae82074c8b0
T3516,training,0.0606,-0.0653,0.00000000,0.0606|-0.0653,1,8229,train,0.02559751,0.02559751,938a9e74bc71778d2ddd5f3e6ccc8106d46e5c10b0fd79a511e717c7519b145e
T3517,training,0.0606,0.0653,0.00000000,0.0606|0.0653,1,11415,val_iid,-0.02559751,-0.02559751,8acd882e3dd4d9d318cfcae3d84984c63f5fd2c2587b88b3755703a68a5a0538
T3518,validation,0.0607,-0.0313,0.00000000,0.0607|-0.0313,1,5042,train,0.10816416,0.10816416,cfebe57dbd29c32842c60d25076156ec9623e027f9032570e9ece7939f14f39b
T3519,training,0.0607,0.0313,0.00000000,0.0607|0.0313,1,5150,train,-0.10816416,-0.10816416,494eb9983c8f8bb3caaf502525554880219aeddfc211bf0b49574339be91ca57
T3520,validation,0.0608,-0.0232,0.00000000,0.0608|-0.0232,1,4688,train,1.23702010,1.23702010,d9319a9a65c5a96882afc403a8fe1418e67bf07f0451c454ee2b8323dac645b0
T3521,training,0.0608,0.0232,0.00000000,0.0608|0.0232,1,5552,test_iid,-1.23702010,-1.23702010,353186b801d7c18d5f6753ad1d9085ea048190e655ca86ee446624b17164d0e5
T3522,training,0.0612,-0.0574,0.00000000,0.0612|-0.0574,1,4953,train,0.46022255,0.46022255,6c6f76e7e632a291c7708dd2a3e032268cff680acd009ba049bce22e237d747a
T3523,training,0.0612,0.0574,0.00000000,0.0612|0.0574,1,5277,train,-0.46022255,-0.46022255,c84f5a4cab134093d894ce9056a18acdd28d12eccb41405057e160daf06930c0
T3524,training,0.0615,-0.0666,0.00000000,0.0615|-0.0666,1,8234,train,0.03382784,0.03382784,4727ba8f706f57b4a17dc06248406072c60ad8063550d65d889ed966486f0397
T3525,training,0.0615,0.0666,0.00000000,0.0615|0.0666,1,11420,train,-0.03382784,-0.03382784,57790c48ccda4a37b35531933c2e05cb119a725e0fdb1f391e9b1ddd3485d9c9
T3526,validation,0.0620,-0.1111,0.00000000,0.0620|-0.1111,1,8192,train,0.48771982,0.48771982,d6f15b47d24bb5e8bf230cc465893cf0e23ff51ee54924bddc044afc665b3cf7
T3527,training,0.0620,0.1111,0.00000000,0.0620|0.1111,1,11486,train,-0.48771982,-0.48771982,79c8c1b2df6da64a4e070b0a3162090d5b6a290520f3ba8a62aeae6d647f8165
T3528,training,0.0625,-0.0665,0.00000000,0.0625|-0.0665,1,8684,train,-0.53910031,-0.53910031,b0ca58c3b1b44ecc208436e3a84439d1f5e8f244612fc43b2ff02e90cba4c0f7
T3529,validation,0.0625,-0.0226,0.00000000,0.0625|-0.0226,1,4683,train,1.26647956,1.26647956,d3d4cab1ab8894921108fd95f2c9b94f410a873812a56cda72fe55b224ad952c
T3530,training,0.0625,0.0226,0.00000000,0.0625|0.0226,1,5547,train,-1.26647956,-1.26647956,9be5dafc4b4c7ff29fbe0127e42335a5af4f20c99e3c9539e3624e196a0a3eca
T3531,training,0.0625,0.0665,0.00000000,0.0625|0.0665,1,11762,train,0.53910031,0.53910031,72dd9fab293de90a0e289931c09d23da5fc7f1853fa7e2cd074404d37dd96de2
T3532,validation,0.0626,-0.0538,0.00000000,0.0626|-0.0538,1,5011,test_iid,0.25793242,0.25793242,d29d5ae1a10afeba37cd418d569d04d16dbfd51a5e2775f52c94cf5b6ac0178c
T3533,training,0.0626,0.0538,0.00000000,0.0626|0.0538,1,5227,train,-0.25793242,-0.25793242,9beb9a4d73f40152bdf4d3684e8465a0b0ec4139f0c7ce11ea8537ec28da45bc
T3534,training,0.0627,-0.0053,0.00000000,0.0627|-0.0053,1,5486,test_iid,-0.67501614,-0.67501614,5d7777e5827aa15aed8add908190357224e0c132c907170f603568db50155dfe
T3535,training,0.0627,0.0053,0.00000000,0.0627|0.0053,1,4730,train,0.67501614,0.67501614,1e5f278692c8e526e399619308f4d1c2753aadf2d05ef9cea1224661efc86913
T3536,training,0.0628,-0.0572,0.00000000,0.0628|-0.0572,1,4994,train,0.17264098,0.17264098,bfaed823b1da77a2a00482fb3777e375b1a887efb6da4ed3715b3db6c5322454
T3537,test,0.0628,0.0572,0.00000000,0.0628|0.0572,1,5210,train,-0.17264098,-0.17264098,f1d86d8b3578f798641dd8948a93d1f72c8259ee8d9621d539b5e94f38786604
T3538,training,0.0634,0.0000,0.00000000,0.0634|0.0000,1,5096,test_iid,-0.00000000,-0.00000000,7958ce518730ef18df40c7707713fa0288855d8a05c13c365377fb27e2aee214
T3539,test,0.0636,-0.0688,0.00000000,0.0636|-0.0688,1,8618,test_iid,-0.17205279,-0.17205279,fb2136d623628921b2c25d89575bbd5bd7571cd27690da2862db0b00200e0eb7
T3540,training,0.0636,0.0688,0.00000000,0.0636|0.0688,1,11804,train,0.17205279,0.17205279,83a2ea7324ac687a8684fab178b50b0273a3f2f6ae0298f5f7abfdcb1d99f52d
T3541,training,0.0638,-0.0358,0.00000000,0.0638|-0.0358,1,5448,train,-0.25167160,-0.25167160,69a5be4122693a4f021f09b1a68cd464b023827f0bee4cd2e7b24d99f6de26c8
T3542,training,0.0638,0.0358,0.00000000,0.0638|0.0358,1,4800,train,0.25167160,0.25167160,3d0e3dc4309cf93b8d875ad65906e8f9641c46562a0c252f852b46749b8cda88
T3543,training,0.0639,-0.0682,0.00000000,0.0639|-0.0682,1,8685,val_iid,-0.54841899,-0.54841899,231bbbfb2ab44afafa375a5a0699b30c8847c00295fb9405e1b234e61d9dff07
T3544,training,0.0639,0.0682,0.00000000,0.0639|0.0682,1,11763,train,0.54841899,0.54841899,92e5c4d353fb4e94a388e2f36deae956a62e78bdb4070a4d3d94ce94d4854054
T3545,training,0.0640,-0.0646,0.00000000,0.0640|-0.0646,1,8294,train,-0.06338861,-0.06338861,2ba50a8e68c4b899e6e8c540a0c66defb805305abe46049f9dd08ee10df0a40b
T3546,training,0.0640,0.0646,0.00000000,0.0640|0.0646,1,11372,test_iid,0.06338861,0.06338861,8bcb859e3d6791440969e3fe8650ceadcbb348ce4e63051b7be3c2e2a91e343f
T3547,test,0.0641,-0.0726,0.00000000,0.0641|-0.0726,1,8635,train,-0.27178029,-0.27178029,eea1d2ac358b75b75a8e74de8ce9c04fdef33c851846fd10f17f77aec3cbf22d
T3548,training,0.0641,0.0726,0.00000000,0.0641|0.0726,1,11821,train,0.27178029,0.27178029,45cdf3796a6b9bde8953fe58571f26ae46394d9856ce99509f1d367e5457f630
T3549,training,0.0646,-0.1082,0.00000000,0.0646|-0.1082,1,8176,val_iid,0.31929338,0.31929338,6a7760a6dd2f8b977a322a0db57dedfd9c290c392b6def4d04bc8032a661ddf1
T3550,training,0.0646,-0.0640,0.00000000,0.0646|-0.0640,1,5324,train,0.06338861,0.06338861,b04466a77f5d536236a1651ea6ec72119a1ab90bd2605ab13ad8f1c95bc489ea
T3551,training,0.0646,-0.0587,0.00000000,0.0646|-0.0587,1,4989,train,0.18588587,0.18588587,5ffb79fa00447c456e4849d9707515582f9d1184499b867c77a0c720df3e3425
T3552,training,0.0646,0.0587,0.00000000,0.0646|0.0587,1,5205,train,-0.18588587,-0.18588587,afd0fe792180cef3f8da24219ec5db971033e0fba8904dc4c7ca48740a7783ab
T3553,training,0.0646,0.0640,0.00000000,0.0646|0.0640,1,4892,train,-0.06338861,-0.06338861,a6bc1c926f8706f68de576534a9a757f401b55a066c1b4495b3d8f92b8d8ef7c
T3554,validation,0.0646,0.1082,0.00000000,0.0646|0.1082,1,11470,train,-0.31929338,-0.31929338,d866f36224e89c45515ac4cd63d4b0e254f30d80b7e3705193bf83b520aaa1ba
T3555,validation,0.0649,-0.0701,0.00000000,0.0649|-0.0701,2,8680;8681,train,-0.56175026,-0.56175026,d06f825f45b2b05b7724d2da78097ec40fd0908cf5236f545079ff43b6376628
T3556,training,0.0649,0.0701,0.00000000,0.0649|0.0701,2,11758;11759,train,0.56175026,0.56175026,1284159e67813a001361868a1e7404d8a9c4ba21a01d360bdb8fa2ab2e027ff5
T3557,training,0.0651,-0.0228,0.00000000,0.0651|-0.0228,2,4684;4685,train;test_iid,1.26499030,1.26499030,33cbd89419c245dce627574633071f5ad4f0667ea3cdf77f1d9e0a1f44bc12dd
T3558,training,0.0651,0.0228,0.00000000,0.0651|0.0228,2,5548;5549,train;val_iid,-1.26499030,-1.26499030,bc7c2a571ea74dcdd73f10c33e00495f74ef3e1b76686c83b16fb2f96f6e98fb
T3559,training,0.0653,-0.0606,0.00000000,0.0653|-0.0606,1,5367,test_iid,-0.02559751,-0.02559751,a1dbfc33815bb4afaa594d434f081236d3168644a81acb13a29de503b56a3ecb
T3560,training,0.0653,0.0606,0.00000000,0.0653|0.0606,1,4827,train,0.02559751,0.02559751,0d9a3e60dc4c02470091c36a2d260bf58496882028575283d31dc7e115326039
T3561,validation,0.0654,-0.0586,0.00000000,0.0654|-0.0586,1,5394,train,-0.04239192,-0.04239192,da86e15138b3a5ae632167c569397cb45252b66d7431240bfbab0129329d0e36
T3562,validation,0.0654,0.0586,0.00000000,0.0654|0.0586,1,4854,train,0.04239192,0.04239192,ce4e89e3344aba95a32139f9c72bb9499948d285e600ed0648e17862d98cc74d
T3563,training,0.0656,-0.0385,0.00000000,0.0656|-0.0385,1,5426,train,-0.19700785,-0.19700785,c7fbf6365d6b22f346ad78d9c30710e9df405a5d81bc7aa815a44e55da9cc8e2
T3564,training,0.0656,0.0385,0.00000000,0.0656|0.0385,1,4778,train,0.19700785,0.19700785,6a0e57d60b5685eb615fda9fbcb2a1daf4dffe5239a75ba1641bba405edaa636
T3565,training,0.0657,-0.0383,0.00000000,0.0657|-0.0383,1,5421,train,-0.19777928,-0.19777928,5a4f3aa38d73c841da6da76d0e65a1ca21a95e05c95208c762ce6126e3d96ab1
T3566,validation,0.0657,-0.0069,0.00000000,0.0657|-0.0069,1,5503,train,-0.77452413,-0.77452413,cdecdde5fbcbd5c268bb9e368bb9f9ab033b167413d363341fe6b64fe49451ce
T3567,test,0.0657,0.0069,0.00000000,0.0657|0.0069,1,4747,train,0.77452413,0.77452413,fb9f2659199a81ed224f72d29b05a18387bb9db4e6373960fb8f7eb5591ed63e
T3568,training,0.0657,0.0383,0.00000000,0.0657|0.0383,1,4773,train,0.19777928,0.19777928,3922e0496310b0deb6b3f4c3933a8c2d19b4336800fce348d7c5da7fd6ebcb6b
T3569,training,0.0658,-0.0234,0.00000000,0.0658|-0.0234,1,4689,train,1.31671054,1.31671054,a27b2735a9761d03920e24604899fc348c5c4341b0fa533ace0832410b875b3a
T3570,validation,0.0658,0.0234,0.00000000,0.0658|0.0234,1,5553,train,-1.31671054,-1.31671054,d954fd9fefcac2c56056605c33c872103d96a36557d82e40171200b6bd9164b1
T3571,training,0.0659,-0.0057,0.00000000,0.0659|-0.0057,1,5481,test_iid,-0.70400871,-0.70400871,183c639a41a97565b7ba796ee1762c41a32fd7351b67fb88a97c924a129c35bd
T3572,training,0.0659,0.0057,0.00000000,0.0659|0.0057,1,4725,train,0.70400871,0.70400871,7c93ec283aa55a28a66d616e5473cf19c3f6944649c4c3bd2aedfa368e878165
T3573,validation,0.0665,-0.0625,0.00000000,0.0665|-0.0625,1,4958,train,0.53910031,0.53910031,d705fb6fc9b6a43426a3b17cb286bf837f05495c30928fb1024f496e9b0f277f
T3574,training,0.0665,0.0625,0.00000000,0.0665|0.0625,1,5282,train,-0.53910031,-0.53910031,3f033440a7611eb5b26625cba452b529b5670325ddb605dfda68fcb722bdfc53
T3575,training,0.0666,-0.0615,0.00000000,0.0666|-0.0615,1,5372,train,-0.03382784,-0.03382784,53486b0c5524f0601a7ea008439f16f0602d4902aa6cd4a0bc1959198614317c
T3576,training,0.0666,0.0615,0.00000000,0.0666|0.0615,1,4832,train,0.03382784,0.03382784,4f966414b010a617a99abb31bee501749c9052dd804fa03a92c2e3e7ccd99516
T3577,training,0.0667,-0.0714,0.00000000,0.0667|-0.0714,2,8686;8687,val_iid;test_iid,-0.59761511,-0.59761511,a34d1bf77ac973284959a6c222120a9d5a98b28a72f712067c925a7e29ab5a32
T3578,training,0.0667,0.0714,0.00000000,0.0667|0.0714,2,11764;11765,train,0.59761511,0.59761511,22f7db8fcf292d6f5cfc44063eab5cc875152249b5c378a1b4422c1297000b5a
T3579,training,0.0668,-0.0729,0.00000000,0.0668|-0.0729,1,8613,train,-0.20348475,-0.20348475,0ca51eed09453115fdbe1f0981b9a832987f30a0ecaf0df6f53d9f90f5c4421b
T3580,training,0.0668,0.0729,0.00000000,0.0668|0.0729,1,11799,train,0.20348475,0.20348475,5daf1dbe484beb36f3b2b5d6eea2aed4538b98c8c418aa5c3370e32e04e0c60e
T3581,training,0.0671,-0.1363,0.00000000,0.0671|-0.1363,1,8576,train,-0.29621541,-0.29621541,618f60bc7f85df115135e8e27daa4cbb87946422759a246efc2a7e8a1f27fec7
T3582,training,0.0671,-0.0678,0.00000000,0.0671|-0.0678,1,8289,train,-0.08327254,-0.08327254,7622f7ef3d51b6365b51f11e4c9cee4b223457183b1ffbef253eae8774e26d6e
T3583,training,0.0671,0.0678,0.00000000,0.0671|0.0678,1,11367,train,0.08327254,0.08327254,bc8275cf7ff82029684d4b5b4f19a4d7f5de4ebfe5a07568024270c6d8760e66
T3584,training,0.0671,0.1363,0.00000000,0.0671|0.1363,1,11870,train,0.29621541,0.29621541,944991b6f919c72d662f89ed710a7764308ba4c3f8547179931732685567df99
T3585,test,0.0674,-0.1398,0.00000000,0.0674|-0.1398,1,8571,train,-0.29796225,-0.29796225,fecc01c0804dca618a2acbe4d89042fa81a886caf2582d58902af849cfcc9ba6
T3586,test,0.0674,0.1398,0.00000000,0.0674|0.1398,1,11865,train,0.29796225,0.29796225,eeebe9a288bdddbbc00851eabbbfc95da00edee58a7c030f4b256b0a52b844d6
T3587,training,0.0675,-0.0711,0.00000000,0.0675|-0.0711,1,8690,val_iid,-0.56452983,-0.56452983,14158ea9c196f97ca0f4a2a911b24f8c8d51b8b6b98a57d9f7f37941d16d83b1
T3588,training,0.0675,-0.0375,0.00000000,0.0675|-0.0375,1,5443,val_iid,-0.28272179,-0.28272179,9fe136677e300c7a3ab0f7af1f5339578a1d66a237e11b5dc5fe8e5012689a93
T3589,training,0.0675,0.0375,0.00000000,0.0675|0.0375,1,4795,train,0.28272179,0.28272179,45a54b41881ca96b38b7b55746a09f3cb47cbc9763107fe210da6d150ed81c0f
T3590,validation,0.0675,0.0711,0.00000000,0.0675|0.0711,1,11768,train,0.56452983,0.56452983,cd55477098e1315aa9508bdbd7e82919fd6274d3465e1bd99df220816310c758
T3591,training,0.0677,-0.0601,0.00000000,0.0677|-0.0601,1,5389,train,-0.04673154,-0.04673154,babca2efd72b014072200a7503d069e89fd6c768369e2c6775ac8d79fcc85585
T3592,training,0.0677,0.0601,0.00000000,0.0677|0.0601,1,4849,train,0.04673154,0.04673154,af45292adcf5a5c1565af5ca4dfaa11b07b9a0b79dab040147059713ac9a367e
T3593,training,0.0678,-0.1216,0.00000000,0.0678|-0.1216,1,8560,train,-0.22762065,-0.22762065,11787e2132d99e62484cfa170ff352dc66215f273b4871abbaba6669b4ef7679
T3594,training,0.0678,-0.0671,0.00000000,0.0678|-0.0671,1,5319,train,0.08327254,0.08327254,321b88d2544057c9d728ffbe9b096dbc36db0c47517dd19d8d4814b0dbb1137d
T3595,training,0.0678,-0.0358,0.00000000,0.0678|-0.0358,1,5048,train,0.12123349,0.12123349,34b438033013df15a48a0ee47914eeb4d320f380db5631a5309e2c501d1bb698
T3596,training,0.0678,0.0358,0.00000000,0.0678|0.0358,1,5156,train,-0.12123349,-0.12123349,02026bdaafa2a49ec3d29c562d9d577cb461bd302e34df62c5de5005f6da2f97
T3597,training,0.0678,0.0671,0.00000000,0.0678|0.0671,1,4887,train,-0.08327254,-0.08327254,86aec6af5d491726133a6942f100b04dd8959298482c10fd4a704d2cf48d95b5
T3598,validation,0.0678,0.1216,0.00000000,0.0678|0.1216,1,11854,train,0.22762065,0.22762065,dfc983aeab4793e92906424851e0d2a8075d61cd32c7f3b7f23bdddd8da76e0a
T3599,training,0.0680,-0.1231,0.00000000,0.0680|-0.1231,1,8555,val_iid,-0.24706905,-0.24706905,5874b56b71f816daedc38bd02b88006ee2c100713cc8bd356bb3c632d29060ee
T3600,training,0.0680,0.1231,0.00000000,0.0680|0.1231,1,11849,train,0.24706905,0.24706905,7bd3c169238e1e85006acc6e096fed2ff9733fb684466a5f4eceb418b11e2658
T3601,training,0.0681,-0.0245,0.00000000,0.0681|-0.0245,1,4694,train,1.38416153,1.38416153,31838e32d8f5040b55ad60f99f704485b5be1a5e0c9a6b429888512b573e88d5
T3602,training,0.0681,0.0245,0.00000000,0.0681|0.0245,1,5558,train,-1.38416153,-1.38416153,905ea7666867cd064985f334e0f711ab286efd9d6555c508deb7c5fd8dd8c38b
T3603,training,0.0682,-0.0639,0.00000000,0.0682|-0.0639,1,4959,train,0.54841899,0.54841899,427bf6cd151cc89013f66c2c494ae7eff5c45709acddf879647bd64aee96c75c
T3604,training,0.0682,-0.0237,0.00000000,0.0682|-0.0237,2,4690;4691,train;val_iid,1.39533387,1.39533387,0840aaba129703f1f49deac6aa095c4b45baf946e7b2104cf6375fcf992d4272
T3605,training,0.0682,0.0237,0.00000000,0.0682|0.0237,2,5554;5555,train,-1.39533387,-1.39533387,2e381fb8bc96bc9be28bd4063b55ae1b0a1f2d7055a0d49bfd96b4f52f2c48b8
T3606,training,0.0682,0.0639,0.00000000,0.0682|0.0639,1,5283,train,-0.54841899,-0.54841899,3e84daf741d6bbbba61c17fa4a4afe889e4fa4e5f90a84dfd89a1e2427dd2ad5
T3607,training,0.0683,-0.0361,0.00000000,0.0683|-0.0361,1,5043,val_iid,0.12126187,0.12126187,6e9ba25413a86e4ad0e9f7c80693c4518d333d69d2635a4372d7c6f62c450fe3
T3608,training,0.0683,0.0361,0.00000000,0.0683|0.0361,1,5151,val_iid,-0.12126187,-0.12126187,56f9f9bef3010d5c3252304e994b90ed7e326e20b12d3a3d513a4b137ccba7bc
T3609,training,0.0684,-0.0734,0.00000000,0.0684|-0.0734,1,8240,test_iid,0.02860766,0.02860766,7a9bea10e1790d9dd8612e8bb699e43925b832727221d46cec705ceae5ae8437
T3610,training,0.0684,0.0734,0.00000000,0.0684|0.0734,1,11426,train,-0.02860766,-0.02860766,12caddd5d9731f6babfd24c276851eef9a2e60a1dfc9204d26591ca81ae7ca2c
T3611,validation,0.0685,-0.0723,0.00000000,0.0685|-0.0723,1,8691,train,-0.58073837,-0.58073837,e387e34c56705257bcd1dbf7c18e644fa5941f9eab1ae597cc2a8efd115baefc
T3612,training,0.0685,0.0723,0.00000000,0.0685|0.0723,1,11769,train,0.58073837,0.58073837,5525ecdd98013bffd2dd3e5de55533d08e2c3b535cb6c991ffbf256a0c61e6cf
T3613,training,0.0688,-0.0636,0.00000000,0.0688|-0.0636,1,5000,train,0.17205279,0.17205279,978b1b6edab33ba828268d19479d82930b9c87adf805efedf878b3713f41f23d
T3614,training,0.0688,0.0636,0.00000000,0.0688|0.0636,1,5216,test_iid,-0.17205279,-0.17205279,c0c9ee9442b85f2fbb4ffeb37903ff31bd3edd63d3cc2fda2b457a182e7e9589
T3615,training,0.0689,-0.0246,0.00000000,0.0689|-0.0246,1,4695,train,1.39854635,1.39854635,2af831a01d69a86eb4ac2333da72cb0c40c640cd99993d236c0fcbefb53dc213
T3616,training,0.0689,0.0246,0.00000000,0.0689|0.0246,1,5559,val_iid,-1.39854635,-1.39854635,18cb927535051c27ebf189c1788c08729e7e2e399d35ce8e928428493756053e
T3617,validation,0.0694,-0.0700,0.00000000,0.0694|-0.0700,1,8311,train,-0.07242379,-0.07242379,deae87d44edc436ea24d665e0f5bfc7fe4e62255a03b6bc524654ffa1687dee4
T3618,training,0.0694,0.0700,0.00000000,0.0694|0.0700,1,11389,train,0.07242379,0.07242379,44b003c023509b3717aa319d980eccc9a6ea344bbcd86a5270f040c3597b21fb
T3619,training,0.0696,-0.0735,0.00000000,0.0696|-0.0735,2,8692;8693,train;val_iid,-0.59813997,-0.59813997,263bd18a1f4b65c5d7c0df450513a6471d81217f7f173d907b59a8a5cbba0914
T3620,training,0.0696,-0.0246,0.00000000,0.0696|-0.0246,2,4696;4697,train;test_iid,1.41316419,1.41316419,81e5625629a68cc8398337a59c5dcf150f7896296d71106e841b4933709aaaf7
T3621,training,0.0696,0.0246,0.00000000,0.0696|0.0246,2,5560;5561,train,-1.41316419,-1.41316419,16233b29190d032ac75d7aa8f09a39b3751a7c924aadce91d505805fa6c8eba0
T3622,training,0.0696,0.0735,0.00000000,0.0696|0.0735,2,11770;11771,train,0.59813997,0.59813997,6700a84560fd7f045bbbecdd7e7df622f59e0558aee4634e6017c9c0d0a3658c
T3623,training,0.0699,-0.1157,0.00000000,0.0699|-0.1157,1,8182,train,0.33399787,0.33399787,aab4a58e039a24ff7135fb5e8e79fb830bdf72effe430200e302d3e29db71d2e
T3624,training,0.0699,0.1157,0.00000000,0.0699|0.1157,1,11476,train,-0.33399787,-0.33399787,b49c162a3fddb414791fa668b4e51b7c18bba39b23b03a36c3853dff4adbe092
T3625,training,0.0700,-0.0694,0.00000000,0.0700|-0.0694,1,5341,train,0.07242379,0.07242379,b0b6baec8f3c476dbb85fcfff467196100f9c635edeb22a0ea80832bf60b8d44
T3626,training,0.0700,0.0694,0.00000000,0.0700|0.0694,1,4909,train,-0.07242379,-0.07242379,c9e20637eef6efa592e032134668362f4f94cf1f1b6b46017037842084219d0e
T3627,validation,0.0701,-0.0649,0.00000000,0.0701|-0.0649,2,4954;4955,train,0.56175026,0.56175026,de47a4382dcb9e73361e4bef9ce10db2997dde7f8c0b4aa5bfbb43c421013f9f
T3628,training,0.0701,0.0649,0.00000000,0.0701|0.0649,2,5278;5279,train;val_iid,-0.56175026,-0.56175026,94169514a8953352ed5d18c110979f4eedc409bc4d60c1053b61a3ef9b903e45
T3629,training,0.0709,0.0000,0.00000000,0.0709|0.0000,1,5124,train,-0.00000000,-0.00000000,5bd44fe1e1d2ba97b866d92df74abc91388692396dad590fa71293ed56ddece5
T3630,training,0.0710,-0.0336,0.00000000,0.0710|-0.0336,1,5065,train,0.14495885,0.14495885,6c984c2d4c22d005d3b52e7ced4e3c27c0c038716f7604994c124a27e7f9a8e1
T3631,validation,0.0710,0.0336,0.00000000,0.0710|0.0336,1,5173,train,-0.14495885,-0.14495885,e40973f724d8d7db085548fbb8dbe62daca42ed3c2245c70d3ccd01d3602c09e
T3632,training,0.0711,-0.0675,0.00000000,0.0711|-0.0675,1,4964,train,0.56452983,0.56452983,76a534c05fb1d7fe1cc99b6ce709176d9c297928fb7a28142d798d06d11fde83
T3633,training,0.0711,0.0675,0.00000000,0.0711|0.0675,1,5288,train,-0.56452983,-0.56452983,6774dac1537a4e7536843641d7486c3fd2b4da6d45f24ecb861dbc18d6ea4b05
T3634,test,0.0714,-0.1193,0.00000000,0.0714|-0.1193,1,8177,val_iid,0.34833889,0.34833889,ea1c1222f77dd3c4be4ae146cef0e37870984d08396e4385b4d1ff0267fce6a0
T3635,training,0.0714,-0.0667,0.00000000,0.0714|-0.0667,2,4960;4961,train;test_iid,0.59761511,0.59761511,01e24694b308d0de5824187e566e672a8c89c7e54f19b3fbcc83202677a3deab
T3636,validation,0.0714,0.0667,0.00000000,0.0714|0.0667,2,5284;5285,train,-0.59761511,-0.59761511,d7854a24ccce5ecd846da17323b5d323213d58544fbd391b6e22dc1471e3907c
T3637,training,0.0714,0.1193,0.00000000,0.0714|0.1193,1,11471,train,-0.34833889,-0.34833889,6d4f986ca9cc4cacc3ff28ab17ecb6599bfdf5341dc47bcfdead6b9c5a601020
T3638,training,0.0715,-0.0773,0.00000000,0.0715|-0.0773,1,8235,train,0.03596693,0.03596693,46ffbdfeb9b7ae2994b12055e14a51857e274a88aab08cfdeafd3e1dccf1836e
T3639,training,0.0715,0.0773,0.00000000,0.0715|0.0773,1,11421,test_iid,-0.03596693,-0.03596693,66f69b6d487309fb55f3e0fe56dda83e66d92ee389a6947968850409b1888ee9
T3640,training,0.0719,-0.0341,0.00000000,0.0719|-0.0341,1,5070,train,0.14707970,0.14707970,bde87da1c1c04e730649217086ba51af020ce83ab1536bf9a6a5d28519b4ce8a
T3641,training,0.0719,0.0341,0.00000000,0.0719|0.0341,1,5178,train,-0.14707970,-0.14707970,330e2e7cdd8b10d7fb800ae799ed56d8dbbc87dcef999dac2bb749c99de87fd4
T3642,test,0.0720,0.0000,0.00000000,0.0720|0.0000,1,5097,train,-0.00000000,-0.00000000,f8594235447b4f9f6ccc49e26fa9c509d1427f687125299ab04ce2cafe925732
T3643,training,0.0721,0.0000,0.00000000,0.0721|0.0000,1,5102,train,-0.00000000,-0.00000000,17ee3b1aec28a38a24544e89eea38c76d1f467e9857bde7c19bfafb839d0aded
T3644,training,0.0722,-0.1289,0.00000000,0.0722|-0.1289,1,8198,train,0.57148108,0.57148108,9ae23cf7b0ba9e613fd86dc163c9864cf3d209d093f3c644b726a4d8572a9c96
T3645,test,0.0722,0.1289,0.00000000,0.0722|0.1289,1,11492,test_iid,-0.57148108,-0.57148108,faa9712af632da2b0370e5c66542e44e97079fe00e9f6ddc5aaf3b815e7812e0
T3646,training,0.0723,-0.0685,0.00000000,0.0723|-0.0685,1,4965,train,0.58073837,0.58073837,c0d8597389058a5e18cbe117f4de2bc3e68a87506f746612d6b1cd8fc1ef5e61
T3647,training,0.0723,-0.0054,0.00000000,0.0723|-0.0054,1,5487,train,-0.78114022,-0.78114022,3a0192c3bd654e33bd1fcd209111dec0b311853505a765710f9d8044f67a2f82
T3648,training,0.0723,0.0054,0.00000000,0.0723|0.0054,1,4731,train,0.78114022,0.78114022,4f8465c0fde7e312bb3cfe9aa2d69b3ca03b05dda4c38552902c82e7ab0aba06
T3649,training,0.0723,0.0685,0.00000000,0.0723|0.0685,1,5289,train,-0.58073837,-0.58073837,abc242e9c2aaa5674d5ec804392185116cf40029be4b6fa330cfb949e5a8efde
T3650,validation,0.0725,-0.0731,0.00000000,0.0725|-0.0731,1,8295,train,-0.07855240,-0.07855240,d9de55a7fa23a7e7dec5b41cfe76dd0a0af3b0c85a29e2074e016b3ac366132b
T3651,training,0.0725,0.0731,0.00000000,0.0725|0.0731,1,11373,test_iid,0.07855240,0.07855240,91856b0b89fa1b6b04a651f3e780094dcc0e3e8f61e320a9ec380c771c9c3f6f
T3652,training,0.0726,-0.0641,0.00000000,0.0726|-0.0641,1,5017,val_iid,0.27178029,0.27178029,11b0155cacf1d635d6d795a60d30b7b87a77583553eaedcc72ca3c44f11d52e1
T3653,training,0.0726,0.0641,0.00000000,0.0726|0.0641,1,5233,train,-0.27178029,-0.27178029,99ea8a9f51d7a2bc7ec4b66bcf9c1c624c0481ac37d71905617d5ec4ac77867d
T3654,training,0.0727,-0.0436,0.00000000,0.0727|-0.0436,1,5432,test_iid,-0.20009103,-0.20009103,21e7e3383a23f61ca500f86da21846f5dfe8567db531898cdf8f090e87cdb700
T3655,training,0.0727,0.0436,0.00000000,0.0727|0.0436,1,4784,train,0.20009103,0.20009103,bf526b5802d6e3e827f5d19d3acbedc060c1861fb1e928c03ce5216b18ed1656
T3656,test,0.0729,-0.0668,0.00000000,0.0729|-0.0668,1,4995,train,0.20348475,0.20348475,ee59e0ebdd220b511f7cb36d28b15a7d9d9c391b6a9646f19c0327c8f3c907a8
T3657,validation,0.0729,0.0668,0.00000000,0.0729|0.0668,1,5211,train,-0.20348475,-0.20348475,db2c96858604d807d1499d8684f906827bf5997820d5ebd608c61d80b2538728
T3658,training,0.0730,-0.0808,0.00000000,0.0730|-0.0808,1,8257,train,0.04802621,0.04802621,78f5b30b1ca9e0d36c232758a94b553d7830b44d5970dcec8b637b262ba65eba
T3659,training,0.0730,0.0808,0.00000000,0.0730|0.0808,1,11443,train,-0.04802621,-0.04802621,0e03b7895e4d55a0e87ad00c5aabed82fcdd58200a89127e817d164709ee2dae
T3660,validation,0.0731,-0.1308,0.00000000,0.0731|-0.1308,1,8193,train,0.58287701,0.58287701,ce7459f918b8f70669347ecd40b2feab107a9aca6f6175c4008adb30610e1526
T3661,training,0.0731,-0.0725,0.00000000,0.0731|-0.0725,1,5325,train,0.07855240,0.07855240,515c09579881323a4f6ff978c8972b8a129cf5852c9d7691ad01f206801ef2a8
T3662,training,0.0731,0.0725,0.00000000,0.0731|0.0725,1,4893,train,-0.07855240,-0.07855240,af3110cddfaa9334c79c5e3e4a7c11f2ceaaa27075c24fcba8a541dea6f003a6
T3663,training,0.0731,0.1308,0.00000000,0.0731|0.1308,1,11487,val_iid,-0.58287701,-0.58287701,2dbcf62ee18cbe366093d27cf2b4c6d4656e7aaeb06fe3599bd5bd4eb351605d
T3664,training,0.0734,-0.0684,0.00000000,0.0734|-0.0684,1,5378,train,-0.02860766,-0.02860766,3204a049993098773f96ccc8c3fe588f5a7958ce53e5d6731b98ca5888457ca0
T3665,training,0.0734,0.0684,0.00000000,0.0734|0.0684,1,4838,train,0.02860766,0.02860766,7bc96a16c0f1dea249101f2866605ce174be9f443f3614fd2d293a311b3e2a2f
T3666,test,0.0735,-0.0696,0.00000000,0.0735|-0.0696,2,4966;4967,train;test_iid,0.59813997,0.59813997,efdc1614b3c2bac8c550885a5bb89bcdea2e93e31db72cfeaab689a2ccc1e969
T3667,training,0.0735,0.0696,0.00000000,0.0735|0.0696,2,5290;5291,train,-0.59813997,-0.59813997,baba0b1045329f53a447ff4c617689edf808a598893f31c2158f9db32e89af44
T3668,training,0.0737,-0.0795,0.00000000,0.0737|-0.0795,1,8619,train,-0.20521947,-0.20521947,adbdb59fd901bfeaff6fd5d4eb527afd74d081e7bcddbb0ffc0106ee26186783
T3669,training,0.0737,0.0795,0.00000000,0.0737|0.0795,1,11805,train,0.20521947,0.20521947,1d3d48fec8df77dc55923898fb0ede2e75ed9f9435b4c7890cdf6a2fb99ba1b5
T3670,training,0.0738,0.0000,0.00000000,0.0738|0.0000,1,5119,train,-0.00000000,-0.00000000,99a55fbac1e5b215a5fbca71d2b214fe4a89f745446325c1426a94ebb49a74d4
T3671,validation,0.0743,-0.1320,0.00000000,0.0743|-0.1320,1,8561,train,-0.24717062,-0.24717062,d658ec7876f1c770ddb0b922c46b93975a17b6c9d5dca5778c908046f3579bc6
T3672,training,0.0743,0.1320,0.00000000,0.0743|0.1320,1,11855,train,0.24717062,0.24717062,7f2f42dceb42a244ce0aac5f8d7b888b0ba635b38d57144b3d0f5cad95609fae
T3673,training,0.0751,-0.1325,0.00000000,0.0751|-0.1325,1,8566,train,-0.25688191,-0.25688191,6a864815b8d01969b6ea1e51d6d2cc5a039be380c5d565f0bc198cef8fc42836
T3674,training,0.0751,0.1325,0.00000000,0.0751|0.1325,1,11860,val_iid,0.25688191,0.25688191,7ebe97f28d2b079837d34dcb7915f4888022feb72da1258603647189987eb0f0
T3675,training,0.0760,-0.0449,0.00000000,0.0760|-0.0449,1,5427,train,-0.22486203,-0.22486203,2ede256e8c7c7bd84ae2eee546c32f582027150fb6683c8f78a684f148e9bcbd
T3676,validation,0.0760,0.0449,0.00000000,0.0760|0.0449,1,4779,train,0.22486203,0.22486203,de539b54ab96ffb526815621ed885319e0a1da8ee7f27bf64e5543f16b7eb0c2
T3677,training,0.0766,-0.0411,0.00000000,0.0766|-0.0411,1,5054,train,0.14051574,0.14051574,853a6aec9cd904d82fb303aa86fb464b405adabd37271eb08fcafe2f160f8fff
T3678,training,0.0766,0.0411,0.00000000,0.0766|0.0411,1,5162,train,-0.14051574,-0.14051574,5118ce2ef75f653fc1736c99551b5765c3620630cee3e056faaac2e4e37420ca
T3679,training,0.0768,-0.1533,0.00000000,0.0768|-0.1533,1,8582,train,-0.33916234,-0.33916234,3ec83ae9b089a0f0b08d1ba3f6228297fdd984acd64356c70b408b56a2204e4e
T3680,training,0.0768,0.1533,0.00000000,0.0768|0.1533,1,11876,train,0.33916234,0.33916234,1d0fb2a5abd1eaebcf0c20731daf70a431ca198b96142727650c03e49dc23991
T3681,validation,0.0770,-0.1255,0.00000000,0.0770|-0.1255,1,8188,train,0.34916393,0.34916393,d44f60eca777ada6b217729fb6d66c493c80177f8ad2fd277cda8c83079b2f30
T3682,training,0.0770,0.1255,0.00000000,0.0770|0.1255,1,11482,test_iid,-0.34916393,-0.34916393,36fe3029cb0fa057827f996ebdf51a102f2790d4c131f7eebbd0aa30f741c0a6
T3683,training,0.0773,-0.0715,0.00000000,0.0773|-0.0715,1,5373,train,-0.03596693,-0.03596693,ca66eabca5be3a975630a421f3edb26d3a8efa8aa0ba010afa882be438e5021b
T3684,test,0.0773,0.0715,0.00000000,0.0773|0.0715,1,4833,train,0.03596693,0.03596693,f5d25419350a5d93c9021ec00fd1fce5f4b196681a084fc7cdf285355096b51e
T3685,training,0.0780,-0.0419,0.00000000,0.0780|-0.0419,1,5049,train,0.13820502,0.13820502,4bab10ed2126124e7947b3793258b06818e386bd49f029122ff678763e664720
T3686,training,0.0780,0.0419,0.00000000,0.0780|0.0419,1,5157,train,-0.13820502,-0.13820502,04cde4cf6b40ec4519231f0464a4ddd38e18ba0f5ff3967bb63b37b8f4447a38
T3687,training,0.0783,-0.1288,0.00000000,0.0783|-0.1288,1,8183,val_iid,0.36415796,0.36415796,b3e6423748bdec20ba17b7d7a17c009f4bffadf5aec6b0176b47cc8ecc6aad3f
T3688,training,0.0783,0.1288,0.00000000,0.0783|0.1288,1,11477,train,-0.36415796,-0.36415796,24634dab84ecf02bb84fa471a6e69dec8315b97748288f759b6feb592c240153
T3689,training,0.0791,-0.0846,0.00000000,0.0791|-0.0846,1,8241,train,0.02749915,0.02749915,4ac45ae6e2de048e9bb91f6ae58be68549b8ecfd5b86580c733bda3a400d9286
T3690,training,0.0791,0.0846,0.00000000,0.0791|0.0846,1,11427,train,-0.02749915,-0.02749915,a8e6787708bbc93c53c471d2fa6b162311d567e2bc10efac0d6b4481cf2b19e6
T3691,training,0.0793,-0.1599,0.00000000,0.0793|-0.1599,1,8577,train,-0.35343410,-0.35343410,8af405653de7556bec259ce4495b93137900b827fafe6142a280731ec5ef7f70
T3692,training,0.0793,0.1599,0.00000000,0.0793|0.1599,1,11871,train,0.35343410,0.35343410,68b3e186b491380be3d9ef929e4e687124e04e4990a216c564233c99a31495f6
T3693,training,0.0794,0.0000,0.00000000,0.0794|0.0000,1,5108,train,-0.00000000,-0.00000000,15e1cb8153cfd569778c473a1fede064ffe22b211e936a8fb16ab37a43ecd586
T3694,training,0.0795,-0.0737,0.00000000,0.0795|-0.0737,1,5001,train,0.20521947,0.20521947,bd9d0980fa493fa2b34a902d16927a8494bbb9c7382c64caedf29cb5663ccc56
T3695,training,0.0795,-0.0448,0.00000000,0.0795|-0.0448,1,5449,train,-0.30386125,-0.30386125,1b1cce54a67ac8aa8571bd94607a3a285718b1ac0b021af017a1cae6714e0ef7
T3696,training,0.0795,0.0448,0.00000000,0.0795|0.0448,1,4801,train,0.30386125,0.30386125,96c9165e446bd10990f77590c61b6770b7d3eda52405de238758b0c4c99e20ba
T3697,training,0.0795,0.0737,0.00000000,0.0795|0.0737,1,5217,val_iid,-0.20521947,-0.20521947,73e0a5a63a3f1dd4bc07fcc7a413bb68d30c72346da3797a3004c5f4c5b74bbd
T3698,training,0.0808,-0.0730,0.00000000,0.0808|-0.0730,1,5395,train,-0.04802621,-0.04802621,49156f7f30f6a6da7fcd126a984a3c47b027e72eaf970192e67e0f8975680633
T3699,training,0.0808,0.0730,0.00000000,0.0808|0.0730,1,4855,train,0.04802621,0.04802621,30046a9f85595b9fc8eb6959ff7878f37a3357d79cea7431275f541174480ef4
T3700,training,0.0820,-0.1451,0.00000000,0.0820|-0.1451,1,8204,train,0.61453934,0.61453934,9afd76dfd10c271931d2c45e4b336d8237810190bc533319f6079f78dc2a1600
T3701,training,0.0820,0.1451,0.00000000,0.0820|0.1451,1,11498,train,-0.61453934,-0.61453934,462b7b2cca1e97adf204158b53a2115933c6d88b3cd898e90c0381483fae552e
T3702,validation,0.0827,-0.1475,0.00000000,0.0827|-0.1475,1,8199,train,0.66551426,0.66551426,d34c0649b0f5f82be045bae6a731132dbfcab7a00a8acf28851b1689b1116c36
T3703,training,0.0827,0.1475,0.00000000,0.0827|0.1475,1,11493,train,-0.66551426,-0.66551426,a87321811c2502e5ad9c2da2f4759803482b7c20babde9a4a1af8d5349fb7d0d
T3704,training,0.0830,-0.0054,0.00000000,0.0830|-0.0054,1,5476,train,-0.93113126,-0.93113126,33030081d06e17c4bba50d9ca78ba8e823feaabac76a7c13a38ded145b086371
T3705,training,0.0830,0.0054,0.00000000,0.0830|0.0054,1,4720,train,0.93113126,0.93113126,a8218ff7fc255e70b3bbdc81727900d44c211ea12202724d3dc61d4674b11932
T3706,training,0.0833,-0.0504,0.00000000,0.0833|-0.0504,1,5433,train,-0.22645320,-0.22645320,2a80f3a76b494f52849e859c2212b06ad618bf4b6e2ae63a4c6b6e694e0d45f6
T3707,training,0.0833,0.0504,0.00000000,0.0833|0.0504,1,4785,train,0.22645320,0.22645320,af9742b45fc0ce6f9332d643f4bc5a28f83c72d32860390105f42b3be4878b4d
T3708,training,0.0834,-0.1456,0.00000000,0.0834|-0.1456,1,8567,val_iid,-0.29072880,-0.29072880,5fc4757a5cb9c416e302fcaf7d403e5bfea2f37701caa3f720cb3953728993cb
T3709,training,0.0834,0.1456,0.00000000,0.0834|0.1456,1,11861,val_iid,0.29072880,0.29072880,06f8755b665e6963f66e5f2d7be0de25352babe1e414147f451203180dce9b4c
T3710,training,0.0835,0.0000,0.00000000,0.0835|0.0000,1,5103,train,0.00000000,0.00000000,0329be776d720991a793f209b4f52b332668b35d6d36008b6b9be64d4b1d3ce9
T3711,validation,0.0840,-0.0084,0.00000000,0.0840|-0.0084,1,5492,val_iid,-1.07320935,-1.07320935,e332384e2f1b6a59596853abd08c983ece88969a2297514eb484685db24850c8
T3712,training,0.0840,0.0084,0.00000000,0.0840|0.0084,1,4736,train,1.07320935,1.07320935,463f48a72cac54852f2844a10da4dc3d45d46eb907f16da357def490d45ca232
T3713,validation,0.0842,-0.0409,0.00000000,0.0842|-0.0409,1,5071,train,0.16930169,0.16930169,ddff5816c7bb424d9254c6ee90e568b875c4273ec651d4bc1ebe18bbe5a78947
T3714,training,0.0842,0.0409,0.00000000,0.0842|0.0409,1,5179,train,-0.16930169,-0.16930169,c9f08ed202d07c71f06fb1bdf7bf5e780a53f9027dec60e0e4bda03b4b1131ae
T3715,training,0.0846,-0.0791,0.00000000,0.0846|-0.0791,1,5379,train,-0.02749915,-0.02749915,200e1490e6e5130cb1bf47b62fb0d9e4e22fe0e160578e3ee0dcf001c55c531c
T3716,training,0.0846,0.0791,0.00000000,0.0846|0.0791,1,4839,train,0.02749915,0.02749915,12598b8bd334e215b317b7a2d1b5efea1976503d8ea42b0a675aec9e74f3eac9
T3717,training,0.0860,-0.0990,0.00000000,0.0860|-0.0990,1,8624,train,-0.45108334,-0.45108334,c34efe02a7b2adff7ad4c852f8940f1fda1193938131e6da8647137d2aef9a28
T3718,training,0.0860,0.0990,0.00000000,0.0860|0.0990,1,11810,train,0.45108334,0.45108334,6768459652ec0321e1230c43ea0f2e02d0f8bd54759b96cb9a704059402389ec
T3719,training,0.0863,0.0000,0.00000000,0.0863|0.0000,1,5125,train,0.00000000,0.00000000,2dcdb51fc85d1735f77becb7e85a304b65a4c9198f2fba6f4f6439e3a4f4db74
T3720,training,0.0868,-0.1408,0.00000000,0.0868|-0.1408,1,8189,train,0.39168495,0.39168495,28f95f5f99dd69f978286e26a1711c55c4ccdbcb1bc387cd9bde5b5fb6b24a63
T3721,training,0.0868,0.1408,0.00000000,0.0868|0.1408,1,11483,test_iid,-0.39168495,-0.39168495,432a1fcfec11db0e0804ea5ae74e225753917045f0934b9ae1c585007193d84b
T3722,training,0.0878,-0.0479,0.00000000,0.0878|-0.0479,1,5055,test_iid,0.15801771,0.15801771,576ebc8aa3f079534dc772e8ab0564e37eab1038e2cb6c27558dec339dbf1bc6
T3723,training,0.0878,0.0479,0.00000000,0.0878|0.0479,1,5163,test_iid,-0.15801771,-0.15801771,7f36f3226b8201730a3c355634393046eadac26943af9b1a672a8857328f5593
T3724,training,0.0889,-0.0062,0.00000000,0.0889|-0.0062,1,5482,train,-1.00962401,-1.00962401,a5a8a966d51a7ce1afd5917920baf7ab5b73b3c84c03155cf4fefe827fa30a3b
T3725,test,0.0889,0.0062,0.00000000,0.0889|0.0062,1,4726,train,1.00962401,1.00962401,edac47de237e619c311784d9cf958f6c6a4cdc6065e3c06c8fa05f78363bd992
T3726,training,0.0901,-0.1775,0.00000000,0.0901|-0.1775,1,8583,train,-0.40516384,-0.40516384,a37c2e38ef47156513e39ed9a67f31eb8ef027b7e47a8db10a93ae1b35718822
T3727,training,0.0901,-0.0082,0.00000000,0.0901|-0.0082,1,5498,train,-1.17612802,-1.17612802,a3926d685de1ea792f6d8d43b7e0195fa47f68f0b5cc1bb8deb00ad8dfb77321
T3728,training,0.0901,0.0082,0.00000000,0.0901|0.0082,1,4742,train,1.17612802,1.17612802,bf1704697d55bab478997c24402b36ad571f0d494d9a266b47905bd62d075e70
T3729,training,0.0901,0.1775,0.00000000,0.0901|0.1775,1,11877,train,0.40516384,0.40516384,37d4ea30b61c81862fb388a36530005bec445d9b47c38503ba7917be88b28355
T3730,training,0.0902,-0.0063,0.00000000,0.0902|-0.0063,1,5477,train,-1.01502308,-1.01502308,5544bbe78414307ffeff2252a4a99c07bd65b58bbdabf26ab57416b6243a6958
T3731,training,0.0902,0.0063,0.00000000,0.0902|0.0063,1,4721,train,1.01502308,1.01502308,5a42771deba8d8792a464c89f0245de5c2f3c91aec7d45d6f7d9c435c3a229bc
T3732,training,0.0912,0.0000,0.00000000,0.0912|0.0000,1,5109,train,-0.00000000,-0.00000000,6df8c97bae7515408348d4b6ba5a7912795a1acddb120cfbc1f080b4839ffd39
T3733,training,0.0917,-0.0994,0.00000000,0.0917|-0.0994,1,8608,val_iid,-0.30147191,-0.30147191,20f280bb515b427dbbd24bad72b28e7653b23a8085ba49f0a6e9564ab0c88dbb
T3734,training,0.0917,0.0994,0.00000000,0.0917|0.0994,1,11794,train,0.30147191,0.30147191,13b1d5f7354c0a0b502349bc75dceef6c1d092fc133527cb975878873055a285
T3735,training,0.0920,-0.1631,0.00000000,0.0920|-0.1631,1,8205,train,0.69326080,0.69326080,ba81ca000cdcbe26622a0f993438bc01faa11cd4518a5a20a006a3a2475d1966
T3736,validation,0.0920,0.1631,0.00000000,0.0920|0.1631,1,11499,val_iid,-0.69326080,-0.69326080,d11eb846108a1fb58ea6dfb44853f5a38ec032e1d3b02ff1460c338b97bdc6e9
T3737,training,0.0930,-0.0066,0.00000000,0.0930|-0.0066,1,5488,train,-1.06053973,-1.06053973,bde12fbf9bccd506750ed94abb13011908f02303b13072e68536aea1be160c67
T3738,training,0.0930,0.0066,0.00000000,0.0930|0.0066,1,4732,train,1.06053973,1.06053973,25fffdf12c2200247286d18194a79eb86358ae9d2ecc2ce31a803e06e3c79039
T3739,training,0.0939,-0.0085,0.00000000,0.0939|-0.0085,1,5504,train,-1.22481944,-1.22481944,c4627487bb4452a6f642697b106ad58cff6e3eebc98e9325792c1a2e8e349f14
T3740,training,0.0939,0.0085,0.00000000,0.0939|0.0085,1,4748,train,1.22481944,1.22481944,4cb24ece5bc4008eebb3de9dc7995da6c2fdf32b64bfefde0349fe857ec6c3ff
T3741,training,0.0940,-0.0950,0.00000000,0.0940|-0.0950,1,8284,train,-0.13647828,-0.13647828,3fb410770843343ee7fc260d3e8d0dd4d9b3b488f0de622649c88411da61a341
T3742,training,0.0940,0.0950,0.00000000,0.0940|0.0950,1,11362,train,0.13647828,0.13647828,624ed0df24c2759535f4dc1c926648043881685fa61fc4ad257476f71485ddfb
T3743,training,0.0943,-0.0100,0.00000000,0.0943|-0.0100,1,5493,train,-1.23810511,-1.23810511,8217754f8000a4f0c3197efc04e94d2d08df1e04a357e2d5e4cda1d23ababd6b
T3744,training,0.0943,0.0100,0.00000000,0.0943|0.0100,1,4737,train,1.23810511,1.23810511,a83e144e18298d2ae9c6345d156739956b67086961c9382aae89abcb2936578a
T3745,training,0.0950,-0.0940,0.00000000,0.0950|-0.0940,1,5314,train,0.13647828,0.13647828,913a492c8846cd0e94fc07a631fc2355abcfe54deb0e38ba6272d58870c77f2e
T3746,training,0.0950,0.0940,0.00000000,0.0950|0.0940,1,4882,train,-0.13647828,-0.13647828,057b85ac0cde9f18a2665f0c364931c97dd5204f9bb015009316503cb86d8824
T3747,training,0.0953,-0.1081,0.00000000,0.0953|-0.1081,1,8630,train,-0.46612095,-0.46612095,0b63a4c6291ecea124ba901fa3d36a669f9c035eb41969580c73704f175d04ff
T3748,training,0.0953,0.1081,0.00000000,0.0953|0.1081,1,11816,val_iid,0.46612095,0.46612095,7e5da845a2084e8f754a09da5a32caf3f807e6e0d5d554ba91671b76022d5efa
T3749,training,0.0964,-0.0076,0.00000000,0.0964|-0.0076,1,5483,train,-1.09113212,-1.09113212,72ddef8002934c1b40611c097b306ae2df55ec6571bb8a279809dca5562d1ef2
T3750,validation,0.0964,0.0076,0.00000000,0.0964|0.0076,1,4727,train,1.09113212,1.09113212,e1cf4b8704338341ef6ad2c9b5496afeb843a51f71ccf7b55a5e746596c421a8
T3751,training,0.0979,-0.1121,0.00000000,0.0979|-0.1121,1,8625,train,-0.51394123,-0.51394123,b1d6ff2075a80ef8ea191c8260fb2fa39d6725e5e2facfdacfe07b279bf74f55
T3752,training,0.0979,0.1121,0.00000000,0.0979|0.1121,1,11811,train,0.51394123,0.51394123,6231a3b5a828903ea210589ce6f6de03602efb89e70dbb8132da1996f226edfd
T3753,training,0.0990,-0.0860,0.00000000,0.0990|-0.0860,1,5006,train,0.45108334,0.45108334,c5e5af3e743c0ba13f114c4b195ce4afe7d6b62d0294d1166b8847f74c8c6ad5
T3754,training,0.0990,0.0860,0.00000000,0.0990|0.0860,1,5222,train,-0.45108334,-0.45108334,3d2584515b3ea43e307582c75e39386a4343b4f8a1a041c089ee9183895350f0
T3755,training,0.0994,-0.0917,0.00000000,0.0994|-0.0917,1,4990,train,0.30147191,0.30147191,7402a90205afc1cee499247f39cc7b289ab3951d19beeb97d680a5718d7b5514
T3756,test,0.0994,0.0917,0.00000000,0.0994|0.0917,1,5206,val_iid,-0.30147191,-0.30147191,f867ff5fc59ee3676cc2bab6196873e181cc6355bc5dff927e052df6d70743d3
T3757,training,0.0996,-0.1006,0.00000000,0.0996|-0.1006,1,8300,train,-0.11042969,-0.11042969,aa56327dadbcda5ac56cacae72cb1d3de36b2f0facee93da7d256c9151f4d404
T3758,training,0.0996,0.1006,0.00000000,0.0996|0.1006,1,11378,train,0.11042969,0.11042969,65d577bb1c790c7f943c7371638a1db7b17217cdbf2e04374f0e2303e818b643
T3759,training,0.1004,-0.1081,0.00000000,0.1004|-0.1081,1,8614,train,-0.32160811,-0.32160811,8c17e9efebe3209ace802bd8fe4b16415ccd70843c664827fc39ae635108ea2d
T3760,training,0.1004,0.1081,0.00000000,0.1004|0.1081,1,11800,train,0.32160811,0.32160811,b52748ddcd01ccaa659175eb1a9a20ef0c8453fa94f4fa6ec641f34360cd5866
T3761,training,0.1006,-0.0996,0.00000000,0.1006|-0.0996,1,5330,val_iid,0.11042969,0.11042969,bbf85e10742fdf20793584f569de039e8dd696828e9d0c8e00b68b1660346824
T3762,training,0.1006,0.0996,0.00000000,0.1006|0.0996,1,4898,train,-0.11042969,-0.11042969,453663af8893be9ffd12c0534bcec7b36a8ab46f07aed8ad086f75b6e627f814
T3763,validation,0.1009,-0.1079,0.00000000,0.1009|-0.1079,1,8230,train,0.02482780,0.02482780,d8910ce488681c92ae6c502625d0a1b72b5e0f88d8b191ae485f47bc0c791f1c
T3764,validation,0.1009,0.1079,0.00000000,0.1009|0.1079,1,11416,train,-0.02482780,-0.02482780,e16176a0d491eae7dcf2c5afbb5f9e2f7798bc89bf692774e5a28d671c3fa116
T3765,validation,0.1010,-0.1022,0.00000000,0.1010|-0.1022,1,8290,train,-0.15976371,-0.15976371,d31ab5fd91d3aefc5bf9569c2118ef1fa60d48ef0231f4b64b142c042a8185b8
T3766,training,0.1010,0.1022,0.00000000,0.1010|0.1022,1,11368,train,0.15976371,0.15976371,1f585f7a7af03895bb46e965794d42cdc4f5b9082ef20e29561b6ea3ae553cb4
T3767,training,0.1022,-0.1010,0.00000000,0.1022|-0.1010,1,5320,train,0.15976371,0.15976371,9f17d7afe10ba8a1e36860b33dd6f6a7f12eba785c6bed6143fcaddaa030ffe9
T3768,validation,0.1022,0.1010,0.00000000,0.1022|0.1010,1,4888,train,-0.15976371,-0.15976371,dca95e4ac4c72c01ec6fa1ddfba53bb6dabb2b63dd9f096eed394e46ef5f4bde
T3769,validation,0.1033,-0.1117,0.00000000,0.1033|-0.1117,1,8609,train,-0.34746413,-0.34746413,d3de660abd5cfa4939851d7aec19cb5b3c28e29d4e6418af52873a64ff64c399
T3770,training,0.1033,0.1117,0.00000000,0.1033|0.1117,1,11795,train,0.34746413,0.34746413,2685df64e44397c41854b70266aecbcb4b370b6cf92a525cdf653d599d187db2
T3771,training,0.1041,-0.1053,0.00000000,0.1041|-0.1053,1,8285,train,-0.16371696,-0.16371696,7cb4229aecdb8be902ed7c01b431b46b1b070d53ec71e60d65ec56b76c668467
T3772,training,0.1041,0.1053,0.00000000,0.1041|0.1053,1,11363,train,0.16371696,0.16371696,a731770dd93658632e24cef99253e477224133776f7ff89ae6d32490ab71353c
T3773,training,0.1044,-0.1166,0.00000000,0.1044|-0.1166,1,8246,train,0.06366803,0.06366803,02a10868147b2ac643ac7e5f13cbeecad18569514abee04898c682934307d64c
T3774,training,0.1044,0.1166,0.00000000,0.1044|0.1166,1,11432,train,-0.06366803,-0.06366803,add631c50ec3893de2161219c92d0865731929967f4353e9c851ec9281599cbc
T3775,validation,0.1053,-0.1041,0.00000000,0.1053|-0.1041,1,5315,val_iid,0.16371696,0.16371696,dd4227d53cece1b803ccba12516af37021401056c4402b45a329cf1999d071a8
T3776,training,0.1053,0.1041,0.00000000,0.1053|0.1041,1,4883,train,-0.16371696,-0.16371696,2fd867e26af49fc5ff8df0506db2736bc0f65e7129755092398a2b71d776e96b
T3777,training,0.1066,-0.1206,0.00000000,0.1066|-0.1206,1,8631,test_iid,-0.52776060,-0.52776060,01945bdf7abfc5ece3bb47b5f0f8c3cb6d1537210ee0400c02b6023211dce605
T3778,validation,0.1066,0.1206,0.00000000,0.1066|0.1206,1,11817,val_iid,0.52776060,0.52776060,d465a44ea7e6db929b548996a69a77c4194bb7d4e4fac160257435cec369208b
T3779,training,0.1079,-0.1009,0.00000000,0.1079|-0.1009,1,5368,train,-0.02482780,-0.02482780,c54fc87cd26befcc841ed170dd09f0182b8cc66dde7a5256be1be75b8ae9e335
T3780,validation,0.1079,0.1009,0.00000000,0.1079|0.1009,1,4828,train,0.02482780,0.02482780,cd54e4a309b015417983ead6474374a325a44a0bd5b377f4d93e65b212d15bdd
T3781,training,0.1081,-0.1004,0.00000000,0.1081|-0.1004,1,4996,train,0.32160811,0.32160811,c2242a0c547b300a7c6537109beb6db24e03828a1c2519444b451d9dc3676a25
T3782,training,0.1081,-0.0953,0.00000000,0.1081|-0.0953,1,5012,train,0.46612095,0.46612095,190531f450109741ebf6a89e6c21821f3f56d3e7f2e5526a012f59415891f6db
T3783,training,0.1081,0.0953,0.00000000,0.1081|0.0953,1,5228,train,-0.46612095,-0.46612095,1edb32670b530ebec36ef4677d76a6f7bb0c4268518b03359ee5c5316a9f4944
T3784,test,0.1081,0.1004,0.00000000,0.1081|0.1004,1,5212,train,-0.32160811,-0.32160811,fe838132bc849fc32f018d96b8fce3462a396e8660c3f5711433ba80fd0476df
T3785,training,0.1082,-0.0646,0.00000000,0.1082|-0.0646,1,5422,train,-0.31929338,-0.31929338,8857356ac6c378833bd636e1b8a7e1e678c58ed1c32b3b206e23c63ce4b77641
T3786,training,0.1082,0.0646,0.00000000,0.1082|0.0646,1,4774,test_iid,0.31929338,0.31929338,4fbaec67110fdb2991a2fbfe05fc83d3165b656e8347229a12e53274f01be05c
T3787,training,0.1084,-0.0139,0.00000000,0.1084|-0.0139,1,5499,train,-1.35645943,-1.35645943,19a12ec4d0606ef60b8aac486d95cb14b708482d32f6d5105b761ae6398c35c7
T3788,training,0.1084,0.0139,0.00000000,0.1084|0.0139,1,4743,train,1.35645943,1.35645943,816fce0d96b2619a9996bdc8d38247e6a83383e31e64b930d0ae9f45fbab2db5
T3789,validation,0.1087,-0.1099,0.00000000,0.1087|-0.1099,1,8306,val_iid,-0.13941075,-0.13941075,e0f7c39034bf196d8044645e50d7fb7aa69d168543f02f884082d6f9282d1c0b
T3790,training,0.1087,0.1099,0.00000000,0.1087|0.1099,1,11384,train,0.13941075,0.13941075,0e7f741cbeb751740da65565fe32a28e136c2c93c76fb1f7eac533b2d278b8d4
T3791,training,0.1094,-0.1972,0.00000000,0.1094|-0.1972,1,8194,train,0.98981661,0.98981661,892efab9e82768f4463c6121aaa9539240e5b4ea90330f8829330bfe1511ae37
T3792,training,0.1094,0.1972,0.00000000,0.1094|0.1972,1,11488,train,-0.98981661,-0.98981661,3c7a16da8dbe9fde1dff657b85d2209b46aefe6de5c7ccdaacfbce07eab0302e
T3793,training,0.1095,-0.1216,0.00000000,0.1095|-0.1216,1,8636,train,-0.49714431,-0.49714431,1be193399baebab41727791925c89f8a64b8907b0025ecea3c896d914d632b6c
T3794,training,0.1095,-0.1172,0.00000000,0.1095|-0.1172,1,8620,test_iid,-0.32980001,-0.32980001,99042a2e8b5e3ec883aa4086b929e405cc6b77a345376266c3e41210becbe425
T3795,test,0.1095,0.1172,0.00000000,0.1095|0.1172,1,11806,val_iid,0.32980001,0.32980001,eb1f477f807892d5f0b827a72a7841dd6870c00cdf0a11dad2e765d5542f5ae8
T3796,training,0.1095,0.1216,0.00000000,0.1095|0.1216,1,11822,train,0.49714431,0.49714431,56f977c71aeec3c90468a6c51fe6a324ea82f03258b4df4ad99e42514e3f0c3a
T3797,validation,0.1097,-0.1110,0.00000000,0.1097|-0.1110,1,8291,train,-0.18008222,-0.18008222,d0da0ad10cf679bead864c61811bda2fc202eaf85986798386e1f6e468e19aa4
T3798,validation,0.1097,-0.1108,0.00000000,0.1097|-0.1108,1,8296,train,-0.15260838,-0.15260838,d6f672a688765fc57589493a0a8ac72b88703cd251b187b9bde62d48cd0c144c
T3799,training,0.1097,0.1108,0.00000000,0.1097|0.1108,1,11374,train,0.15260838,0.15260838,0a8e97fd41a77143a6d7cadc750c1bdf6b2eb95799afda5e0b788ed9aedcaa17
T3800,training,0.1097,0.1110,0.00000000,0.1097|0.1110,1,11369,train,0.18008222,0.18008222,43cf605eae597d9fb12639eacf41a0bb236417d786ac3ae64816ef3e3fc3cb64
T3801,training,0.1099,-0.1087,0.00000000,0.1099|-0.1087,1,5336,train,0.13941075,0.13941075,0a26303c80c0aa86346dc54a5279a8f1cf479c39d929629291426c8721e63406
T3802,training,0.1099,0.1087,0.00000000,0.1099|0.1087,1,4904,train,-0.13941075,-0.13941075,6e45e976102709710529b1e6c36d98c43e43cbf283bb7236b0a1004ba4519436
T3803,training,0.1100,-0.0601,0.00000000,0.1100|-0.0601,1,5044,train,0.21616756,0.21616756,bb5f59e9bb06fce858e5695e8f4af202949e72be95633763fa6319a42621010e
T3804,training,0.1100,0.0601,0.00000000,0.1100|0.0601,1,5152,val_iid,-0.21616756,-0.21616756,72690318b052f0ed75bd446ac7537778ef8767fd360adae5a138336540415072
T3805,training,0.1108,-0.2184,0.00000000,0.1108|-0.2184,1,8572,train,-0.53081573,-0.53081573,3c43044c2da16d2a280924024c00a425b7fe95a2301514ebf202b2cfbc3e0d8e
T3806,training,0.1108,-0.1097,0.00000000,0.1108|-0.1097,1,5326,test_iid,0.15260838,0.15260838,60d3241d297216e833d7c17f5dd89946859ff1a1c5907e522f6653eb4eaa68fe
T3807,training,0.1108,0.1097,0.00000000,0.1108|0.1097,1,4894,train,-0.15260838,-0.15260838,05248124e0541b98e3b0e296197087e61f44b271f4b35d3a681da212e8d42ab7
T3808,test,0.1108,0.2184,0.00000000,0.1108|0.2184,1,11866,train,0.53081573,0.53081573,f8f2191ad3ac15ed22a80310511833d3294d952382d6ef675c18e24ed03b96b3
T3809,training,0.1110,-0.1097,0.00000000,0.1110|-0.1097,1,5321,train,0.18008222,0.18008222,17a0f7518dcffba3bd078437ad41082411be376fc9949566280606b950fee842
T3810,training,0.1110,0.1097,0.00000000,0.1110|0.1097,1,4889,train,-0.18008222,-0.18008222,0522e8a75760a894d08e7d663bec3e19b68bb84ccb6d8e3b9c2c70cdb7dcdfeb
T3811,training,0.1111,-0.0620,0.00000000,0.1111|-0.0620,1,5438,train,-0.48771982,-0.48771982,c0f4cb3706c3c9b3d6e63a200994753ec1864baee26d73032d8daef49168ff77
T3812,test,0.1111,0.0620,0.00000000,0.1111|0.0620,1,4790,train,0.48771982,0.48771982,eb51450d450ecd815d8b979f79afd7d51e257be7bd646eb69b04426ea8a4df5a
T3813,validation,0.1117,-0.1033,0.00000000,0.1117|-0.1033,1,4991,train,0.34746413,0.34746413,d35d4676413ddda1a13fd01365ad4dc11caec92beba86661db3ea6c6af09a8e3
T3814,training,0.1117,0.1033,0.00000000,0.1117|0.1033,1,5207,test_iid,-0.34746413,-0.34746413,a1375989332e1ffeaece453c3657681690a9c598440ec3e792503eb6ca1e4e18
T3815,training,0.1121,-0.1203,0.00000000,0.1121|-0.1203,1,8615,train,-0.34918993,-0.34918993,0ec21a645b6ee97cf178e47b10e8dac056ec36ae34e1992f943d04403c054ba5
T3816,training,0.1121,-0.0979,0.00000000,0.1121|-0.0979,1,5007,test_iid,0.51394123,0.51394123,c3826798de1d3687b79543a21a2bbcc49d28411284d032f3bb28bfc370960057
T3817,training,0.1121,0.0979,0.00000000,0.1121|0.0979,1,5223,train,-0.51394123,-0.51394123,718cd59eb532c060ba6e1951c65505a177272d1eadba33c71b9794cada2dc484
T3818,training,0.1121,0.1203,0.00000000,0.1121|0.1203,1,11801,train,0.34918993,0.34918993,b38dc7ba5406439790b9bee3582d9becced35a6e8b379379237b2e4c6b1e0d53
T3819,training,0.1143,-0.1221,0.00000000,0.1143|-0.1221,1,8231,train,0.02174196,0.02174196,9dfcdf1debbc01eb500b0f6e92d9f0dc717587eb8ddfb85251ad8d32513581d7
T3820,training,0.1143,0.1221,0.00000000,0.1143|0.1221,1,11417,train,-0.02174196,-0.02174196,01e7c8a2534631f21fe03174095fb4712b2ccdde1f3fbb4f528a5fdcfc935abf
T3821,training,0.1145,-0.1158,0.00000000,0.1145|-0.1158,1,8301,train,-0.15025959,-0.15025959,a5b2e59c83ddbc246c06dc037b9ccce35a9de309bac59074fcc4a15b9290aa97
T3822,training,0.1145,0.1158,0.00000000,0.1145|0.1158,1,11379,train,0.15025959,0.15025959,9c760a7754b782bb7af2365badb73b83f47ff7350350b476b03d6ee3e7530a99
T3823,training,0.1147,-0.0141,0.00000000,0.1147|-0.0141,1,5489,train,-1.19712917,-1.19712917,15073db758d2f6ec521805eb1a84c9498b7a9c167aa733be29b3443ffa653b36
T3824,training,0.1147,0.0141,0.00000000,0.1147|0.0141,1,4733,train,1.19712917,1.19712917,b647c73c168a465afe2af8896d2a60d76b74f3da06e8525cdd9fad7a94a626ba
T3825,training,0.1152,-0.1234,0.00000000,0.1152|-0.1234,1,8236,val_iid,0.03963903,0.03963903,67731976b60bccb8e94e545ff5175a5ccd15c311e97ee960ddbb4f7b993821cc
T3826,training,0.1152,0.1234,0.00000000,0.1152|0.1234,1,11422,train,-0.03963903,-0.03963903,c1f8fbd92113b8c50aa4572f643b9781ecca0614b743d5de3fc84467397a1660
T3827,training,0.1157,-0.0699,0.00000000,0.1157|-0.0699,1,5428,val_iid,-0.33399787,-0.33399787,5c2dd5d0e8cb3bd2f671d0e9544b90a0660f817903ed114a2cf781417ffd0f7c
T3828,test,0.1157,0.0699,0.00000000,0.1157|0.0699,1,4780,train,0.33399787,0.33399787,f7fdb798924a54d50c55b8594b60eba6f3942d3e199876153dda9a5fcedc9087
T3829,training,0.1158,-0.1145,0.00000000,0.1158|-0.1145,1,5331,val_iid,0.15025959,0.15025959,b535d4c4551eaee440557f14760c4a6af84861f7695eafeadf9be355ef5fb3bd
T3830,training,0.1158,0.1145,0.00000000,0.1158|0.1145,1,4899,val_iid,-0.15025959,-0.15025959,78ad405c193d2b58eae18b2a2452c48b071931155e1a109f155647e87fb45686
T3831,training,0.1166,-0.1044,0.00000000,0.1166|-0.1044,1,5384,train,-0.06366803,-0.06366803,87a3a5b6f77c467474ec0fd1a80b213aec942f6be972d0d81c641057e4c07fef
T3832,training,0.1166,0.1044,0.00000000,0.1166|0.1044,1,4844,train,0.06366803,0.06366803,03b4400e28c18f94e1d0da015fe56de24864b5c0c0f604f933bc35b267e57994
T3833,training,0.1172,-0.1095,0.00000000,0.1172|-0.1095,1,5002,train,0.32980001,0.32980001,25f1520ee11bde6da912ea45949a01f678dd311e086b5ff37bf651ae2b456cf2
T3834,training,0.1172,0.1095,0.00000000,0.1172|0.1095,1,5218,val_iid,-0.32980001,-0.32980001,94a2271e68e735c42adeb0622902c1db6b5104ade1230d6c6784122d9d1976ee
T3835,training,0.1182,-0.0567,0.00000000,0.1182|-0.0567,1,5060,train,0.25341802,0.25341802,ada88735905e87f67d7e18caa0e41fea353d49fd5bd6148372aed620c85a4832
T3836,training,0.1182,0.0567,0.00000000,0.1182|0.0567,1,5168,train,-0.25341802,-0.25341802,951e18e82b801b8dc4ac45352f6f4eb89fae0499fb1c9e8056ea3543fd8dee1d
T3837,test,0.1189,-0.2159,0.00000000,0.1189|-0.2159,1,8200,train,1.15131863,1.15131863,ff0b8e0bcd91e693938ce73eea4413a9c4ed5a2191f02ad84dc8fbcef5868274
T3838,training,0.1189,0.2159,0.00000000,0.1189|0.2159,1,11494,train,-1.15131863,-1.15131863,17455e37f0c4b7eafbb29be5511d8053fdc83389e805deebff4a742ac5349949
T3839,training,0.1192,0.0000,0.00000000,0.1192|0.0000,1,5098,test_iid,-0.00000000,-0.00000000,713a33a82930d592cb4310b2f461bb1362382048511b60184ff50e73b1bc7490
T3840,training,0.1193,-0.0714,0.00000000,0.1193|-0.0714,1,5423,train,-0.34833889,-0.34833889,7e3951ad2d35981948e3a9451bdcc1c98019c81eec11de814c0b6fbb0401068f
T3841,training,0.1193,0.0714,0.00000000,0.1193|0.0714,1,4775,train,0.34833889,0.34833889,2b255de0edb9c95d25f0a40034a236c347c88e44ad9e676d2a9088b6f4d76bea
T3842,training,0.1200,-0.2161,0.00000000,0.1200|-0.2161,1,8195,train,1.11578530,1.11578530,5fd9337a8b2ef6ea1a85764e57591f2ca94fb631b8cfc57f3693a2a1c2722fd7
T3843,training,0.1200,0.2161,0.00000000,0.1200|0.2161,1,11489,train,-1.11578530,-1.11578530,88481773ee509fd5321d372656c5cce0d48edb8ba4c9544352f2f94952d7d770
T3844,training,0.1201,-0.1215,0.00000000,0.1201|-0.1215,1,8297,train,-0.19352167,-0.19352167,a4a01a71750eca2d97cd1ddc06d4db1ecb1a987cbadefc9f99974f32032a15f6
T3845,training,0.1201,0.1215,0.00000000,0.1201|0.1215,1,11375,test_iid,0.19352167,0.19352167,45d33c8ac1b5c7ea88284ae7ea2584c1cd3392accca79e09a46be005519caf99
T3846,training,0.1203,-0.1121,0.00000000,0.1203|-0.1121,1,4997,train,0.34918993,0.34918993,77384a9a6f695bbc0c77cf6d34736b68f7ddf87e1d3308ce146fe5fb05107181
T3847,validation,0.1203,0.1121,0.00000000,0.1203|0.1121,1,5213,train,-0.34918993,-0.34918993,d0de52ffbec5eb18ef783fe7c3cbf8d0fcbd8aaa8b4663f77f9a34df2d39ea1f
T3848,training,0.1206,-0.1066,0.00000000,0.1206|-0.1066,1,5013,val_iid,0.52776060,0.52776060,112976fe9f4d02a4b849296c0d5497620b3d8633c4b5ad451a9c32f1b85a2aa3
T3849,training,0.1206,0.1066,0.00000000,0.1206|0.1066,1,5229,train,-0.52776060,-0.52776060,b51bcb763b5e21221217db4a24663e5cf5e2b2f30bd9f34a9807dc5703f642c5
T3850,training,0.1209,-0.1338,0.00000000,0.1209|-0.1338,1,8637,train,-0.55202432,-0.55202432,0116558708281444a12c13c15914c99cadf3ea56328951b099307c7314ebb43e
T3851,test,0.1209,0.1338,0.00000000,0.1209|0.1338,1,11823,train,0.55202432,0.55202432,f44804d80ac7ec54599dc504fa3e12fed242316ae6243ee73cbf7da7f1d96081
T3852,training,0.1210,-0.1293,0.00000000,0.1210|-0.1293,1,8621,test_iid,-0.36697804,-0.36697804,79f4d674d9973538d7d153d2b2de691dc7fd1f8c84adf9b142c165dd8592ade1
T3853,training,0.1210,0.1293,0.00000000,0.1210|0.1293,1,11807,train,0.36697804,0.36697804,9ec4568a3aa3c05a78caabdf77e810a4e5045d61fe358eab0c4ba49ef407cc41
T3854,training,0.1215,-0.1201,0.00000000,0.1215|-0.1201,1,5327,train,0.19352167,0.19352167,a326083bb0fd7fba284158e7baf4f41c0e8544173b03a41fc27cc6887e40d119
T3855,training,0.1215,0.1201,0.00000000,0.1215|0.1201,1,4895,train,-0.19352167,-0.19352167,34d354799807f2ea4a3f63e48f06c95980b5cbd55b072f7ec759e4435b296e91
T3856,training,0.1216,-0.1095,0.00000000,0.1216|-0.1095,1,5018,train,0.49714431,0.49714431,97fbd0610ee88e2a4d248a8205dfef471ccc261ed3723e2027d9c1d29cac29d6
T3857,training,0.1216,-0.0678,0.00000000,0.1216|-0.0678,1,5050,train,0.22762065,0.22762065,86f21d47c9a5c02a9b46b02017e478698ccc2f49b944ce72d78af193362e6046
T3858,training,0.1216,0.0678,0.00000000,0.1216|0.0678,1,5158,train,-0.22762065,-0.22762065,6ecd51b04ee9ed2a7f5f57cf7ae93f9f103677dd81e06329c63914f871c1d234
T3859,training,0.1216,0.1095,0.00000000,0.1216|0.1095,1,5234,train,-0.49714431,-0.49714431,5e624e6aa5b68ea68aa0888bc0f74f355421f88ec3c0723d067e8dcfae36e34c
T3860,training,0.1221,-0.1143,0.00000000,0.1221|-0.1143,1,5369,test_iid,-0.02174196,-0.02174196,436af030d6840557bc0b2bf75c8a21d8d08d84f1d7b9378301caea07094af80b
T3861,training,0.1221,0.1143,0.00000000,0.1221|0.1143,1,4829,train,0.02174196,0.02174196,27755fad3740a1dbb090b1862b0324296fec93bcc4a35a279810e522a2637c88
T3862,training,0.1231,-0.2395,0.00000000,0.1231|-0.2395,1,8578,train,-0.60434185,-0.60434185,2b482b5331796dcaaff147639a0d658b4c4168556860ddca97a49f8df2a00047
T3863,validation,0.1231,-0.0680,0.00000000,0.1231|-0.0680,1,5045,train,0.24706905,0.24706905,d7d47640ac6fd4544bcf0c8acbf2018861af6be5cd5e09305ac1c5b6fd5c1b20
T3864,training,0.1231,0.0680,0.00000000,0.1231|0.0680,1,5153,train,-0.24706905,-0.24706905,bf357af06dceb4ff093812fd81055dad0e23f447d533f00486caebe517c0143f
T3865,training,0.1231,0.2395,0.00000000,0.1231|0.2395,1,11872,train,0.60434185,0.60434185,bde824f8a00513e16de2b5489f942ba35e091f410690c3291ee799379652ec48
T3866,training,0.1234,-0.1152,0.00000000,0.1234|-0.1152,1,5374,train,-0.03963903,-0.03963903,c607fb06ad131398e90f1186d93776cdc47cf3e5e304b87b0ebd74017ae14fd4
T3867,test,0.1234,0.1152,0.00000000,0.1234|0.1152,1,4834,train,0.03963903,0.03963903,f1fce723779b38cf327c1a27b6ab900d75f86523b0e8757861fb703ae0b24e5c
T3868,test,0.1238,-0.1367,0.00000000,0.1238|-0.1367,1,8252,train,0.06598547,0.06598547,ed03fe8cd2c0bf4ac139695cdd9457bba4761bbdc5b0df67fa6a3de96f858dd1
T3869,training,0.1238,0.1367,0.00000000,0.1238|0.1367,1,11438,train,-0.06598547,-0.06598547,8b7fae8c2d4b51d7e93bbe8896de4a233e7c6e4eeb83b12634ce42eb35ff3bd3
T3870,training,0.1239,-0.1316,0.00000000,0.1239|-0.1316,1,8242,train,0.01893722,0.01893722,8fad1c6c802e11bf781cf9021e614fb273928c64307f05d29921de1b434ff85d
T3871,training,0.1239,0.1316,0.00000000,0.1239|0.1316,1,11428,train,-0.01893722,-0.01893722,bcb5c9ff3a38cb9f2d49bd2e81755d73c1312ba10eadd1ba97fded3ffa39c196
T3872,training,0.1247,-0.1385,0.00000000,0.1247|-0.1385,1,8247,train,0.06898663,0.06898663,4bb1a893ee7d52f97e09f99b94abb0084918b2f5c3c212048b0f497741fda97e
T3873,training,0.1247,0.1385,0.00000000,0.1247|0.1385,1,11433,test_iid,-0.06898663,-0.06898663,7f4d532606bc53cf4ee34b07f22adaa6ffe234abd06c3b60c46a1714497a1e34
T3874,training,0.1252,-0.1267,0.00000000,0.1252|-0.1267,1,8312,train,-0.17851049,-0.17851049,660185e8c3d215a1b588b7dcb7f680a1cc55c5befd0b4493cb7ad7e25dad5a48
T3875,training,0.1252,0.1267,0.00000000,0.1252|0.1267,1,11390,train,0.17851049,0.17851049,4a717324b54b2b0855cb466df135ec3e66312635fff3d46df29e4050c1208fb7
T3876,training,0.1255,-0.1268,0.00000000,0.1255|-0.1268,1,8307,train,-0.16029168,-0.16029168,6af83b4b15acf07b0c0a24949d6c41c5182f92c3cc7dfaf410d434dee5476bb8
T3877,training,0.1255,-0.0770,0.00000000,0.1255|-0.0770,1,5434,train,-0.34916393,-0.34916393,19837ecf9677717fbbed10e781cb8fcc0925dfdfa312dc99c64ef838b67bbed1
T3878,training,0.1255,0.0770,0.00000000,0.1255|0.0770,1,4786,train,0.34916393,0.34916393,a15489b9f6333bbb75c855890e2df2e3eb7d3bce947f96677bb23dc0b8bb760a
T3879,training,0.1255,0.1268,0.00000000,0.1255|0.1268,1,11385,train,0.16029168,0.16029168,c5734d10ceeef8545dcff7e89dcd96597f84c81d2dc3455032eb07f39c29e73e
T3880,training,0.1257,-0.2440,0.00000000,0.1257|-0.2440,1,8573,train,-0.62697137,-0.62697137,2d24e5856dd5503b16d01c43a372b568bc72ec958fc46bfaca7929c43b70a46f
T3881,training,0.1257,0.2440,0.00000000,0.1257|0.2440,1,11867,train,0.62697137,0.62697137,6bc48a5c46b5e500c126879141556edb0b9443203c82d7a987847322fa22671e
T3882,training,0.1267,-0.1252,0.00000000,0.1267|-0.1252,1,5342,train,0.17851049,0.17851049,a116a4a76452c3662d206e2d6017d7be15ea6aa1c57a4c3ac331fe1a6c4e59a9
T3883,training,0.1267,0.1252,0.00000000,0.1267|0.1252,1,4910,train,-0.17851049,-0.17851049,91bd1b1c95d785cbc00287d18fa15e665e27c9e5c7af73daf7e428d3c63812f5
T3884,training,0.1268,-0.1255,0.00000000,0.1268|-0.1255,1,5337,train,0.16029168,0.16029168,397fbcefccd1aa456149500fb07e7b089e91f60a19c0ca906bb8d82fa650c702
T3885,training,0.1268,0.1255,0.00000000,0.1268|0.1255,1,4905,val_iid,-0.16029168,-0.16029168,4c9f6078f86b54adbf0df9b95221c951e07e8f2b280d5508c047b229a3316d9f
T3886,training,0.1279,0.0000,0.00000000,0.1279|0.0000,1,5114,train,0.00000000,0.00000000,25ba61138647a736bd8d4aa4e37b9437f5ddfe8f70440fcea349cb68aced4657
T3887,validation,0.1283,-0.0210,0.00000000,0.1283|-0.0210,1,5505,val_iid,-1.51967197,-1.51967197,da3b300344a269c14068cf428732d3eca11a91b0bfb479be0c99686c91938a0c
T3888,training,0.1283,0.0210,0.00000000,0.1283|0.0210,1,4749,train,1.51967197,1.51967197,917a8c29095b3b47dff3e7332098c65bfefde3456c38a2e3473b9690047c8088
T3889,training,0.1286,-0.2297,0.00000000,0.1286|-0.2297,1,8206,train,1.13618514,1.13618514,c1fa19f51310799507f1cd2b87b7c3aec25716ad92cc27317af6f423b0d84516
T3890,training,0.1286,0.0000,0.00000000,0.1286|0.0000,1,5104,train,-0.00000000,-0.00000000,11290f09ab280d92df18387391d33b61d44a3e6e4f200116ee096831ee48a7bc
T3891,training,0.1286,0.2297,0.00000000,0.1286|0.2297,1,11500,train,-1.13618514,-1.13618514,11a469239f9b1ed554f046053c12b7049ccb4efb62d0f51ac9d5693358700d93
T3892,training,0.1288,-0.0783,0.00000000,0.1288|-0.0783,1,5429,train,-0.36415796,-0.36415796,28295fc4654742d82415d2fe758be9bfc1afd0c6e28672e37ec08563eebf837e
T3893,training,0.1288,0.0783,0.00000000,0.1288|0.0783,1,4781,train,0.36415796,0.36415796,c310b1130ae487f8677494321ebb4ed259a4bc8aa93a96726ef5d05ffa07612c
T3894,training,0.1289,-0.0722,0.00000000,0.1289|-0.0722,1,5444,train,-0.57148108,-0.57148108,a997f58d677dbe88adeb1886e0f27b8fc217810d50edd149af3fd29e71f63528
T3895,training,0.1289,0.0722,0.00000000,0.1289|0.0722,1,4796,train,0.57148108,0.57148108,8704f8e4081eeaa6e2b40e6b69a5691e40f6f11be0e0e9e5c22923ecc22868cb
T3896,training,0.1293,-0.1210,0.00000000,0.1293|-0.1210,1,5003,train,0.36697804,0.36697804,200af6af3958ed04d5f6f3532aff901a90908c422db6aace1bc0d7ff98168ac5
T3897,training,0.1293,0.1210,0.00000000,0.1293|0.1210,1,5219,train,-0.36697804,-0.36697804,88766b7a6ae6d3d50356250132a9376f93460f20885e550a01d00df3d5847608
T3898,validation,0.1299,-0.1390,0.00000000,0.1299|-0.1390,1,8237,train,0.03913211,0.03913211,e31a73393ab741c2e1329089299b1af31d008c7aa10e14e657aa26e13950acb0
T3899,training,0.1299,0.1390,0.00000000,0.1299|0.1390,1,11423,train,-0.03913211,-0.03913211,bf63c6c75e7f76b9d272b148de2b7742da7baa3c1d46191099103cfa3c85176e
T3900,training,0.1306,0.0000,0.00000000,0.1306|0.0000,1,5099,test_iid,0.00000000,0.00000000,6b2aca57dbe8fed35fcbc127284bc3f38f4e098a75294c657be061f4f6816e6d
T3901,training,0.1308,-0.0731,0.00000000,0.1308|-0.0731,1,5439,train,-0.58287701,-0.58287701,0270838bfd633d78466d7ed95ae6d31803a0947ae90a65f797ac2232be0810e8
T3902,training,0.1308,0.0731,0.00000000,0.1308|0.0731,1,4791,train,0.58287701,0.58287701,9ebd85cc821465ed362cb5105f1691acf3b53a3268fafa6800a0e371ca756857
T3903,validation,0.1316,-0.1239,0.00000000,0.1316|-0.1239,1,5380,train,-0.01893722,-0.01893722,e0f5c80b6add35cdfe2a963bd871f199a20c04b8a3c86734fc795f7b8c25d03d
T3904,training,0.1316,0.1239,0.00000000,0.1316|0.1239,1,4840,test_iid,0.01893722,0.01893722,46b89d5dc32d55ca3e3c0d69bcaa1710c92025cf62c57d32c1446d220d947be0
T3905,training,0.1320,-0.0743,0.00000000,0.1320|-0.0743,1,5051,train,0.24717062,0.24717062,62ad63ad5430da060d99996a7f7f0c7cbb44eeda84df49d4325642c7e0f3440b
T3906,training,0.1320,0.0743,0.00000000,0.1320|0.0743,1,5159,train,-0.24717062,-0.24717062,6a07473321745ded58a94b91c2105d0cf2384fcb75fc81230a8f8343779e62bc
T3907,training,0.1325,-0.0751,0.00000000,0.1325|-0.0751,1,5056,train,0.25688191,0.25688191,28ec4eac28435e458b654f9b53ee2dc92d1c9a2a1c4680f3b108749fb377da7b
T3908,validation,0.1325,0.0751,0.00000000,0.1325|0.0751,1,5164,train,-0.25688191,-0.25688191,dfe5a66838dc4d99d12634e05a25f5a3ba21f78d73ebc38fee32621e5480ea99
T3909,training,0.1338,-0.1209,0.00000000,0.1338|-0.1209,1,5019,train,0.55202432,0.55202432,7b14f22c8fd195d814f78a23c7209367e97c2cdacb84894a388fc5f89a0429be
T3910,training,0.1338,0.1209,0.00000000,0.1338|0.1209,1,5235,train,-0.55202432,-0.55202432,4c61f5eb5adcc8d41794cbd92be9300371e1566d4bee1fe50d5988a17dfe498e
T3911,training,0.1347,-0.2599,0.00000000,0.1347|-0.2599,1,8579,test_iid,-0.66532755,-0.66532755,246568b19004f04586ca73bc37438a0aa2479c6b43fed1b08f9bc6ba4ddf595b
T3912,training,0.1347,0.2599,0.00000000,0.1347|0.2599,1,11873,train,0.66532755,0.66532755,85ab95e3143fdb1c4b2d645c1a9fe89e5b7a96e4c2646cea3ee9495645cb8faf
T3913,training,0.1355,-0.2578,0.00000000,0.1355|-0.2578,1,8584,val_iid,-0.67643995,-0.67643995,a45931ee5ac9bd9961be78d69261ba2134d4a7db13eeb27717a67eb23c2cb437
T3914,training,0.1355,0.2578,0.00000000,0.1355|0.2578,1,11878,train,0.67643995,0.67643995,8593333c6ee75db63ca8e1705b886a2ec999f21abb73ff78c957e92b022f08ff
T3915,training,0.1363,-0.0671,0.00000000,0.1363|-0.0671,1,5066,train,0.29621541,0.29621541,89407eadac773c2c17c53abd8595d7a29071e6093c4232207c666c27dee2e75b
T3916,validation,0.1363,0.0671,0.00000000,0.1363|0.0671,1,5174,val_iid,-0.29621541,-0.29621541,cf6005d5df20e44b7e4f123ef6093cf7905739dab51f25498b0ccbe0504aa21b
T3917,training,0.1367,-0.1238,0.00000000,0.1367|-0.1238,1,5390,train,-0.06598547,-0.06598547,76ea421d928d4fefb063ebbf61d2d7600006269318a54b0ffe463672fc701355
T3918,test,0.1367,0.1238,0.00000000,0.1367|0.1238,1,4850,train,0.06598547,0.06598547,f649a528469e427fa65b3597265cab8cc469bf7870096df3dbc9d7a1b0507609
T3919,training,0.1370,-0.1388,0.00000000,0.1370|-0.1388,1,8313,val_iid,-0.21454647,-0.21454647,493578502d6fe3944129e0e59cfc83c7243bf22f8f4f19cd2fbf8a1702b36cef
T3920,training,0.1370,0.1388,0.00000000,0.1370|0.1388,1,11391,train,0.21454647,0.21454647,78310b1a66cd1bf68750799f47d78b894f01b907e12b121cca2af807b4203ba6
T3921,training,0.1375,-0.1455,0.00000000,0.1375|-0.1455,1,8243,train,0.01247585,0.01247585,56772a572e5205ab192b7898745918606022728cf6713307ed2e2c3c32b520a6
T3922,validation,0.1375,0.1455,0.00000000,0.1375|0.1455,1,11429,train,-0.01247585,-0.01247585,dccdf900b9eb2fd2944241a7f14047b82c3ce3c55cbb606b96b59139aa3c9347
T3923,training,0.1385,-0.1247,0.00000000,0.1385|-0.1247,1,5385,val_iid,-0.06898663,-0.06898663,0302cd275469b36968d1a3dbac4f1019c9ad9ff8187687188287c3565f49a461
T3924,validation,0.1385,0.1247,0.00000000,0.1385|0.1247,1,4845,val_iid,0.06898663,0.06898663,e1510288e7fd8a5fc3a9e0832abeda7749e9a5e7846158e1d2e737f01a658a0a
T3925,training,0.1388,-0.1370,0.00000000,0.1388|-0.1370,1,5343,train,0.21454647,0.21454647,955b61d840a5654096c1ee1d964cea30c4f48a9d737828a243601647b00ed0b6
T3926,training,0.1388,0.1370,0.00000000,0.1388|0.1370,1,4911,train,-0.21454647,-0.21454647,72d690e71ff1690a7f83dc3105ed37159d819557ad1cf9ed511844e4654b99e3
T3927,training,0.1390,-0.1299,0.00000000,0.1390|-0.1299,1,5375,val_iid,-0.03913211,-0.03913211,206d3a4c3116b3ec49f57e2dabb9bad968df6570d4d9456f7bc6f51b487fea6d
T3928,test,0.1390,0.1299,0.00000000,0.1390|0.1299,1,4835,train,0.03913211,0.03913211,f4e8c4a9ceef593cd2db71b30a2765873f38021c02abef49f981cdbc077497de
T3929,training,0.1398,-0.0674,0.00000000,0.1398|-0.0674,1,5061,train,0.29796225,0.29796225,523b2131c312e22a75be5ab253f862421aebff4a8a93673deed870b6bd4dbc06
T3930,validation,0.1398,0.0674,0.00000000,0.1398|0.0674,1,5169,test_iid,-0.29796225,-0.29796225,df55a8d123e7e878b2ffb09e4460d96f6bfc6f7412c321658f1db805b2b644c4
T3931,training,0.1406,-0.1533,0.00000000,0.1406|-0.1533,1,8258,train,0.06511928,0.06511928,47d463fdae4dc3380d93c6013b147b3c197e1e202fa39c77256339a30e553e1d
T3932,training,0.1406,0.1533,0.00000000,0.1406|0.1533,1,11444,train,-0.06511928,-0.06511928,193abcbae176827ecde5c5fb0d2d54b4b4d480af1aba5eb9c176cd61afdb2c87
T3933,training,0.1408,-0.0868,0.00000000,0.1408|-0.0868,1,5435,train,-0.39168495,-0.39168495,5e55d243a8064ecd992e64a2f8853e5c86d1606b2f8e7d669981982d625b09c9
T3934,training,0.1408,0.0868,0.00000000,0.1408|0.0868,1,4787,train,0.39168495,0.39168495,527708b53f405b1afa13fd1863c9f03c8ee1ddc74961f90c774905305db7db3f
T3935,training,0.1412,-0.0272,0.00000000,0.1412|-0.0272,1,5494,train,-1.69627880,-1.69627880,a24847f6478b54f9621db050b1d31973edecab27b57b33ecea8eef505e0e6018
T3936,training,0.1412,0.0272,0.00000000,0.1412|0.0272,1,4738,train,1.69627880,1.69627880,5f0d2fbe34e706a0cb05f92abe6c9f3d4fc2b69716132d33b7b61c966c45f5de
T3937,validation,0.1415,-0.0274,0.00000000,0.1415|-0.0274,1,5495,train,-1.69611149,-1.69611149,cd46dcfac345948825dbf6090fe34fe8984476e9e3d2a96eb2c3e7c54e6c1293
T3938,test,0.1415,0.0274,0.00000000,0.1415|0.0274,1,4739,train,1.69611149,1.69611149,ffd19fac9c7920f9b5b3d56b82d2e497060215893c3801e184f950d2e5b3e7c0
T3939,training,0.1432,0.0000,0.00000000,0.1432|0.0000,1,5105,train,0.00000000,0.00000000,1d8a335e9104a18c550bcc92eec276317cf9f6e48d9c54c6ed78b194db1bc153
T3940,training,0.1434,-0.1578,0.00000000,0.1434|-0.1578,1,8253,train,0.07278598,0.07278598,a3a317f8b4dad141b758ac61615bade1d651b6d3b644ec18d921ac0eb2711b04
T3941,test,0.1434,0.1578,0.00000000,0.1434|0.1578,1,11439,train,-0.07278598,-0.07278598,f9d3026ba7b22b240ad35ec81150731bf0393d3d210ee42c4b61392c052ca164
T3942,training,0.1437,0.0000,0.00000000,0.1437|0.0000,2,5110;5120,train;val_iid,-0.00000000,0.00000000,bf6f292ea44979d7ecf8793a5ed8a0b08252b5218f4903e11df73775ca286e77
T3943,training,0.1451,-0.0820,0.00000000,0.1451|-0.0820,1,5450,train,-0.61453934,-0.61453934,36358214982612c38f0371ff9ad75b5acc229c1ad46e95a263328433f32ad902
T3944,training,0.1451,0.0820,0.00000000,0.1451|0.0820,1,4802,train,0.61453934,0.61453934,0c954573dfb769e0fd56f5d4e9b0e7841ad7f69d395bd6d98561acdfdf5f1fe5
T3945,training,0.1455,-0.1375,0.00000000,0.1455|-0.1375,1,5381,train,-0.01247585,-0.01247585,39c85c33038411e8e3e1fabe1c9631bfd7f245ba4057e83ace06f4916f2ffc9f
T3946,training,0.1455,0.1375,0.00000000,0.1455|0.1375,1,4841,train,0.01247585,0.01247585,4cfd99006884c3a388611ed5aabf7230f30a36d0495dac71c83d6a1ba80c66fc
T3947,training,0.1456,-0.0834,0.00000000,0.1456|-0.0834,1,5057,train,0.29072880,0.29072880,5cb9f55726103ee7b1f274235a34764691ddf4e95ed17b2ba5a4844e5f455e3d
T3948,training,0.1456,0.0834,0.00000000,0.1456|0.0834,1,5165,train,-0.29072880,-0.29072880,15b0bd942201d265daa1c09d1933d6fc20f1960cc33029eb7113d008e9ec0194
T3949,validation,0.1459,-0.0312,0.00000000,0.1459|-0.0312,2,5500;5501,train,-1.77796041,-1.77796041,d3c400a9a01c0990a8b694a2bdaa6ae375d1b2c958db4a28a48d93612e7f4dd2
T3950,training,0.1459,0.0312,0.00000000,0.1459|0.0312,2,4744;4745,train;val_iid,1.77796041,1.77796041,75e8ea0372f3db04eecde141df7ee993048ffc2070277d236b4a8ca7360331ee
T3951,training,0.1470,0.0000,0.00000000,0.1470|0.0000,1,5115,test_iid,0.00000000,0.00000000,74a298c3ba7b8dbd9e581cbd7309b0af7805ab6f1879a96c9cc0f0b023880859
T3952,training,0.1471,-0.0283,0.00000000,0.1471|-0.0283,2,5506;5507,train;val_iid,-1.77448409,-1.77448409,9b3a0683bf8227878bd5f63ee2b2076451a55d9f5dd6376eda58f74b0db4395e
T3953,training,0.1471,0.0283,0.00000000,0.1471|0.0283,2,4750;4751,train;test_iid,1.77448409,1.77448409,c0ca54139f9aeaa459e3d336d82babbed5e11b133c69a9d997919f3633d87c12
T3954,training,0.1475,-0.0827,0.00000000,0.1475|-0.0827,1,5445,train,-0.66551426,-0.66551426,7bb3a2eee5b45f5b9c9b3696902e811fdceaafef5650fb23fceb54acee8b982b
T3955,training,0.1475,0.0827,0.00000000,0.1475|0.0827,1,4797,train,0.66551426,0.66551426,77911c1e25d7331600634f221ad22f3f404cce9b102c5ede00d5cb424b192741
T3956,validation,0.1483,-0.2867,0.00000000,0.1483|-0.2867,1,8585,train,-0.73886668,-0.73886668,d69f8d721cba3ded20965c118e568b199defcc7589fafefc8e71d9ecdc4afbe3
T3957,training,0.1483,0.2867,0.00000000,0.1483|0.2867,1,11879,train,0.73886668,0.73886668,2ad05fbc92474e5e1868fd44fe09d45d273b364cead545d0d6a6444337768139
T3958,training,0.1533,-0.1406,0.00000000,0.1533|-0.1406,1,5396,train,-0.06511928,-0.06511928,b4841c1dc1e8e4c79a2468f99c82b61e8d91782b66ef04d6b54ea725920c8afb
T3959,training,0.1533,-0.0768,0.00000000,0.1533|-0.0768,1,5072,train,0.33916234,0.33916234,2d38e89b21da266b74e4e985e3f4b64932d18cd60118b6d7d19bab4c7931e3fa
T3960,validation,0.1533,0.0768,0.00000000,0.1533|0.0768,1,5180,train,-0.33916234,-0.33916234,e184a68e7326fa668f018df65950a3a71ad7836afb02f644a9954684a5c46a89
T3961,training,0.1533,0.1406,0.00000000,0.1533|0.1406,1,4856,train,0.06511928,0.06511928,8d08d4884436c367bff46045d37a264a550cffc15bcb2630a2eb29ea49c01e02
T3962,test,0.1548,0.0000,0.00000000,0.1548|0.0000,1,5111,train,0.00000000,0.00000000,e6f4e20f5d23d2f337a57402d427928aed56660c4313c8efad5b0e0221e898cc
T3963,training,0.1578,-0.1434,0.00000000,0.1578|-0.1434,1,5391,train,-0.07278598,-0.07278598,14a542ba8aeb1a78ed44ab2272290128a987a5e33396ab356c3d91335ed01155
T3964,training,0.1578,0.1434,0.00000000,0.1578|0.1434,1,4851,train,0.07278598,0.07278598,17deb021fe2f49aafa2292e1c0eb122546eded855e7003107d6a1cefe52a3d6d
T3965,training,0.1588,-0.1830,0.00000000,0.1588|-0.1830,1,8626,train,-0.76992751,-0.76992751,a1903ba6a6f843552d9e115958a819e894137ae456182c79f2cf69709f5b7ec0
T3966,validation,0.1588,0.1830,0.00000000,0.1588|0.1830,1,11812,val_iid,0.76992751,0.76992751,cc46f26b43eaf15fc88badde50fbd14fcc0e79068964b350621e30cdaa7d4cef
T3967,training,0.1599,-0.0793,0.00000000,0.1599|-0.0793,1,5067,train,0.35343410,0.35343410,4f4d7d49e0e7cbad6b1ea60b425c8db6a0e5b7d9409cf1d3c49d21eee60f4231
T3968,training,0.1599,0.0793,0.00000000,0.1599|0.0793,1,5175,test_iid,-0.35343410,-0.35343410,7d1f1328300eb6a9f5aa54378ba028951b9a6595c48793b182dca0248c02e469
T3969,validation,0.1612,-0.1752,0.00000000,0.1612|-0.1752,1,8259,train,0.06810583,0.06810583,cc3bc8329c3fb9e79076585effe885bf505975d469ef29a14be3b20e48a7f238
T3970,test,0.1612,0.1752,0.00000000,0.1612|0.1752,1,11445,train,-0.06810583,-0.06810583,f4c18c4cd8f060ba0c113c09082d1acb22c35018fd55a5d779901cc1921e8584
T3971,training,0.1621,-0.1872,0.00000000,0.1621|-0.1872,1,8627,train,-0.78503153,-0.78503153,086584fc6984d006d78f500064965d7008ce34d9a67cb151f010aa24a3d9f255
T3972,training,0.1621,0.1872,0.00000000,0.1621|0.1872,1,11813,train,0.78503153,0.78503153,79f3b4c9f64ad307c32a89380f7a47af011ebe6b0a718717431f56a5580b9ede
T3973,training,0.1626,-0.1651,0.00000000,0.1626|-0.1651,1,8302,train,-0.28576229,-0.28576229,bfd3e4ea615705ceba735a19fe907db649de7049db96e5348b1862c07c6565d0
T3974,training,0.1626,0.1651,0.00000000,0.1626|0.1651,1,11380,train,0.28576229,0.28576229,6e2303021095a5489da7fdf67cffa3bd07620227bae9c43fc273e39e52e65af9
T3975,training,0.1631,-0.0920,0.00000000,0.1631|-0.0920,1,5451,train,-0.69326080,-0.69326080,52de32b17cdd2466715c3751b8be73edad33a59425c5b7a3cb2dc5ad2ccdce0e
T3976,training,0.1631,0.0920,0.00000000,0.1631|0.0920,1,4803,train,0.69326080,0.69326080,42fc9d2f38a05ead9499b5db0f325ba8a01c98a954f43bcfbefa64fad956407e
T3977,training,0.1635,-0.2705,0.00000000,0.1635|-0.2705,1,8201,train,1.28263731,1.28263731,70b386d18a22f1872f2fd7af63e0c927c52a0d5d11b2a9f312ef3c5484e4db01
T3978,test,0.1635,0.2705,0.00000000,0.1635|0.2705,1,11495,train,-1.28263731,-1.28263731,ef6bea39074d2c37f3965db1af47984483b66eaa62a0570b8a3123bb204a4a55
T3979,training,0.1636,0.0000,0.00000000,0.1636|0.0000,1,5126,test_iid,-0.00000000,-0.00000000,2e07210e32ebf2a35347006d746b8c47ffd90f000f0dfebca847f99922cd5eb2
T3980,validation,0.1651,-0.1626,0.00000000,0.1651|-0.1626,1,5332,train,0.28576229,0.28576229,d733629e0afe3f6ebf56c6a4655e8edc601b57d88498e08f3a6dba3f718a8a4a
T3981,training,0.1651,0.1626,0.00000000,0.1651|0.1626,1,4900,test_iid,-0.28576229,-0.28576229,982d5d3e47e2d6408074ef800f0118497529ca98affa8bdf0d51e3e90e806bc6
T3982,training,0.1675,0.0000,0.00000000,0.1675|0.0000,1,5121,train,0.00000000,0.00000000,6d054277b816628c0988f8ebdb41f1521be99c7680d05c91cc2d0c5af902fefc
T3983,training,0.1696,-0.1939,0.00000000,0.1696|-0.1939,1,8632,train,-0.75838761,-0.75838761,2747b95b177a6a9117ebcc74fc9a7b9708fe5d1f333766b5b98cd88fb2053705
T3984,training,0.1696,0.1939,0.00000000,0.1696|0.1939,1,11818,train,0.75838761,0.75838761,99c3459374c0d88ff53c127c9a2d9a1aebd70b01fcfb45223c83b74c797cd6ca
T3985,training,0.1705,-0.1949,0.00000000,0.1705|-0.1949,1,8633,train,-0.75873726,-0.75873726,c1b2e24735de8bc1030beb54653229d5ed21b05f0bf4742cdd4e70e9885962d2
T3986,training,0.1705,0.1949,0.00000000,0.1705|0.1949,1,11819,train,0.75873726,0.75873726,11609551f6a74517246a5e544b2930eb8157b742ab033f67b44d9da2f23940a0
T3987,training,0.1707,-0.1732,0.00000000,0.1707|-0.1732,1,8308,train,-0.30701820,-0.30701820,685ad9889e1c8dbc0a8b2008ac32ec9ffd01f8d86eac35b9f751447d1382d83c
T3988,training,0.1707,0.1732,0.00000000,0.1707|0.1732,1,11386,train,0.30701820,0.30701820,4f7562fb4ec21827b126e9373441ea2b35e537af21f846bc65f34082d2ef9ad7
T3989,training,0.1725,-0.1754,0.00000000,0.1725|-0.1754,1,8303,train,-0.33304434,-0.33304434,39cf69cf8a9cc6ceeed18d96a84761e7fe77fbea78dfe2bc558a792db9ca33bb
T3990,training,0.1725,0.1754,0.00000000,0.1725|0.1754,1,11381,train,0.33304434,0.33304434,b9f84a321a2d318f365ffeedf5529569a0192c236233ffb085aa191f5448bad4
T3991,training,0.1732,-0.1707,0.00000000,0.1732|-0.1707,1,5338,train,0.30701820,0.30701820,6efbc4ebd9279f8420f78a6c74f3b94f863b7e56abfb97c59de175cdb4a0025c
T3992,training,0.1732,0.1707,0.00000000,0.1732|0.1707,1,4906,test_iid,-0.30701820,-0.30701820,6951a6af1aa4573a312822f72eb4bc4e6b5fef693ff2d626551626c836cf6a6b
T3993,training,0.1752,-0.1612,0.00000000,0.1752|-0.1612,1,5397,train,-0.06810583,-0.06810583,09c27b00d6011a2aede755616999a28b67c9ff24372a78cb17a4d8ef61b4d322
T3994,training,0.1752,0.1612,0.00000000,0.1752|0.1612,1,4857,val_iid,0.06810583,0.06810583,14f13e72c429160fbbbc082bf9057421720708d8e4960941c39c4b33dd2aef93
T3995,training,0.1754,-0.1725,0.00000000,0.1754|-0.1725,1,5333,train,0.33304434,0.33304434,2bf06aabb43a1e63984280adeb781e0e53133bf9740b5507c11b40a30d09e7ba
T3996,training,0.1754,0.1725,0.00000000,0.1754|0.1725,1,4901,val_iid,-0.33304434,-0.33304434,767a8d4727c8536a795385ff728316f244e972efca6a36fb68957906fdf54ce9
T3997,training,0.1775,-0.0901,0.00000000,0.1775|-0.0901,1,5073,train,0.40516384,0.40516384,c10699407c6a6cb77cf35f3921b036a4dc9dd281ed40109b90f9422d507b4bff
T3998,test,0.1775,0.0901,0.00000000,0.1775|0.0901,1,5181,train,-0.40516384,-0.40516384,e66891e2cb71a87a78fef167436861597f2890ebc95b0cc1cde05d8da38ea397
T3999,training,0.1782,-0.2917,0.00000000,0.1782|-0.2917,1,8207,test_iid,1.23705787,1.23705787,12f181023574ce58111c2b6da98cdafc357eedb28709307a7c484c8b0d3fc451
T4000,training,0.1782,0.2917,0.00000000,0.1782|0.2917,1,11501,train,-1.23705787,-1.23705787,95f28b9a87aa4335518c0d79dce3452729cbd8d05eeb207eaabee26563879f71
T4001,training,0.1790,-0.2019,0.00000000,0.1790|-0.2019,1,8638,train,-0.71723425,-0.71723425,4b644e7279226c4a59c50746b95f9532a48ef367f00ab024bd4be5f3b95553f2
T4002,training,0.1790,0.2019,0.00000000,0.1790|0.2019,1,11824,train,0.71723425,0.71723425,bf9a69bab9038f49532cf9cb309189d958096e38e928223a1770c19bebad9bf5
T4003,training,0.1791,-0.2019,0.00000000,0.1791|-0.2019,1,8639,train,-0.71725588,-0.71725588,435532f4960aace06f0abd3ba7b949773d49942cdb408dc8b410b2d26885614e
T4004,training,0.1791,0.2019,0.00000000,0.1791|0.2019,1,11825,train,0.71725588,0.71725588,90fc131d53a9f0faee52747eeff0bdcbc4a7071b4e29f4847150a11862efc99a
T4005,validation,0.1805,-0.1836,0.00000000,0.1805|-0.1836,1,8309,val_iid,-0.36836004,-0.36836004,e2b9f108de752b69416c5f5f2126ee6115c4004160132bdcfa49a76ace14ee40
T4006,training,0.1805,0.1836,0.00000000,0.1805|0.1836,1,11387,test_iid,0.36836004,0.36836004,476b31ecf15dc2c87eb529e3e0cb35166bbb4c95f88870a2a72bae6f171cc797
T4007,validation,0.1814,-0.1851,0.00000000,0.1814|-0.1851,1,8314,train,-0.40644882,-0.40644882,db9164d3c135cce690f4402b08ed88576f83bf4da09a0638fc41a0d6e397793a
T4008,training,0.1814,0.1851,0.00000000,0.1814|0.1851,1,11392,train,0.40644882,0.40644882,7b3da871acdd4a6200f705419a575177c4534ac716927371dc2d67349e310b36
T4009,training,0.1829,-0.1867,0.00000000,0.1829|-0.1867,1,8315,train,-0.41605196,-0.41605196,9aa5881f8a5f9ae283e0cfd599a9d5afeab1d8582f473ea8885817643e28a972
T4010,training,0.1829,0.1867,0.00000000,0.1829|0.1867,1,11393,train,0.41605196,0.41605196,3577deb31d23a871036e98ce3a6f4d4e0b3c909c8fab04cfab24ec005fc943e4
T4011,training,0.1830,-0.1588,0.00000000,0.1830|-0.1588,1,5008,train,0.76992751,0.76992751,9b2a447f54577e58f306b2faf82213a90dd66ff7738c4050e45440e8d59ff04a
T4012,validation,0.1830,0.1588,0.00000000,0.1830|0.1588,1,5224,train,-0.76992751,-0.76992751,cd49b80f50c39d94a624d6c67794e2a801d10c3210d8814f97a568a6a02878ba
T4013,training,0.1836,-0.1805,0.00000000,0.1836|-0.1805,1,5339,train,0.36836004,0.36836004,604828e2d2ea95603982c83114f8e1e00f5175a7585617183b21c59ec2a6c5e3
T4014,training,0.1836,0.1805,0.00000000,0.1836|0.1805,1,4907,test_iid,-0.36836004,-0.36836004,41a1ad520d077ee19120200fa3c4dd8dfd294f9b8ce118b4e864299d2f7ab750
T4015,training,0.1848,0.0000,0.00000000,0.1848|0.0000,1,5127,train,0.00000000,0.00000000,795f4a7ad30a10b6590ce87f23b8066963526aa2d568d233beda0a0573e081d0
T4016,test,0.1851,-0.1814,0.00000000,0.1851|-0.1814,1,5344,train,0.40644882,0.40644882,e88f3412a3e6659cd4dc75f7dbe2a989392b6f8c6e1215fa9e8ef4bdbd65dc5c
T4017,training,0.1851,0.1814,0.00000000,0.1851|0.1814,1,4912,train,-0.40644882,-0.40644882,c0403c1237069e2878858bd53c8db850a3e6d3ca2c447bfe2024d141905a2ff3
T4018,training,0.1867,-0.1829,0.00000000,0.1867|-0.1829,1,5345,train,0.41605196,0.41605196,06b921aa677f36564ef18c74f96e48901601a15c1ba519a4df1408b2023763d2
T4019,training,0.1867,0.1829,0.00000000,0.1867|0.1829,1,4913,train,-0.41605196,-0.41605196,2d6493286e3bee9c7ae4059c7a218e96faf25c1c2ece9ab7f377815ecdf31c08
T4020,training,0.1872,-0.1621,0.00000000,0.1872|-0.1621,1,5009,train,0.78503153,0.78503153,215d0e449778fa884f028f24e581bfc652445554ec8120a321073643fd8a1356
T4021,training,0.1872,0.1621,0.00000000,0.1872|0.1621,1,5225,train,-0.78503153,-0.78503153,5371e6d41ee1fe10604ba614ba528ec249a033fe45c883fdf448a00de13608e6
T4022,test,0.1939,-0.1696,0.00000000,0.1939|-0.1696,1,5014,train,0.75838761,0.75838761,f712c1a9c92103d712d9fff7161ac41694f258e0c16b11461a52cafbaa3e4434
T4023,training,0.1939,0.1696,0.00000000,0.1939|0.1696,1,5230,train,-0.75838761,-0.75838761,7de451183e06279cd16daaa8319065bd92ead03f254ceb4a327bcf121cf13a0e
T4024,training,0.1949,-0.1705,0.00000000,0.1949|-0.1705,1,5015,train,0.75873726,0.75873726,c9859d1f3543c378be97e0714e721dfead9cbf183c73b22d0170404a8d267d3d
T4025,training,0.1949,0.1705,0.00000000,0.1949|0.1705,1,5231,train,-0.75873726,-0.75873726,88e6fdcb048a2c6567de164c893466335684cac3c6456783beadef058435f6f8
T4026,training,0.1972,-0.1094,0.00000000,0.1972|-0.1094,1,5440,val_iid,-0.98981661,-0.98981661,5d3878d1c1a4c425436cc1aa8f85efd53acb3d098a1a02a4e9f89b7754f3350b
T4027,training,0.1972,0.1094,0.00000000,0.1972|0.1094,1,4792,train,0.98981661,0.98981661,bf656f13dca93f8193084979b7014e097c093d387ac0e8240e81aa122db80ada
T4028,training,0.2019,-0.1791,0.00000000,0.2019|-0.1791,1,5021,train,0.71725588,0.71725588,463b9e464be48a54103564023957d68e1bdc0c28ac84b38a127b6cbafd5220c5
T4029,training,0.2019,-0.1790,0.00000000,0.2019|-0.1790,1,5020,train,0.71723425,0.71723425,66194f7fe5f1138bff0c36d122bc5fa39adaf68e17a1a2fce2ff3c6f20b51877
T4030,test,0.2019,0.1790,0.00000000,0.2019|0.1790,1,5236,train,-0.71723425,-0.71723425,f939a50fc787aae96e04d8b3c4a5e8348b736b1feae518a47718153ad6b6ec72
T4031,training,0.2019,0.1791,0.00000000,0.2019|0.1791,1,5237,train,-0.71725588,-0.71725588,87eb9ff0aa74f5588db2d6ed7afe2634c896f97ea1f9478466e6e1e726ca3224
T4032,training,0.2058,-0.2264,0.00000000,0.2058|-0.2264,1,8248,val_iid,0.08708042,0.08708042,504c32117fc67a00889e31af3376bc94c07dc92c5649f998bdcb6ccebc2e805d
T4033,training,0.2058,0.2264,0.00000000,0.2058|0.2264,1,11434,val_iid,-0.08708042,-0.08708042,207e7a5781cf1f0292c3275ac3297f7028a931a95395dae5e44842324a44e78f
T4034,training,0.2159,-0.1189,0.00000000,0.2159|-0.1189,1,5446,train,-1.15131863,-1.15131863,61845b8fd3c8866f978de938ea6e01f043e09d9a75743dba65e02aae7801e69d
T4035,training,0.2159,0.1189,0.00000000,0.2159|0.1189,1,4798,train,1.15131863,1.15131863,3b706bd6d104ba1d63aa993d364530efe6502ef63b4ba768186fdb1b32722904
T4036,training,0.2161,-0.1200,0.00000000,0.2161|-0.1200,1,5441,train,-1.11578530,-1.11578530,0834def743ffd9c95a6ebdf9b9de3a2a895c59cda8e65d8599a705b5b6cb0c68
T4037,training,0.2161,0.1200,0.00000000,0.2161|0.1200,1,4793,train,1.11578530,1.11578530,bc720f2b83cb0fddaeaeab5d5ed9419e12f2d24ee38f071954d7d7ab68a2ad1a
T4038,test,0.2184,-0.1108,0.00000000,0.2184|-0.1108,1,5062,test_iid,0.53081573,0.53081573,fd5e95a19fb17e799744cce4d08191908d65f28441be706f51e430d9dfccff10
T4039,validation,0.2184,0.1108,0.00000000,0.2184|0.1108,1,5170,train,-0.53081573,-0.53081573,d6cf5efcbe533e5bb489ce99d764374495a6f4debd611de8a83bf10579eef69e
T4040,training,0.2264,-0.2058,0.00000000,0.2264|-0.2058,1,5386,train,-0.08708042,-0.08708042,98d3d272e1024002a4f4c90141f7265548d06ddbf27338dc552fdc72d61faee5
T4041,training,0.2264,0.2058,0.00000000,0.2264|0.2058,1,4846,train,0.08708042,0.08708042,c034e32a9835684d910af5d2dbff3d99e745c425225aa2480527eb970b610a01
T4042,training,0.2297,-0.2504,0.00000000,0.2297|-0.2504,1,8254,val_iid,0.08122750,0.08122750,6862f689b1691c7b75c73786fa74ace8d9220f8caaf9ae82197501861564c920
T4043,training,0.2297,-0.1286,0.00000000,0.2297|-0.1286,1,5452,train,-1.13618514,-1.13618514,4be725dfdf201dcd4fccad88628e9c1365cbf3184f154c7e7d06bc37d353e50b
T4044,test,0.2297,0.1286,0.00000000,0.2297|0.1286,1,4804,train,1.13618514,1.13618514,f0e75b28ae7779ca1157a6d6445f002d30ddd5aa21544662f97fc82bfcc74743
T4045,training,0.2297,0.2504,0.00000000,0.2297|0.2504,1,11440,train,-0.08122750,-0.08122750,acc67429dddd1949acb74fdae2e6a858d215b6df613e7d6de00d2bc2ae25d510
T4046,training,0.2314,-0.2538,0.00000000,0.2314|-0.2538,1,8249,train,0.09033668,0.09033668,3dcfbf69b450a69764309911e20c0402421f7f3451860dcef7be206c89fcc7d2
T4047,validation,0.2314,0.2538,0.00000000,0.2314|0.2538,1,11435,train,-0.09033668,-0.09033668,e0e32a6c08e66fae6cfe824474d003e39f793dd41a8878d90e2ef8d4c972d375
T4048,validation,0.2395,-0.1231,0.00000000,0.2395|-0.1231,1,5068,train,0.60434185,0.60434185,d1d9e7a4c06535609fc581e099de614b1c1010b4c564a5bc580d53b2a39315b3
T4049,training,0.2395,0.1231,0.00000000,0.2395|0.1231,1,5176,val_iid,-0.60434185,-0.60434185,0af0b7cf6a8ada35fb032f738ec127ade1b0346cc67b18862a36678c22834213
T4050,training,0.2415,0.0000,0.00000000,0.2415|0.0000,1,5116,train,-0.00000000,-0.00000000,711379249c6505bb5cd242fe4514c7aa1fb75239b31928b3d8501a22ee71cb56
T4051,training,0.2440,-0.1257,0.00000000,0.2440|-0.1257,1,5063,train,0.62697137,0.62697137,5e59fd1fb8574e266fb523cbd1f238f94b5af9bede698858e29ce631a9816c2a
T4052,training,0.2440,0.1257,0.00000000,0.2440|0.1257,1,5171,train,-0.62697137,-0.62697137,1f604e5210beba934c77e29aeafecb024ca21d144a344ba4ed037f983ee1cb06
T4053,validation,0.2504,-0.2297,0.00000000,0.2504|-0.2297,1,5392,val_iid,-0.08122750,-0.08122750,ce95534893be4ff29cc9c3d9021b0313df720108c9c56818bf609b6481dd6fa0
T4054,training,0.2504,0.2297,0.00000000,0.2504|0.2297,1,4852,train,0.08122750,0.08122750,0066cc951f74587d7af499d655e2404af73322db7df7356c23a90e64833a8b10
T4055,training,0.2538,-0.2736,0.00000000,0.2538|-0.2736,1,8260,train,0.07042840,0.07042840,a1928484ffdad8ae0fd58f5fb4e2a4fe08b087758325dcbbba9bddae6a7c3f89
T4056,training,0.2538,-0.2314,0.00000000,0.2538|-0.2314,1,5387,val_iid,-0.09033668,-0.09033668,97ee6d87fffbbc9e0c9bbb85e3cece48765309cd1ad9624f9bc45f6478af9463
T4057,validation,0.2538,0.2314,0.00000000,0.2538|0.2314,1,4847,val_iid,0.09033668,0.09033668,d54e0f1ad157d397416ac8e6b3b957730de95b5a47c743768a5ef59a88b4bcea
T4058,test,0.2538,0.2736,0.00000000,0.2538|0.2736,1,11446,train,-0.07042840,-0.07042840,fb6a82b8d2ebd0f5dcdffe591202be75bdc722b7e58ef389b42ad1a50a41d4a7
T4059,validation,0.2578,-0.1355,0.00000000,0.2578|-0.1355,1,5074,test_iid,0.67643995,0.67643995,d38aaf471127482d0744873e85e32f7a12787c0b9fbf3bb11b47436eb4dd8c94
T4060,training,0.2578,0.1355,0.00000000,0.2578|0.1355,1,5182,train,-0.67643995,-0.67643995,7b45eaac617f6d36b3f72afb8e30eb6926a4930f60f5e4171a6d265f8040133e
T4061,training,0.2590,-0.2815,0.00000000,0.2590|-0.2815,1,8255,val_iid,0.08091798,0.08091798,9157b2db57757078fe742e5e3d3aaee3980b3564d8d04cb2245fbc029125f01a
T4062,training,0.2590,0.2815,0.00000000,0.2590|0.2815,1,11441,train,-0.08091798,-0.08091798,06bb13324e0a7a2eddbe3767912b164769c736108c44c61fb76874d864f8373a
T4063,training,0.2599,-0.1347,0.00000000,0.2599|-0.1347,1,5069,train,0.66532755,0.66532755,2319b388e3d6ab1c3592b71c08cbd3f0679db9e457c7c6249881fe91b0867e43
T4064,training,0.2599,0.1347,0.00000000,0.2599|0.1347,1,5177,test_iid,-0.66532755,-0.66532755,952a37eee77c6748a35d5d3d66e955ac83efcb4d799d486bbb534a051597ba4b
T4065,training,0.2670,0.0000,0.00000000,0.2670|0.0000,1,5122,train,0.00000000,0.00000000,5dffb27d1f1938eafc7dbedcb5c9b2c370b562e859ebfd51951b1edcbab1b487
T4066,training,0.2705,-0.1635,0.00000000,0.2705|-0.1635,1,5447,val_iid,-1.28263731,-1.28263731,4a7c84ae66a135b725e8ec43f5aee117652c439e0f021a61c651b5b74202feae
T4067,training,0.2705,0.1635,0.00000000,0.2705|0.1635,1,4799,test_iid,1.28263731,1.28263731,af126990b3ede0f56330cfb7da3da99bfe6cf6418d4da0504f6e2c1df1db3d9f
T4068,training,0.2708,0.0000,0.00000000,0.2708|0.0000,1,5117,train,0.00000000,0.00000000,70fbe2e71193b77718efca5e4cc83b0ccf9fa84280797d74e5bdce59908dc64f
T4069,training,0.2736,-0.2538,0.00000000,0.2736|-0.2538,1,5398,val_iid,-0.07042840,-0.07042840,24ad8090096847c3a3749bd884d99361dc5d3e136ed35b33731709df46616fd5
T4070,training,0.2736,0.2538,0.00000000,0.2736|0.2538,1,4858,train,0.07042840,0.07042840,7ad9e4325fe84e1a893886ff5f744d59a85e2f099f7a8c8789d103c51d708815
T4071,training,0.2808,-0.3019,0.00000000,0.2808|-0.3019,1,8261,train,0.06579476,0.06579476,2d5232fe022c4e94c5783a2bfc4bebddc5352334da80644578249d4184d0aea6
T4072,training,0.2808,0.3019,0.00000000,0.2808|0.3019,1,11447,train,-0.06579476,-0.06579476,9d1f7f973b52498ae2306857bd7da88d636fce42be924394fb686a3d048010a2
T4073,test,0.2815,-0.2590,0.00000000,0.2815|-0.2590,1,5393,train,-0.08091798,-0.08091798,e780300a2d6ee4c91b36b8420eeba37220cc57ecb8712b897ce5a10ee7786636
T4074,training,0.2815,0.2590,0.00000000,0.2815|0.2590,1,4853,train,0.08091798,0.08091798,6df927a0aee05b5fe20585728bca766ee32107bed8e787b26b7936d8d2584caf
T4075,training,0.2867,-0.1483,0.00000000,0.2867|-0.1483,1,5075,train,0.73886668,0.73886668,177fcfb04f1b665d3b524288121a3351709692aeb0b1141f4cefa546668bf21a
T4076,training,0.2867,0.1483,0.00000000,0.2867|0.1483,1,5183,train,-0.73886668,-0.73886668,0a97816eea9ee5d4c360189d579d480c25d65cfe6d7750adbc3e9a0878351ac2
T4077,training,0.2911,0.0000,0.00000000,0.2911|0.0000,1,5128,train,0.00000000,0.00000000,625bfe4ea4dd2d51bec4358fdbae35f657886bad60de19e76559c16e84ea71dd
T4078,training,0.2917,-0.1782,0.00000000,0.2917|-0.1782,1,5453,train,-1.23705787,-1.23705787,7dc36fd14f9aa5653a98bce570820390efd2d0cfc78f1e04fb7a32dfc968110e
T4079,training,0.2917,0.1782,0.00000000,0.2917|0.1782,1,4805,train,1.23705787,1.23705787,566cacbba2f2a62f488850c88ffd7da36db3791277550fada163cf228ee86ed3
T4080,training,0.2985,0.0000,0.00000000,0.2985|0.0000,1,5123,train,-0.00000000,-0.00000000,0d18a99f30e096617ab4c1d0cf2620c81c8c684f2bfa6644a885cb3119f6a516
T4081,training,0.3019,-0.2808,0.00000000,0.3019|-0.2808,1,5399,train,-0.06579476,-0.06579476,47aaed220d322526ba4b11c5773accf18dd3944a96d03a44879d5d2c6c39b46c
T4082,training,0.3019,0.2808,0.00000000,0.3019|0.2808,1,4859,train,0.06579476,0.06579476,b9ab600402f89d3cf21a24d5277453ca10d26379b92a2fdc4d24165021834c6d
T4083,training,0.3208,0.0000,0.00000000,0.3208|0.0000,1,5129,val_iid,-0.00000000,-0.00000000,5e035be7e514090f8745a6e10f9a0971057c55b9cb5c27b1d621acf7aa09f5bb
