physical_action_id,physical_action_key,source_v2_action_id,source_action_index,surface_id,contact_region_col,physical_stratum_index,normalized_offset_norm,offset_quartile_index,model_role,role_action_index,cell_selection_rank,permutation_rank,data_source,collection_required,selection_seed
20638,surface=0|x=0.04500000|y=-0.01775020|angle=-10.56159019|force=1.03614557|ramp_up=0.05948052|hold=0.13545430|ramp_down=0.03472261,A0161,161,0,0,0,1.3483633995056152,0,training,0,0,0,version_1_training,0,2968811710
37016,surface=0|x=0.04500000|y=-0.01726751|angle=36.24773788|force=0.88101470|ramp_up=0.02119903|hold=0.06214137|ramp_down=0.03330650,A0289,289,0,0,0,1.5506227016448975,0,training,1,1,1,version_1_training,0,2968811710
33826,surface=0|x=0.04500000|y=-0.03937751|angle=12.84139061|force=1.04505861|ramp_up=0.05772271|hold=0.07418301|ramp_down=0.02062430,A0264,264,0,0,0,1.2646328210830688,0,training,2,2,2,version_1_training,0,2968811710
27467,surface=0|x=0.04500000|y=-0.02040652|angle=3.69455457|force=1.09346294|ramp_up=0.05518896|hold=0.12605916|ramp_down=0.02080904,A0214,214,0,0,0,1.3448693752288818,0,training,3,3,6,version_2_new,1,2968811710
17800,surface=0|x=0.04500000|y=-0.04310384|angle=-12.28639984|force=0.89379734|ramp_up=0.05072416|hold=0.05455087|ramp_down=0.03383102,A0139,139,0,0,0,1.5997494459152222,0,training,4,4,7,version_2_new,1,2968811710
34257,surface=0|x=0.04500000|y=-0.02385677|angle=17.74657822|force=1.06029248|ramp_up=0.05418136|hold=0.06544194|ramp_down=0.03938723,A0267,267,0,0,0,1.620200753211975,0,training,5,5,8,version_2_new,1,2968811710
29376,surface=0|x=0.04500000|y=-0.02270609|angle=17.22935867|force=0.62186003|ramp_up=0.05758183|hold=0.05704148|ramp_down=0.03494054,A0229,229,0,0,0,1.1741329431533813,0,training,6,6,9,version_2_new,1,2968811710
38796,surface=0|x=0.04500000|y=-0.02890567|angle=39.40794373|force=0.80905622|ramp_up=0.05576144|hold=0.10369897|ramp_down=0.03213471,A0303,303,0,0,0,1.5500454902648926,0,training,7,7,10,version_2_new,1,2968811710
29610,surface=0|x=0.04500000|y=-0.02217342|angle=19.88205719|force=0.53149182|ramp_up=0.05536224|hold=0.08606268|ramp_down=0.03698852,A0231,231,0,0,0,1.1647419929504395,0,training,8,8,11,version_2_new,1,2968811710
47114,surface=0|x=0.04500000|y=-0.04116182|angle=43.61310577|force=0.95726156|ramp_up=0.04105536|hold=0.10955601|ramp_down=0.02943119,A0368,368,0,0,0,1.5937860012054443,0,training,9,9,12,version_2_new,1,2968811710
29098,surface=0|x=0.04500000|y=-0.03499809|angle=18.63965797|force=0.58263552|ramp_up=0.03307985|hold=0.14391854|ramp_down=0.03783071,A0227,227,0,0,0,1.1113694906234741,0,training,10,10,13,version_2_new,1,2968811710
782,surface=0|x=0.04500000|y=-0.03498456|angle=-40.66384506|force=0.54167503|ramp_up=0.03213831|hold=0.05422332|ramp_down=0.02465442,A0006,6,0,0,0,1.176909327507019,0,training,11,11,14,version_2_new,1,2968811710
38868,surface=0|x=0.04500000|y=-0.02375270|angle=31.68355179|force=0.90511394|ramp_up=0.05549895|hold=0.13877404|ramp_down=0.03530152,A0303,303,0,0,0,1.882483959197998,1,training,12,0,0,version_1_training,0,3831201730
17257,surface=0|x=0.04500000|y=-0.04386269|angle=-6.96867228|force=0.72752601|ramp_up=0.04932999|hold=0.11988939|ramp_down=0.02225278,A0134,134,0,0,0,1.9463903903961182,1,training,13,1,1,version_1_training,0,3831201730
8770,surface=0|x=0.04500000|y=-0.02894461|angle=-25.65145874|force=0.51995575|ramp_up=0.05077791|hold=0.13813218|ramp_down=0.02701926,A0068,68,0,0,0,2.007111072540283,1,training,14,2,2,version_1_training,0,3831201730
18580,surface=0|x=0.04500000|y=-0.04042892|angle=-5.16411543|force=1.02857161|ramp_up=0.02507402|hold=0.06628909|ramp_down=0.03024121,A0145,145,0,0,0,2.01603102684021,1,training,15,3,6,version_2_new,1,3831201730
22638,surface=0|x=0.04500000|y=-0.03057213|angle=-5.14392900|force=0.52259451|ramp_up=0.04963798|hold=0.13004249|ramp_down=0.02337850,A0176,176,0,0,0,1.7681864500045776,1,training,16,4,7,version_2_new,1,3831201730
25077,surface=0|x=0.04500000|y=-0.04436448|angle=-0.69227159|force=0.96099502|ramp_up=0.05794440|hold=0.12065742|ramp_down=0.03141673,A0195,195,0,0,0,1.8813022375106812,1,training,17,5,8,version_2_new,1,3831201730
21244,surface=0|x=0.04500000|y=-0.03609375|angle=-2.30454397|force=0.61220658|ramp_up=0.03768755|hold=0.09374560|ramp_down=0.03857594,A0165,165,0,0,0,2.007582426071167,1,training,18,6,9,version_2_new,1,3831201730
15099,surface=0|x=0.04500000|y=-0.02389955|angle=-20.74221420|force=0.50069177|ramp_up=0.03923468|hold=0.06252248|ramp_down=0.03456028,A0117,117,0,0,0,1.8167763948440552,1,training,19,7,10,version_2_new,1,3831201730
31601,surface=0|x=0.04500000|y=-0.03562059|angle=20.79096031|force=0.97164595|ramp_up=0.05567059|hold=0.05609485|ramp_down=0.02939532,A0246,246,0,0,0,1.7820260524749756,1,training,20,8,11,version_2_new,1,3831201730
28045,surface=0|x=0.04500000|y=-0.02179786|angle=22.17104912|force=0.53008389|ramp_up=0.02357245|hold=0.12112367|ramp_down=0.02932737,A0219,219,0,0,0,1.7983429431915283,1,training,21,9,12,version_2_new,1,3831201730
23121,surface=0|x=0.04500000|y=-0.02873760|angle=5.93921137|force=0.92145348|ramp_up=0.02092766|hold=0.07113898|ramp_down=0.03253605,A0180,180,0,0,0,1.8933775424957275,1,training,22,10,13,version_2_new,1,3831201730
25645,surface=0|x=0.04500000|y=-0.03889597|angle=12.32298756|force=1.07749104|ramp_up=0.02945790|hold=0.09833131|ramp_down=0.02345802,A0200,200,0,0,0,2.0229828357696533,1,training,23,11,14,version_2_new,1,3831201730
1506,surface=0|x=0.04500000|y=-0.01832964|angle=-34.19234467|force=0.53029883|ramp_up=0.04506925|hold=0.13797922|ramp_down=0.02884440,A0011,11,0,0,0,2.11076021194458,2,training,24,0,0,version_1_training,0,2926792190
2906,surface=0|x=0.04500000|y=-0.03769604|angle=-37.62097168|force=0.93434054|ramp_up=0.02223316|hold=0.11311493|ramp_down=0.03099467,A0022,22,0,0,0,2.338559150695801,2,training,25,1,1,version_1_training,0,2926792190
730,surface=0|x=0.04500000|y=-0.04390478|angle=-33.71413422|force=0.52501470|ramp_up=0.02806217|hold=0.12318682|ramp_down=0.03081027,A0005,5,0,0,0,2.4075491428375244,2,training,26,2,2,version_1_training,0,2926792190
8166,surface=0|x=0.04500000|y=-0.03571269|angle=-30.90143204|force=0.64547157|ramp_up=0.03281503|hold=0.13810733|ramp_down=0.03239292,A0063,63,0,0,0,2.1256542205810547,2,training,27,3,6,version_2_new,1,2926792190
8540,surface=0|x=0.04500000|y=-0.04056215|angle=-23.99503517|force=0.80531251|ramp_up=0.05613156|hold=0.05310508|ramp_down=0.02115835,A0066,66,0,0,0,2.3362984657287598,2,training,28,4,7,version_2_new,1,2926792190
232,surface=0|x=0.04500000|y=-0.03157289|angle=-41.81601715|force=0.79481232|ramp_up=0.02383276|hold=0.06245311|ramp_down=0.02933573,A0001,1,0,0,0,2.363551378250122,2,training,29,5,8,version_2_new,1,2926792190
28791,surface=0|x=0.04500000|y=-0.02245599|angle=22.58223915|force=0.74084115|ramp_up=0.04451048|hold=0.11478378|ramp_down=0.02367808,A0224,224,0,0,0,2.131054162979126,2,training,30,6,9,version_2_new,1,2926792190
10959,surface=0|x=0.04500000|y=-0.03150753|angle=-27.64107895|force=0.60903674|ramp_up=0.05671561|hold=0.08180407|ramp_down=0.02737566,A0085,85,0,0,0,2.247173547744751,2,training,31,7,10,version_2_new,1,2926792190
36768,surface=0|x=0.04500000|y=-0.03004305|angle=22.41297340|force=0.51490265|ramp_up=0.04876062|hold=0.14180398|ramp_down=0.02583232,A0287,287,0,0,0,2.10027813911438,2,training,32,8,11,version_2_new,1,2926792190
16347,surface=0|x=0.04500000|y=-0.04251052|angle=-8.99343491|force=0.59747463|ramp_up=0.03091378|hold=0.06526100|ramp_down=0.03292276,A0127,127,0,0,0,2.285735845565796,2,training,33,9,12,version_2_new,1,2926792190
14428,surface=0|x=0.04500000|y=-0.02375873|angle=-7.20016193|force=0.56068712|ramp_up=0.02768803|hold=0.11411485|ramp_down=0.03037654,A0112,112,0,0,0,2.268599271774292,2,training,34,10,13,version_2_new,1,2926792190
17154,surface=0|x=0.04500000|y=-0.03160178|angle=-20.63223839|force=0.57208574|ramp_up=0.02676480|hold=0.10100860|ramp_down=0.02743720,A0134,134,0,0,0,2.278259515762329,2,training,35,11,14,version_2_new,1,2926792190
14816,surface=0|x=0.04500000|y=-0.02126045|angle=-33.55570602|force=0.61363655|ramp_up=0.04862388|hold=0.05232394|ramp_down=0.03350784,A0115,115,0,0,0,2.8650245666503906,3,training,36,0,0,version_1_training,0,198478470
16092,surface=0|x=0.04500000|y=-0.04303285|angle=-17.16281128|force=0.64059633|ramp_up=0.04428385|hold=0.09536577|ramp_down=0.02486921,A0125,125,0,0,0,3.3543765544891357,3,training,37,1,1,version_1_training,0,198478470
37221,surface=0|x=0.04500000|y=-0.03145008|angle=15.57351685|force=0.85820556|ramp_up=0.04666314|hold=0.11533860|ramp_down=0.02379831,A0290,290,0,0,0,3.389664888381958,3,training,38,2,2,version_1_training,0,198478470
3182,surface=0|x=0.04500000|y=-0.02841837|angle=-39.70538712|force=1.00687850|ramp_up=0.04423959|hold=0.10238638|ramp_down=0.02049454,A0024,24,0,0,0,2.6428704261779785,3,training,39,3,6,version_2_new,1,198478470
24181,surface=0|x=0.04500000|y=-0.03208801|angle=-14.21102333|force=0.54252297|ramp_up=0.05048143|hold=0.10547061|ramp_down=0.02765572,A0188,188,0,0,0,2.8790040016174316,3,training,40,4,7,version_2_new,1,198478470
12921,surface=0|x=0.04500000|y=-0.04116728|angle=-35.16305542|force=1.05203760|ramp_up=0.05126762|hold=0.10032279|ramp_down=0.02261426,A0100,100,0,0,0,2.5331523418426514,3,training,41,5,8,version_2_new,1,198478470
1681,surface=0|x=0.04500000|y=-0.01730018|angle=-33.32261276|force=0.65306258|ramp_up=0.05254878|hold=0.07956859|ramp_down=0.02783301,A0013,13,0,0,0,2.759840965270996,3,training,42,6,9,version_2_new,1,198478470
40133,surface=0|x=0.04500000|y=-0.01983398|angle=32.65932083|force=0.96892536|ramp_up=0.04713821|hold=0.09703211|ramp_down=0.03066009,A0313,313,0,0,0,2.5039448738098145,3,training,43,7,10,version_2_new,1,198478470
44449,surface=0|x=0.04500000|y=-0.03737324|angle=39.10947037|force=0.58696485|ramp_up=0.02451044|hold=0.10274113|ramp_down=0.03689231,A0347,347,0,0,0,2.5978848934173584,3,training,44,8,11,version_2_new,1,198478470
34730,surface=0|x=0.04500000|y=-0.03384306|angle=19.84416389|force=0.71725231|ramp_up=0.02966904|hold=0.09583882|ramp_down=0.03872647,A0271,271,0,0,0,2.88270902633667,3,training,45,9,12,version_2_new,1,198478470
21894,surface=0|x=0.04500000|y=-0.02787661|angle=-7.80912828|force=0.81881380|ramp_up=0.04314880|hold=0.07271829|ramp_down=0.02566188,A0171,171,0,0,0,2.994568109512329,3,training,46,10,13,version_2_new,1,198478470
8310,surface=0|x=0.04500000|y=-0.03141046|angle=-27.28112221|force=0.81924647|ramp_up=0.05481306|hold=0.14126006|ramp_down=0.02886489,A0064,64,0,0,0,2.787886619567871,3,training,47,11,14,version_2_new,1,198478470
79487,surface=0|x=0.04500000|y=-0.00166254|angle=14.54882908|force=0.80260551|ramp_up=0.05324363|hold=0.09009005|ramp_down=0.02836372,A0620,620,0,1,1,1.62073814868927,0,training,48,0,0,version_1_training,0,3964924996
82711,surface=0|x=0.04500000|y=0.00654921|angle=13.31608582|force=1.03507912|ramp_up=0.05989875|hold=0.12501058|ramp_down=0.03099045,A0646,646,0,1,1,1.6234283447265625,0,training,49,1,1,version_1_training,0,3964924996
68478,surface=0|x=0.04500000|y=0.00716563|angle=-9.82659721|force=1.06484675|ramp_up=0.05740145|hold=0.05620448|ramp_down=0.02507177,A0534,534,0,1,1,1.0701775550842285,0,training,50,2,2,version_1_training,0,3964924996
93080,surface=0|x=0.04500000|y=-0.01133883|angle=43.51308823|force=0.70808119|ramp_up=0.03609109|hold=0.05967222|ramp_down=0.03127194,A0727,727,0,1,1,1.4319590330123901,0,training,51,3,6,version_2_new,1,3964924996
88989,surface=0|x=0.04500000|y=0.00682018|angle=35.80902100|force=0.94512624|ramp_up=0.04414663|hold=0.14641376|ramp_down=0.03314270,A0695,695,0,1,1,1.5923025608062744,0,training,52,4,7,version_2_new,1,3964924996
85448,surface=0|x=0.04500000|y=-0.00483102|angle=31.43905067|force=0.83030617|ramp_up=0.02132349|hold=0.06943879|ramp_down=0.03614961,A0667,667,0,1,1,0.9755622148513794,0,training,53,5,8,version_2_new,1,3964924996
55688,surface=0|x=0.04500000|y=-0.01277826|angle=-27.38055229|force=0.50723505|ramp_up=0.02391837|hold=0.09940057|ramp_down=0.02866687,A0435,435,0,1,1,1.5127869844436646,0,training,54,6,9,version_2_new,1,3964924996
67354,surface=0|x=0.04500000|y=-0.01307192|angle=-20.86474037|force=1.07967365|ramp_up=0.02213578|hold=0.14695574|ramp_down=0.02918990,A0526,526,0,1,1,1.5146827697753906,0,training,55,7,10,version_2_new,1,3964924996
52284,surface=0|x=0.04500000|y=0.00016889|angle=-36.68673706|force=0.98182464|ramp_up=0.05960501|hold=0.05726052|ramp_down=0.02019986,A0408,408,0,1,1,1.6686524152755737,0,training,56,8,11,version_2_new,1,3964924996
52217,surface=0|x=0.04500000|y=0.00022076|angle=-38.61711884|force=0.68015391|ramp_up=0.03947059|hold=0.12594439|ramp_down=0.03420443,A0407,407,0,1,1,1.6209344863891602,0,training,57,9,12,version_2_new,1,3964924996
49745,surface=0|x=0.04500000|y=-0.00908800|angle=-43.31238937|force=0.58536994|ramp_up=0.04213850|hold=0.12893458|ramp_down=0.02999421,A0388,388,0,1,1,1.5799355506896973,0,training,58,10,13,version_2_new,1,3964924996
60110,surface=0|x=0.04500000|y=0.00241021|angle=-30.73135757|force=1.06753910|ramp_up=0.02777022|hold=0.05481010|ramp_down=0.03984408,A0469,469,0,1,1,0.8504025936126709,0,training,59,11,14,version_2_new,1,3964924996
56778,surface=0|x=0.04500000|y=-0.00845875|angle=-37.58473969|force=0.61964536|ramp_up=0.03771921|hold=0.11672482|ramp_down=0.03671562,A0443,443,0,1,1,1.976973056793213,1,training,60,0,0,version_1_training,0,901243215
61581,surface=0|x=0.04500000|y=0.01464358|angle=-39.28646851|force=1.08926785|ramp_up=0.05181609|hold=0.05425026|ramp_down=0.03654334,A0481,481,0,1,1,1.8191871643066406,1,training,61,1,1,version_1_training,0,901243215
73932,surface=0|x=0.04500000|y=0.00936076|angle=-8.25942039|force=1.09159398|ramp_up=0.03211029|hold=0.06350418|ramp_down=0.03351736,A0577,577,0,1,1,1.945241093635559,1,training,62,2,2,version_1_training,0,901243215
90281,surface=0|x=0.04500000|y=-0.00814288|angle=38.15357208|force=0.60997766|ramp_up=0.02488347|hold=0.08449617|ramp_down=0.03210240,A0705,705,0,1,1,1.7065627574920654,1,training,63,3,6,version_2_new,1,901243215
54331,surface=0|x=0.04500000|y=-0.01426954|angle=-39.82858276|force=1.04531717|ramp_up=0.04611877|hold=0.11373737|ramp_down=0.02034334,A0424,424,0,1,1,1.9982128143310547,1,training,64,4,7,version_2_new,1,901243215
59050,surface=0|x=0.04500000|y=0.00914491|angle=-26.89481926|force=0.75772476|ramp_up=0.03614469|hold=0.10860510|ramp_down=0.03514450,A0461,461,0,1,1,1.9361268281936646,1,training,65,5,8,version_2_new,1,901243215
68217,surface=0|x=0.04500000|y=-0.00506344|angle=-14.96105671|force=1.07447815|ramp_up=0.02830239|hold=0.12768725|ramp_down=0.02707006,A0532,532,0,1,1,1.6756187677383423,1,training,66,6,9,version_2_new,1,901243215
96654,surface=0|x=0.04500000|y=0.00328606|angle=38.62147522|force=1.03123844|ramp_up=0.04826845|hold=0.11923405|ramp_down=0.03965202,A0755,755,0,1,1,1.9680969715118408,1,training,67,7,10,version_2_new,1,901243215
94055,surface=0|x=0.04500000|y=-0.00336385|angle=42.04312134|force=0.74255365|ramp_up=0.04358924|hold=0.08193339|ramp_down=0.02105583,A0734,734,0,1,1,1.891802430152893,1,training,68,8,11,version_2_new,1,901243215
77883,surface=0|x=0.04500000|y=0.01354818|angle=22.57254982|force=0.52078873|ramp_up=0.04911247|hold=0.10314665|ramp_down=0.02515365,A0608,608,0,1,1,1.8224341869354248,1,training,69,9,12,version_2_new,1,901243215
71830,surface=0|x=0.04500000|y=-0.01339948|angle=8.64120579|force=0.91943347|ramp_up=0.02446661|hold=0.08780426|ramp_down=0.03646120,A0561,561,0,1,1,1.8226747512817383,1,training,70,10,13,version_2_new,1,901243215
67890,surface=0|x=0.04500000|y=0.01302380|angle=-13.49944115|force=0.86898750|ramp_up=0.04697221|hold=0.09887688|ramp_down=0.02520667,A0530,530,0,1,1,1.981156349182129,1,training,71,11,14,version_2_new,1,901243215
85766,surface=0|x=0.04500000|y=-0.00792270|angle=16.50374794|force=0.94000381|ramp_up=0.02023326|hold=0.14059849|ramp_down=0.02036545,A0670,670,0,1,1,2.1287636756896973,2,training,72,0,0,version_1_training,0,3884055042
65413,surface=0|x=0.04500000|y=0.01193247|angle=-3.55536842|force=0.72911340|ramp_up=0.04044222|hold=0.07783013|ramp_down=0.03875699,A0511,511,0,1,1,2.107440233230591,2,training,73,1,1,version_1_training,0,3884055042
78906,surface=0|x=0.04500000|y=-0.00400702|angle=4.28720808|force=1.00259173|ramp_up=0.02540691|hold=0.14613393|ramp_down=0.02480099,A0616,616,0,1,1,2.1171951293945312,2,training,74,2,2,version_1_training,0,3884055042
71755,surface=0|x=0.04500000|y=0.01378505|angle=14.18603897|force=0.74699795|ramp_up=0.02245768|hold=0.11212015|ramp_down=0.02631085,A0560,560,0,1,1,2.289278030395508,2,training,75,3,6,version_2_new,1,3884055042
77091,surface=0|x=0.04500000|y=0.00017884|angle=23.58194160|force=0.58562768|ramp_up=0.03554684|hold=0.05783416|ramp_down=0.02037728,A0602,602,0,1,1,2.163285493850708,2,training,76,4,7,version_2_new,1,3884055042
94252,surface=0|x=0.04500000|y=-0.00049716|angle=41.98579788|force=0.83766955|ramp_up=0.04718406|hold=0.14216575|ramp_down=0.03723246,A0736,736,0,1,1,2.22169828414917,2,training,77,5,8,version_2_new,1,3884055042
74717,surface=0|x=0.04500000|y=-0.00473102|angle=12.93125820|force=1.05657518|ramp_up=0.05049870|hold=0.06091141|ramp_down=0.03332595,A0583,583,0,1,1,2.212282180786133,2,training,78,6,9,version_2_new,1,3884055042
74438,surface=0|x=0.04500000|y=0.01395742|angle=-8.38073921|force=1.00202727|ramp_up=0.02320658|hold=0.11135849|ramp_down=0.03633909,A0581,581,0,1,1,2.273101806640625,2,training,79,7,10,version_2_new,1,3884055042
68428,surface=0|x=0.04500000|y=-0.00118019|angle=-10.01173592|force=0.99500722|ramp_up=0.05460533|hold=0.08563143|ramp_down=0.03335349,A0534,534,0,1,1,2.2458901405334473,2,training,80,8,11,version_2_new,1,3884055042
77580,surface=0|x=0.04500000|y=-0.01464532|angle=16.26697922|force=0.54381353|ramp_up=0.04677229|hold=0.08325232|ramp_down=0.02483560,A0606,606,0,1,1,2.1954092979431152,2,training,81,9,12,version_2_new,1,3884055042
80226,surface=0|x=0.04500000|y=-0.00699782|angle=19.31306839|force=0.74430978|ramp_up=0.04191846|hold=0.11111421|ramp_down=0.03412983,A0626,626,0,1,1,2.4798743724823,2,training,82,10,13,version_2_new,1,3884055042
71115,surface=0|x=0.04500000|y=-0.01294993|angle=-9.89573860|force=0.56741995|ramp_up=0.04848341|hold=0.09615983|ramp_down=0.02537927,A0555,555,0,1,1,2.485121011734009,2,training,83,11,14,version_2_new,1,3884055042
70742,surface=0|x=0.04500000|y=0.00801902|angle=-16.06937790|force=0.52897120|ramp_up=0.05701490|hold=0.07437266|ramp_down=0.02803328,A0552,552,0,1,1,2.568784236907959,3,training,84,0,0,version_1_training,0,1680122868
90606,surface=0|x=0.04500000|y=-0.00748979|angle=37.01734924|force=0.64340812|ramp_up=0.04006357|hold=0.12531865|ramp_down=0.03700097,A0707,707,0,1,1,2.717772960662842,3,training,85,1,1,version_1_training,0,1680122868
58004,surface=0|x=0.04500000|y=-0.01060422|angle=-39.70186996|force=0.76030749|ramp_up=0.02367493|hold=0.13487017|ramp_down=0.02353252,A0453,453,0,1,1,2.6524460315704346,3,training,86,2,2,version_1_training,0,1680122868
50734,surface=0|x=0.04500000|y=0.00811597|angle=-37.01367950|force=0.56021225|ramp_up=0.03024580|hold=0.06921764|ramp_down=0.02957732,A0396,396,0,1,1,2.557349920272827,3,training,87,3,6,version_2_new,1,1680122868
83119,surface=0|x=0.04500000|y=-0.01272824|angle=42.24134064|force=0.68250793|ramp_up=0.02397998|hold=0.07498232|ramp_down=0.02409217,A0649,649,0,1,1,2.9243850708007812,3,training,88,4,7,version_2_new,1,1680122868
61959,surface=0|x=0.04500000|y=-0.01126247|angle=-32.30644226|force=1.09856105|ramp_up=0.05466147|hold=0.08663183|ramp_down=0.03219672,A0484,484,0,1,1,2.9758782386779785,3,training,89,5,8,version_2_new,1,1680122868
79651,surface=0|x=0.04500000|y=0.01332457|angle=0.26927444|force=0.68267858|ramp_up=0.05617912|hold=0.13298160|ramp_down=0.03250598,A0622,622,0,1,1,3.1469898223876953,3,training,90,6,9,version_2_new,1,1680122868
51892,surface=0|x=0.04500000|y=0.00247212|angle=-27.16432190|force=0.88639742|ramp_up=0.04111401|hold=0.08943082|ramp_down=0.03126786,A0405,405,0,1,1,2.6396737098693848,3,training,91,7,10,version_2_new,1,1680122868
66428,surface=0|x=0.04500000|y=0.00814376|angle=-19.58226204|force=0.66556340|ramp_up=0.04402782|hold=0.06762616|ramp_down=0.03077877,A0518,518,0,1,1,2.6193747520446777,3,training,92,8,11,version_2_new,1,1680122868
63692,surface=0|x=0.04500000|y=0.01075340|angle=-18.06493950|force=0.56542975|ramp_up=0.03441228|hold=0.08190588|ramp_down=0.03280620,A0497,497,0,1,1,3.019906759262085,3,training,93,9,12,version_2_new,1,1680122868
56807,surface=0|x=0.04500000|y=0.01452827|angle=-17.27737427|force=0.74364942|ramp_up=0.04218719|hold=0.13000757|ramp_down=0.03586576,A0443,443,0,1,1,2.7041478157043457,3,training,94,10,13,version_2_new,1,1680122868
63829,surface=0|x=0.04500000|y=-0.00387825|angle=-11.03127766|force=0.53383732|ramp_up=0.03826587|hold=0.07772388|ramp_down=0.02436585,A0498,498,0,1,1,2.557706356048584,3,training,95,11,14,version_2_new,1,1680122868
110329,surface=0|x=0.04500000|y=0.03656674|angle=-30.28492355|force=0.88578135|ramp_up=0.05693030|hold=0.11073900|ramp_down=0.03941562,A0861,861,0,2,2,1.5858131647109985,0,training,96,0,0,version_1_training,0,3141116543
124759,surface=0|x=0.04500000|y=0.01711869|angle=12.49680519|force=0.61369282|ramp_up=0.02371436|hold=0.11009169|ramp_down=0.02771705,A0974,974,0,2,2,1.5230844020843506,0,training,97,1,1,version_1_training,0,3141116543
106744,surface=0|x=0.04500000|y=0.03375556|angle=-30.25032616|force=0.84434223|ramp_up=0.02458874|hold=0.13250247|ramp_down=0.03990653,A0833,833,0,2,2,0.922877311706543,0,training,98,2,2,version_1_training,0,3141116543
133235,surface=0|x=0.04500000|y=0.03800613|angle=38.35807037|force=0.51560861|ramp_up=0.05863626|hold=0.10390759|ramp_down=0.02916105,A1040,1040,0,2,2,1.555600881576538,0,training,99,3,6,version_2_new,1,3141116543
99397,surface=0|x=0.04500000|y=0.03559260|angle=-40.12660980|force=0.67691326|ramp_up=0.02631274|hold=0.11835609|ramp_down=0.02201870,A0776,776,0,2,2,1.4875991344451904,0,training,100,4,7,version_2_new,1,3141116543
142634,surface=0|x=0.04500000|y=0.03007828|angle=40.79250336|force=0.91395062|ramp_up=0.05054319|hold=0.14980847|ramp_down=0.02166964,A1114,1114,0,2,2,1.3468835353851318,0,training,101,5,8,version_2_new,1,3141116543
105579,surface=0|x=0.04500000|y=0.03892511|angle=-35.56528854|force=0.50651658|ramp_up=0.05190811|hold=0.07778891|ramp_down=0.02391816,A0824,824,0,2,2,1.5824605226516724,0,training,102,6,9,version_2_new,1,3141116543
143614,surface=0|x=0.04500000|y=0.02426099|angle=39.66594696|force=1.09174240|ramp_up=0.03013879|hold=0.13437659|ramp_down=0.03795419,A1121,1121,0,2,2,1.4545032978057861,0,training,103,7,10,version_2_new,1,3141116543
111063,surface=0|x=0.04500000|y=0.03276689|angle=-22.57159042|force=0.62777644|ramp_up=0.02674978|hold=0.09748514|ramp_down=0.03885563,A0867,867,0,2,2,1.502549171447754,0,training,104,8,11,version_2_new,1,3141116543
124071,surface=0|x=0.04500000|y=0.02617983|angle=3.14510751|force=1.05533648|ramp_up=0.05250746|hold=0.10589298|ramp_down=0.03954930,A0969,969,0,2,2,0.9738320112228394,0,training,105,9,12,version_2_new,1,3141116543
112147,surface=0|x=0.04500000|y=0.03514509|angle=-18.77863121|force=0.53833663|ramp_up=0.05754288|hold=0.07466163|ramp_down=0.02789164,A0876,876,0,2,2,1.44674551486969,0,training,106,10,13,version_2_new,1,3141116543
107425,surface=0|x=0.04500000|y=0.02745624|angle=-26.78054619|force=0.80179465|ramp_up=0.04549791|hold=0.13364781|ramp_down=0.03066763,A0839,839,0,2,2,1.3469219207763672,0,training,107,11,14,version_2_new,1,3141116543
116759,surface=0|x=0.04500000|y=0.02728360|angle=-3.30284524|force=1.03432333|ramp_up=0.05654138|hold=0.05525655|ramp_down=0.03064195,A0912,912,0,2,2,1.9882808923721313,1,training,108,0,0,version_1_training,0,1961547765
142149,surface=0|x=0.04500000|y=0.03129272|angle=42.75117493|force=0.78879821|ramp_up=0.05971063|hold=0.08369675|ramp_down=0.03002591,A1110,1110,0,2,2,1.7104649543762207,1,training,109,1,1,version_1_training,0,1961547765
127188,surface=0|x=0.04500000|y=0.01568348|angle=18.00817680|force=0.88356978|ramp_up=0.02401678|hold=0.11817101|ramp_down=0.02584800,A0993,993,0,2,2,2.018575668334961,1,training,110,2,2,version_1_training,0,1961547765
114319,surface=0|x=0.04500000|y=0.02033525|angle=-10.73512363|force=0.67835128|ramp_up=0.02904095|hold=0.13355415|ramp_down=0.03856718,A0893,893,0,2,2,1.7465673685073853,1,training,111,3,6,version_2_new,1,1961547765
133576,surface=0|x=0.04500000|y=0.02906050|angle=26.20626068|force=0.65873742|ramp_up=0.04762390|hold=0.14706448|ramp_down=0.03850287,A1043,1043,0,2,2,1.716846227645874,1,training,112,4,7,version_2_new,1,1961547765
109713,surface=0|x=0.04500000|y=0.01590757|angle=-31.66949463|force=0.96404451|ramp_up=0.03314351|hold=0.12454693|ramp_down=0.03763884,A0857,857,0,2,2,1.8210294246673584,1,training,113,5,8,version_2_new,1,1961547765
130978,surface=0|x=0.04500000|y=0.03832583|angle=13.68484020|force=1.06504071|ramp_up=0.04913603|hold=0.13767891|ramp_down=0.03904175,A1023,1023,0,2,2,1.9631896018981934,1,training,114,6,9,version_2_new,1,1961547765
110321,surface=0|x=0.04500000|y=0.03305076|angle=-41.55688477|force=1.05132425|ramp_up=0.05427879|hold=0.07527978|ramp_down=0.03593145,A0861,861,0,2,2,1.9979221820831299,1,training,115,7,10,version_2_new,1,1961547765
114702,surface=0|x=0.04500000|y=0.02313475|angle=-9.78268242|force=0.89794081|ramp_up=0.05226961|hold=0.08117884|ramp_down=0.03057764,A0896,896,0,2,2,1.8447093963623047,1,training,116,8,11,version_2_new,1,1961547765
132715,surface=0|x=0.04500000|y=0.04298096|angle=35.41133499|force=0.72492367|ramp_up=0.03556318|hold=0.14185949|ramp_down=0.02430872,A1036,1036,0,2,2,2.0016238689422607,1,training,117,9,12,version_2_new,1,1961547765
132787,surface=0|x=0.04500000|y=0.03259951|angle=22.56043053|force=0.71838194|ramp_up=0.03932733|hold=0.13269429|ramp_down=0.03751135,A1037,1037,0,2,2,1.918126106262207,1,training,118,10,13,version_2_new,1,1961547765
115945,surface=0|x=0.04500000|y=0.03296739|angle=-13.43483639|force=0.96631563|ramp_up=0.03313299|hold=0.13187931|ramp_down=0.03684658,A0905,905,0,2,2,1.7962586879730225,1,training,119,11,14,version_2_new,1,1961547765
98953,surface=0|x=0.04500000|y=0.01938999|angle=-38.77814484|force=0.55830842|ramp_up=0.05827341|hold=0.14174174|ramp_down=0.02126940,A0773,773,0,2,2,2.233139753341675,2,training,120,0,0,version_1_training,0,1425400168
111026,surface=0|x=0.04500000|y=0.02170583|angle=-7.32321215|force=0.68852413|ramp_up=0.02962378|hold=0.08125391|ramp_down=0.03754001,A0867,867,0,2,2,2.117076873779297,2,training,121,1,1,version_1_training,0,1425400168
130956,surface=0|x=0.04500000|y=0.01790900|angle=12.39817619|force=0.95855910|ramp_up=0.04701297|hold=0.13070533|ramp_down=0.03398950,A1023,1023,0,2,2,2.28377366065979,2,training,122,2,2,version_1_training,0,1425400168
108300,surface=0|x=0.04500000|y=0.04491479|angle=-33.82777023|force=1.09851825|ramp_up=0.03247672|hold=0.06528269|ramp_down=0.03214185,A0846,846,0,2,2,2.1572837829589844,2,training,123,3,6,version_2_new,1,1425400168
132026,surface=0|x=0.04500000|y=0.03299880|angle=42.00897217|force=0.55078816|ramp_up=0.02536018|hold=0.10926159|ramp_down=0.03991775,A1031,1031,0,2,2,2.3793301582336426,2,training,124,4,7,version_2_new,1,1425400168
126492,surface=0|x=0.04500000|y=0.03745643|angle=23.00476074|force=0.51751757|ramp_up=0.04600764|hold=0.13090913|ramp_down=0.02862528,A0988,988,0,2,2,2.1644465923309326,2,training,125,5,8,version_2_new,1,1425400168
135056,surface=0|x=0.04500000|y=0.03735306|angle=29.76876831|force=0.97850835|ramp_up=0.02228622|hold=0.14293545|ramp_down=0.03018554,A1055,1055,0,2,2,2.4162683486938477,2,training,126,6,9,version_2_new,1,1425400168
110896,surface=0|x=0.04500000|y=0.02895441|angle=-4.63223028|force=0.60072786|ramp_up=0.03018005|hold=0.10436497|ramp_down=0.03187091,A0866,866,0,2,2,2.2006239891052246,2,training,127,7,10,version_2_new,1,1425400168
102811,surface=0|x=0.04500000|y=0.02818670|angle=-29.91690254|force=0.95930666|ramp_up=0.04097024|hold=0.14969857|ramp_down=0.03912085,A0803,803,0,2,2,2.2262308597564697,2,training,128,8,11,version_2_new,1,1425400168
100858,surface=0|x=0.04500000|y=0.01733067|angle=-40.33301926|force=0.74997324|ramp_up=0.05215005|hold=0.06513405|ramp_down=0.02300691,A0787,787,0,2,2,2.2543647289276123,2,training,129,9,12,version_2_new,1,1425400168
144900,surface=0|x=0.04500000|y=0.03508866|angle=31.42872429|force=1.03483009|ramp_up=0.05185274|hold=0.13090703|ramp_down=0.02685028,A1132,1132,0,2,2,2.300969123840332,2,training,130,10,13,version_2_new,1,1425400168
114178,surface=0|x=0.04500000|y=0.03626757|angle=-13.24141598|force=0.62981772|ramp_up=0.03306407|hold=0.10062917|ramp_down=0.02381718,A0892,892,0,2,2,2.4583561420440674,2,training,131,11,14,version_2_new,1,1425400168
126963,surface=0|x=0.04500000|y=0.03986586|angle=20.20044136|force=0.95697939|ramp_up=0.04312725|hold=0.06306065|ramp_down=0.03775093,A0991,991,0,2,2,2.771430253982544,3,training,132,0,0,version_1_training,0,3842683572
132538,surface=0|x=0.04500000|y=0.04369344|angle=42.02734375|force=0.78211969|ramp_up=0.03643424|hold=0.11184846|ramp_down=0.02839943,A1035,1035,0,2,2,2.939379930496216,3,training,133,1,1,version_1_training,0,3842683572
100277,surface=0|x=0.04500000|y=0.02415277|angle=-36.07614136|force=0.61822993|ramp_up=0.05366591|hold=0.08575206|ramp_down=0.02969503,A0783,783,0,2,2,2.508078098297119,3,training,134,2,2,version_1_training,0,3842683572
98066,surface=0|x=0.04500000|y=0.01576156|angle=-42.75938416|force=0.64467734|ramp_up=0.03969976|hold=0.08900051|ramp_down=0.03638829,A0766,766,0,2,2,3.2497293949127197,3,training,135,3,6,version_2_new,1,3842683572
105241,surface=0|x=0.04500000|y=0.04142396|angle=-37.65705872|force=0.63993287|ramp_up=0.05011290|hold=0.06504998|ramp_down=0.03670165,A0822,822,0,2,2,2.5733304023742676,3,training,136,4,7,version_2_new,1,3842683572
143025,surface=0|x=0.04500000|y=0.02319782|angle=36.08057022|force=0.86974227|ramp_up=0.02969311|hold=0.08190574|ramp_down=0.03133426,A1117,1117,0,2,2,2.7010433673858643,3,training,137,5,8,version_2_new,1,3842683572
97254,surface=0|x=0.04500000|y=0.03699336|angle=-33.67248917|force=0.64359844|ramp_up=0.03517648|hold=0.08389243|ramp_down=0.03006101,A0759,759,0,2,2,2.6685500144958496,3,training,138,6,9,version_2_new,1,3842683572
126969,surface=0|x=0.04500000|y=0.02016864|angle=23.18008995|force=0.54019421|ramp_up=0.03233231|hold=0.05456412|ramp_down=0.02571216,A0991,991,0,2,2,2.866135358810425,3,training,139,7,10,version_2_new,1,3842683572
113205,surface=0|x=0.04500000|y=0.03861336|angle=-14.62891865|force=0.55013585|ramp_up=0.03002849|hold=0.05918014|ramp_down=0.02878922,A0884,884,0,2,2,2.747938871383667,3,training,140,8,11,version_2_new,1,3842683572
121106,surface=0|x=0.04500000|y=0.02931781|angle=1.34819615|force=0.99906182|ramp_up=0.03104955|hold=0.09512031|ramp_down=0.03157201,A0946,946,0,2,2,2.958815574645996,3,training,141,9,12,version_2_new,1,3842683572
100641,surface=0|x=0.04500000|y=0.02356950|angle=-41.45041656|force=0.73739010|ramp_up=0.05974656|hold=0.12481439|ramp_down=0.03497114,A0786,786,0,2,2,3.4321274757385254,3,training,142,10,13,version_2_new,1,3842683572
142318,surface=0|x=0.04500000|y=0.03158642|angle=34.43394470|force=0.99172187|ramp_up=0.04822995|hold=0.09604547|ramp_down=0.03932716,A1111,1111,0,2,2,2.9003007411956787,3,training,143,11,14,version_2_new,1,3842683572
176991,surface=1|x=-0.04500000|y=-0.02327563|angle=20.44075966|force=0.81832027|ramp_up=0.05855850|hold=0.13300174|ramp_down=0.02306627,A1382,1382,1,0,3,1.6123028993606567,0,training,144,0,0,version_1_training,0,2613022947
189428,surface=1|x=-0.04500000|y=-0.04075235|angle=38.15895081|force=0.75153309|ramp_up=0.02448722|hold=0.09491240|ramp_down=0.03299155,A1479,1479,1,0,3,1.4778990745544434,0,training,145,1,1,version_1_training,0,2613022947
150713,surface=1|x=-0.04500000|y=-0.03068764|angle=-42.91762924|force=1.05579650|ramp_up=0.04824841|hold=0.07505360|ramp_down=0.03997321,A1177,1177,1,0,3,1.3604028224945068,0,training,146,2,2,version_1_training,0,2613022947
187916,surface=1|x=-0.04500000|y=-0.03034550|angle=41.45890427|force=0.57261556|ramp_up=0.03246980|hold=0.12776260|ramp_down=0.02193743,A1468,1468,1,0,3,1.3614652156829834,0,training,147,3,6,version_2_new,1,2613022947
164012,surface=1|x=-0.04500000|y=-0.02630276|angle=-14.18615341|force=1.07800353|ramp_up=0.02326433|hold=0.09475835|ramp_down=0.03997405,A1281,1281,1,0,3,0.494528204202652,0,training,148,4,7,version_2_new,1,2613022947
183270,surface=1|x=-0.04500000|y=-0.04335578|angle=32.69376373|force=0.79352921|ramp_up=0.03524204|hold=0.10808828|ramp_down=0.03945674,A1431,1431,1,0,3,1.1214520931243896,0,training,149,5,8,version_2_new,1,2613022947
145470,surface=1|x=-0.04500000|y=-0.04076623|angle=-43.52317429|force=0.58422965|ramp_up=0.02762369|hold=0.11628590|ramp_down=0.02303098,A1136,1136,1,0,3,1.4023900032043457,0,training,150,6,9,version_2_new,1,2613022947
169667,surface=1|x=-0.04500000|y=-0.01725590|angle=3.26054096|force=0.77506298|ramp_up=0.04437268|hold=0.14941071|ramp_down=0.02793184,A1325,1325,1,0,3,1.608300805091858,0,training,151,7,10,version_2_new,1,2613022947
156548,surface=1|x=-0.04500000|y=-0.02146432|angle=-33.36663055|force=0.69622922|ramp_up=0.05928696|hold=0.12751053|ramp_down=0.03935777,A1223,1223,1,0,3,1.3499462604522705,0,training,152,8,11,version_2_new,1,2613022947
174309,surface=1|x=-0.04500000|y=-0.01809206|angle=21.07269859|force=0.60810053|ramp_up=0.04484151|hold=0.14492597|ramp_down=0.03233948,A1361,1361,1,0,3,1.633284330368042,0,training,153,9,12,version_2_new,1,2613022947
148557,surface=1|x=-0.04500000|y=-0.04444521|angle=-42.12480545|force=0.85960001|ramp_up=0.03698960|hold=0.08782558|ramp_down=0.02875500,A1160,1160,1,0,3,1.5252888202667236,0,training,154,10,13,version_2_new,1,2613022947
153680,surface=1|x=-0.04500000|y=-0.03282585|angle=-30.74321747|force=0.63494730|ramp_up=0.05814465|hold=0.06985056|ramp_down=0.02091877,A1200,1200,1,0,3,1.2361286878585815,0,training,155,11,14,version_2_new,1,2613022947
152095,surface=1|x=-0.04500000|y=-0.02714825|angle=-24.30589104|force=0.56484598|ramp_up=0.02795269|hold=0.07214477|ramp_down=0.02818954,A1188,1188,1,0,3,1.6991773843765259,1,training,156,0,0,version_1_training,0,3679268941
160651,surface=1|x=-0.04500000|y=-0.03433839|angle=-22.28616333|force=0.62318444|ramp_up=0.05425538|hold=0.07708751|ramp_down=0.03778208,A1255,1255,1,0,3,1.8041702508926392,1,training,157,1,1,version_1_training,0,3679268941
179916,surface=1|x=-0.04500000|y=-0.04173672|angle=30.02554131|force=0.57200295|ramp_up=0.03164668|hold=0.05537110|ramp_down=0.03172412,A1405,1405,1,0,3,1.7117727994918823,1,training,158,2,2,version_1_training,0,3679268941
152595,surface=1|x=-0.04500000|y=-0.02836339|angle=-22.17611313|force=0.61729801|ramp_up=0.02382585|hold=0.11533009|ramp_down=0.02098127,A1192,1192,1,0,3,1.947009801864624,1,training,159,3,6,version_2_new,1,3679268941
173875,surface=1|x=-0.04500000|y=-0.03330312|angle=26.65060043|force=0.64773679|ramp_up=0.03114850|hold=0.09344032|ramp_down=0.02044781,A1358,1358,1,0,3,2.070260524749756,1,training,160,4,7,version_2_new,1,3679268941
192411,surface=1|x=-0.04500000|y=-0.03855227|angle=34.55307388|force=1.02688289|ramp_up=0.04328408|hold=0.11152912|ramp_down=0.03856145,A1503,1503,1,0,3,1.6864556074142456,1,training,161,5,8,version_2_new,1,3679268941
152502,surface=1|x=-0.04500000|y=-0.03755823|angle=-20.86432266|force=0.66201580|ramp_up=0.02197977|hold=0.08628832|ramp_down=0.03460396,A1191,1191,1,0,3,1.880279779434204,1,training,162,6,9,version_2_new,1,3679268941
191756,surface=1|x=-0.04500000|y=-0.03762198|angle=39.30711365|force=0.96452951|ramp_up=0.02405520|hold=0.11608118|ramp_down=0.02413756,A1498,1498,1,0,3,1.9561269283294678,1,training,163,7,10,version_2_new,1,3679268941
192494,surface=1|x=-0.04500000|y=-0.02188496|angle=41.19436264|force=1.02468324|ramp_up=0.03847646|hold=0.10429848|ramp_down=0.02301900,A1503,1503,1,0,3,1.9335438013076782,1,training,164,8,11,version_2_new,1,3679268941
182567,surface=1|x=-0.04500000|y=-0.04103990|angle=24.84446144|force=0.77609950|ramp_up=0.02236110|hold=0.13147856|ramp_down=0.03083340,A1426,1426,1,0,3,1.6786435842514038,1,training,165,9,12,version_2_new,1,3679268941
173287,surface=1|x=-0.04500000|y=-0.03492298|angle=17.97462654|force=0.59648669|ramp_up=0.02990614|hold=0.12714019|ramp_down=0.03767411,A1353,1353,1,0,3,1.700805902481079,1,training,166,10,13,version_2_new,1,3679268941
165807,surface=1|x=-0.04500000|y=-0.02426410|angle=-2.73094201|force=1.03241134|ramp_up=0.05248073|hold=0.14668271|ramp_down=0.03831881,A1295,1295,1,0,3,1.9069890975952148,1,training,167,11,14,version_2_new,1,3679268941
167023,surface=1|x=-0.04500000|y=-0.04181557|angle=3.60795045|force=0.76817173|ramp_up=0.03987549|hold=0.10688175|ramp_down=0.02797068,A1304,1304,1,0,3,2.181607961654663,2,training,168,0,0,version_1_training,0,3170341645
159116,surface=1|x=-0.04500000|y=-0.03490199|angle=-12.01260662|force=0.55992448|ramp_up=0.03217533|hold=0.09074293|ramp_down=0.03972116,A1243,1243,1,0,3,2.1363978385925293,2,training,169,1,1,version_1_training,0,3170341645
164387,surface=1|x=-0.04500000|y=-0.02218815|angle=-13.48815823|force=0.83654499|ramp_up=0.05355707|hold=0.05907372|ramp_down=0.02349930,A1284,1284,1,0,3,2.342820167541504,2,training,170,2,2,version_1_training,0,3170341645
146644,surface=1|x=-0.04500000|y=-0.03247661|angle=-43.67144394|force=0.53035784|ramp_up=0.02642197|hold=0.12307137|ramp_down=0.02627035,A1145,1145,1,0,3,2.2334957122802734,2,training,171,3,6,version_2_new,1,3170341645
158915,surface=1|x=-0.04500000|y=-0.01702965|angle=-15.76921272|force=1.09686828|ramp_up=0.05459130|hold=0.13773260|ramp_down=0.03451803,A1241,1241,1,0,3,2.2764532566070557,2,training,172,4,7,version_2_new,1,3170341645
167322,surface=1|x=-0.04500000|y=-0.02788033|angle=10.28777313|force=0.70928997|ramp_up=0.05236674|hold=0.14516918|ramp_down=0.03961612,A1307,1307,1,0,3,2.327333450317383,2,training,173,5,8,version_2_new,1,3170341645
179292,surface=1|x=-0.04500000|y=-0.02903209|angle=19.51698112|force=0.78843009|ramp_up=0.05227746|hold=0.11622143|ramp_down=0.02090822,A1400,1400,1,0,3,2.3889341354370117,2,training,174,6,9,version_2_new,1,3170341645
174415,surface=1|x=-0.04500000|y=-0.03159596|angle=4.73727036|force=0.67256188|ramp_up=0.04711055|hold=0.06032090|ramp_down=0.02858236,A1362,1362,1,0,3,2.4032418727874756,2,training,175,7,10,version_2_new,1,3170341645
147816,surface=1|x=-0.04500000|y=-0.01724205|angle=-31.83204460|force=0.98740363|ramp_up=0.02251346|hold=0.11389146|ramp_down=0.02446316,A1154,1154,1,0,3,2.4368019104003906,2,training,176,8,11,version_2_new,1,3170341645
154167,surface=1|x=-0.04500000|y=-0.03511826|angle=-36.04437637|force=0.75744236|ramp_up=0.05587622|hold=0.14626662|ramp_down=0.03316481,A1204,1204,1,0,3,2.374243974685669,2,training,177,9,12,version_2_new,1,3170341645
157930,surface=1|x=-0.04500000|y=-0.02808835|angle=-40.84614944|force=1.01572919|ramp_up=0.03779541|hold=0.13750713|ramp_down=0.03454593,A1233,1233,1,0,3,2.240569591522217,2,training,178,10,13,version_2_new,1,3170341645
172258,surface=1|x=-0.04500000|y=-0.03569994|angle=-1.49067485|force=0.89264131|ramp_up=0.04712327|hold=0.07354523|ramp_down=0.03173559,A1345,1345,1,0,3,2.307166576385498,2,training,179,11,14,version_2_new,1,3170341645
191216,surface=1|x=-0.04500000|y=-0.02400654|angle=36.08455276|force=0.54390138|ramp_up=0.04674350|hold=0.11739407|ramp_down=0.03475232,A1493,1493,1,0,3,2.8673055171966553,3,training,180,0,0,version_1_training,0,2997468713
175813,surface=1|x=-0.04500000|y=-0.02503105|angle=29.53231430|force=0.61933702|ramp_up=0.02548117|hold=0.14877898|ramp_down=0.02779333,A1373,1373,1,0,3,2.666020393371582,3,training,181,1,1,version_1_training,0,2997468713
171787,surface=1|x=-0.04500000|y=-0.02503403|angle=13.74042797|force=0.89655715|ramp_up=0.03082935|hold=0.11816509|ramp_down=0.02145164,A1342,1342,1,0,3,2.790908098220825,3,training,182,2,2,version_1_training,0,2997468713
153064,surface=1|x=-0.04500000|y=-0.04120365|angle=-5.60964394|force=0.63591200|ramp_up=0.04335245|hold=0.05398471|ramp_down=0.03335512,A1195,1195,1,0,3,3.5403401851654053,3,training,183,3,6,version_2_new,1,2997468713
167913,surface=1|x=-0.04500000|y=-0.01776567|angle=-6.93713713|force=0.81635654|ramp_up=0.05448190|hold=0.08331887|ramp_down=0.02414218,A1311,1311,1,0,3,3.0386269092559814,3,training,184,4,7,version_2_new,1,2997468713
170973,surface=1|x=-0.04500000|y=-0.01818537|angle=-8.04830170|force=0.74558568|ramp_up=0.02706440|hold=0.11155764|ramp_down=0.03395729,A1335,1335,1,0,3,2.9038784503936768,3,training,185,5,8,version_2_new,1,2997468713
169994,surface=1|x=-0.04500000|y=-0.02504829|angle=-7.78991604|force=0.61033940|ramp_up=0.04690166|hold=0.06255833|ramp_down=0.03124944,A1328,1328,1,0,3,2.830312490463257,3,training,186,6,9,version_2_new,1,2997468713
185296,surface=1|x=-0.04500000|y=-0.02706572|angle=38.15168762|force=0.93955815|ramp_up=0.03200617|hold=0.08847211|ramp_down=0.03044717,A1447,1447,1,0,3,2.50667405128479,3,training,187,7,10,version_2_new,1,2997468713
169983,surface=1|x=-0.04500000|y=-0.02097743|angle=18.32305527|force=0.94186991|ramp_up=0.05623664|hold=0.06961153|ramp_down=0.03635671,A1327,1327,1,0,3,2.848630905151367,3,training,188,8,11,version_2_new,1,2997468713
175890,surface=1|x=-0.04500000|y=-0.01526129|angle=1.11340058|force=0.75261825|ramp_up=0.03520555|hold=0.08710329|ramp_down=0.02580789,A1374,1374,1,0,3,2.6950509548187256,3,training,189,9,12,version_2_new,1,2997468713
151925,surface=1|x=-0.04500000|y=-0.02583567|angle=-36.16497040|force=0.98576021|ramp_up=0.04519686|hold=0.10584390|ramp_down=0.02723586,A1186,1186,1,0,3,2.8070132732391357,3,training,190,10,13,version_2_new,1,2997468713
168045,surface=1|x=-0.04500000|y=-0.04416612|angle=15.08794975|force=0.78241724|ramp_up=0.05929662|hold=0.14229184|ramp_down=0.02626237,A1312,1312,1,0,3,2.995997667312622,3,training,191,11,14,version_2_new,1,2997468713
233803,surface=1|x=-0.04500000|y=-0.00779425|angle=27.46525192|force=1.07044268|ramp_up=0.04600830|hold=0.07230033|ramp_down=0.02432238,A1826,1826,1,1,4,1.4827380180358887,0,training,192,0,0,version_1_training,0,1874364848
210247,surface=1|x=-0.04500000|y=0.00268373|angle=-13.13679695|force=1.02234995|ramp_up=0.02146871|hold=0.14048053|ramp_down=0.02522088,A1642,1642,1,1,4,1.6523247957229614,0,training,193,1,1,version_1_training,0,1874364848
202054,surface=1|x=-0.04500000|y=-0.01182485|angle=-33.87400818|force=0.66756767|ramp_up=0.05847680|hold=0.05984059|ramp_down=0.02183181,A1578,1578,1,1,4,1.5322891473770142,0,training,194,2,2,version_1_training,0,1874364848
234058,surface=1|x=-0.04500000|y=-0.01247466|angle=28.84832954|force=1.07758689|ramp_up=0.04824725|hold=0.13979875|ramp_down=0.02369844,A1828,1828,1,1,4,1.311868667602539,0,training,195,3,6,version_2_new,1,1874364848
240153,surface=1|x=-0.04500000|y=-0.01001537|angle=39.35721207|force=1.05973041|ramp_up=0.02802849|hold=0.14386643|ramp_down=0.02086218,A1876,1876,1,1,4,1.3402018547058105,0,training,196,4,7,version_2_new,1,1874364848
206492,surface=1|x=-0.04500000|y=0.00765760|angle=-34.45518112|force=1.06419396|ramp_up=0.04738618|hold=0.12852599|ramp_down=0.03140605,A1613,1613,1,1,4,1.640851378440857,0,training,197,5,8,version_2_new,1,1874364848
221967,surface=1|x=-0.04500000|y=-0.01277153|angle=10.86633492|force=0.50541008|ramp_up=0.04867701|hold=0.07367611|ramp_down=0.02327092,A1734,1734,1,1,4,1.6693718433380127,0,training,198,6,9,version_2_new,1,1874364848
195148,surface=1|x=-0.04500000|y=0.00394523|angle=-38.28232956|force=0.63713276|ramp_up=0.05330295|hold=0.05331166|ramp_down=0.02553819,A1524,1524,1,1,4,1.5748013257980347,0,training,199,7,10,version_2_new,1,1874364848
199227,surface=1|x=-0.04500000|y=0.00880901|angle=-41.31596375|force=0.93507278|ramp_up=0.04375874|hold=0.11891693|ramp_down=0.02033788,A1556,1556,1,1,4,1.5843236446380615,0,training,200,8,11,version_2_new,1,1874364848
213733,surface=1|x=-0.04500000|y=0.01068793|angle=-18.71258736|force=0.98641133|ramp_up=0.05159029|hold=0.06359904|ramp_down=0.03752782,A1669,1669,1,1,4,1.5460970401763916,0,training,201,9,12,version_2_new,1,1874364848
241829,surface=1|x=-0.04500000|y=-0.01044765|angle=40.10263443|force=1.07198405|ramp_up=0.05406002|hold=0.14152902|ramp_down=0.03932475,A1889,1889,1,1,4,1.191050410270691,0,training,202,10,13,version_2_new,1,1874364848
229535,surface=1|x=-0.04500000|y=0.00570529|angle=22.14920998|force=0.55198491|ramp_up=0.03035207|hold=0.14353120|ramp_down=0.03645276,A1793,1793,1,1,4,1.5761076211929321,0,training,203,11,14,version_2_new,1,1874364848
204741,surface=1|x=-0.04500000|y=0.00762761|angle=-21.94439697|force=0.57072765|ramp_up=0.05473097|hold=0.10389127|ramp_down=0.03565375,A1599,1599,1,1,4,2.058941125869751,1,training,204,0,0,version_1_training,0,2040376534
206930,surface=1|x=-0.04500000|y=0.01473959|angle=-33.05033493|force=1.03224647|ramp_up=0.05420355|hold=0.06291705|ramp_down=0.02571723,A1616,1616,1,1,4,2.0489277839660645,1,training,205,1,1,version_1_training,0,2040376534
224252,surface=1|x=-0.04500000|y=0.00088829|angle=19.42573738|force=0.68851632|ramp_up=0.02841976|hold=0.12263366|ramp_down=0.03444295,A1751,1751,1,1,4,1.7663817405700684,1,training,206,2,2,version_1_training,0,2040376534
239872,surface=1|x=-0.04500000|y=-0.00474385|angle=39.83943176|force=1.00096536|ramp_up=0.03486860|hold=0.09835219|ramp_down=0.02617265,A1874,1874,1,1,4,1.8988116979599,1,training,207,3,6,version_2_new,1,2040376534
238890,surface=1|x=-0.04500000|y=-0.00945656|angle=32.42087936|force=0.68306601|ramp_up=0.05468054|hold=0.05486367|ramp_down=0.02377878,A1866,1866,1,1,4,2.0692570209503174,1,training,208,4,7,version_2_new,1,2040376534
224950,surface=1|x=-0.04500000|y=-0.00166026|angle=14.36414433|force=0.92389452|ramp_up=0.04124791|hold=0.11016158|ramp_down=0.03333629,A1757,1757,1,1,4,1.9237040281295776,1,training,209,5,8,version_2_new,1,2040376534
199285,surface=1|x=-0.04500000|y=-0.00483430|angle=-40.02455902|force=1.03907490|ramp_up=0.04310053|hold=0.06897810|ramp_down=0.02689316,A1556,1556,1,1,4,1.6792832612991333,1,training,210,6,9,version_2_new,1,2040376534
210803,surface=1|x=-0.04500000|y=0.00416617|angle=-20.12425041|force=0.72008955|ramp_up=0.03209246|hold=0.13823508|ramp_down=0.02303077,A1646,1646,1,1,4,1.9707813262939453,1,training,211,7,10,version_2_new,1,2040376534
234163,surface=1|x=-0.04500000|y=0.00362798|angle=24.18642998|force=1.04884672|ramp_up=0.03063030|hold=0.11059630|ramp_down=0.03825402,A1829,1829,1,1,4,2.0416371822357178,1,training,212,8,11,version_2_new,1,2040376534
221130,surface=1|x=-0.04500000|y=-0.00864194|angle=-0.30225435|force=0.91818273|ramp_up=0.05971270|hold=0.12325423|ramp_down=0.03755354,A1727,1727,1,1,4,1.7343552112579346,1,training,213,9,12,version_2_new,1,2040376534
222237,surface=1|x=-0.04500000|y=0.00806431|angle=26.35667038|force=0.62058961|ramp_up=0.03951656|hold=0.09812786|ramp_down=0.02479451,A1736,1736,1,1,4,1.8617274761199951,1,training,214,10,13,version_2_new,1,2040376534
237910,surface=1|x=-0.04500000|y=-0.00017670|angle=40.04264450|force=0.92898369|ramp_up=0.03259619|hold=0.14842901|ramp_down=0.03167676,A1858,1858,1,1,4,2.0323641300201416,1,training,215,11,14,version_2_new,1,2040376534
233642,surface=1|x=-0.04500000|y=-0.00098117|angle=33.73104858|force=1.03003967|ramp_up=0.03925375|hold=0.09240835|ramp_down=0.02971288,A1825,1825,1,1,4,2.10015606880188,2,training,216,0,0,version_1_training,0,366692492
222807,surface=1|x=-0.04500000|y=-0.00258251|angle=2.51668358|force=0.54786390|ramp_up=0.05616908|hold=0.07234768|ramp_down=0.03399446,A1740,1740,1,1,4,2.4095866680145264,2,training,217,1,1,version_1_training,0,366692492
230362,surface=1|x=-0.04500000|y=-0.01457124|angle=31.88940239|force=0.66924083|ramp_up=0.04841350|hold=0.11427877|ramp_down=0.03276744,A1799,1799,1,1,4,2.487426519393921,2,training,218,2,2,version_1_training,0,366692492
210747,surface=1|x=-0.04500000|y=0.00170916|angle=-29.33920479|force=0.75724381|ramp_up=0.05041177|hold=0.12226785|ramp_down=0.02111516,A1646,1646,1,1,4,2.3747477531433105,2,training,219,3,6,version_2_new,1,366692492
228150,surface=1|x=-0.04500000|y=0.00902173|angle=40.76505661|force=0.55324751|ramp_up=0.03546032|hold=0.06494961|ramp_down=0.02662979,A1782,1782,1,1,4,2.394848346710205,2,training,220,4,7,version_2_new,1,366692492
198924,surface=1|x=-0.04500000|y=-0.00331930|angle=-39.62718582|force=1.08427548|ramp_up=0.04016045|hold=0.09933119|ramp_down=0.02186958,A1554,1554,1,1,4,2.12180757522583,2,training,221,5,8,version_2_new,1,366692492
216995,surface=1|x=-0.04500000|y=0.00107394|angle=-0.48328817|force=0.50777531|ramp_up=0.02952217|hold=0.08712844|ramp_down=0.03679842,A1695,1695,1,1,4,2.2536470890045166,2,training,222,6,9,version_2_new,1,366692492
199707,surface=1|x=-0.04500000|y=0.00903071|angle=-41.01785660|force=0.95868266|ramp_up=0.04644675|hold=0.06753582|ramp_down=0.03144932,A1560,1560,1,1,4,2.2741453647613525,2,training,223,7,10,version_2_new,1,366692492
225006,surface=1|x=-0.04500000|y=-0.00435831|angle=0.87040818|force=0.89271218|ramp_up=0.04030592|hold=0.12833098|ramp_down=0.03874177,A1757,1757,1,1,4,2.18717622756958,2,training,224,8,11,version_2_new,1,366692492
230958,surface=1|x=-0.04500000|y=0.01382590|angle=29.51423645|force=0.59296244|ramp_up=0.02294253|hold=0.11605118|ramp_down=0.02014578,A1804,1804,1,1,4,2.165571451187134,2,training,225,9,12,version_2_new,1,366692492
239606,surface=1|x=-0.04500000|y=-0.00859456|angle=34.38997269|force=0.64857900|ramp_up=0.05473013|hold=0.12431277|ramp_down=0.03557686,A1871,1871,1,1,4,2.208554983139038,2,training,226,10,13,version_2_new,1,366692492
204443,surface=1|x=-0.04500000|y=-0.01003626|angle=-35.00427246|force=0.87338614|ramp_up=0.04910304|hold=0.08337548|ramp_down=0.03542050,A1597,1597,1,1,4,2.0764548778533936,2,training,227,11,14,version_2_new,1,366692492
198046,surface=1|x=-0.04500000|y=-0.00861011|angle=-39.68729019|force=1.01783156|ramp_up=0.05039896|hold=0.10279558|ramp_down=0.03925986,A1547,1547,1,1,4,2.7262914180755615,3,training,228,0,0,version_1_training,0,3971982538
239138,surface=1|x=-0.04500000|y=0.01047100|angle=33.77266693|force=0.60319763|ramp_up=0.05288045|hold=0.07196763|ramp_down=0.03236912,A1868,1868,1,1,4,2.7827606201171875,3,training,229,1,1,version_1_training,0,3971982538
223864,surface=1|x=-0.04500000|y=-0.01137577|angle=17.19207001|force=0.99428266|ramp_up=0.02523484|hold=0.06228249|ramp_down=0.03175338,A1748,1748,1,1,4,2.503955364227295,3,training,230,2,2,version_1_training,0,3971982538
196468,surface=1|x=-0.04500000|y=-0.01368910|angle=-38.04936600|force=1.06965268|ramp_up=0.03466705|hold=0.11098669|ramp_down=0.02385280,A1534,1534,1,1,4,3.1077826023101807,3,training,231,3,6,version_2_new,1,3971982538
232670,surface=1|x=-0.04500000|y=-0.00153887|angle=15.41907215|force=0.85313857|ramp_up=0.04990360|hold=0.14104970|ramp_down=0.02617432,A1817,1817,1,1,4,2.6409618854522705,3,training,232,4,7,version_2_new,1,3971982538
198238,surface=1|x=-0.04500000|y=-0.00422433|angle=-29.70329285|force=0.84169853|ramp_up=0.02088364|hold=0.06588162|ramp_down=0.02522677,A1548,1548,1,1,4,2.8087360858917236,3,training,233,5,8,version_2_new,1,3971982538
195405,surface=1|x=-0.04500000|y=0.00756089|angle=-38.14035416|force=0.60753876|ramp_up=0.04999192|hold=0.06524193|ramp_down=0.03556260,A1526,1526,1,1,4,2.6383981704711914,3,training,234,6,9,version_2_new,1,3971982538
204151,surface=1|x=-0.04500000|y=0.00371475|angle=-21.08159447|force=0.86852562|ramp_up=0.05498978|hold=0.13912365|ramp_down=0.03703676,A1594,1594,1,1,4,2.6500492095947266,3,training,235,7,10,version_2_new,1,3971982538
218269,surface=1|x=-0.04500000|y=0.00446599|angle=-3.44565201|force=0.95643145|ramp_up=0.05463220|hold=0.10842634|ramp_down=0.03296260,A1705,1705,1,1,4,2.7626986503601074,3,training,236,8,11,version_2_new,1,3971982538
228860,surface=1|x=-0.04500000|y=0.00972364|angle=26.61204338|force=0.94291633|ramp_up=0.03662388|hold=0.14750504|ramp_down=0.02999023,A1787,1787,1,1,4,3.621962070465088,3,training,237,9,12,version_2_new,1,3971982538
220532,surface=1|x=-0.04500000|y=0.00836940|angle=-14.66421032|force=0.80527747|ramp_up=0.05479541|hold=0.08956347|ramp_down=0.02771798,A1722,1722,1,1,4,3.3713085651397705,3,training,238,10,13,version_2_new,1,3971982538
234456,surface=1|x=-0.04500000|y=-0.00883935|angle=23.17656136|force=0.92661637|ramp_up=0.03904556|hold=0.08334863|ramp_down=0.02337496,A1831,1831,1,1,4,3.383087635040283,3,training,239,11,14,version_2_new,1,3971982538
288721,surface=1|x=-0.04500000|y=0.03481005|angle=43.31244659|force=1.07801259|ramp_up=0.02162943|hold=0.11306296|ramp_down=0.03786657,A2255,2255,1,2,5,1.5588334798812866,0,training,240,0,0,version_1_training,0,161328693
286949,surface=1|x=-0.04500000|y=0.03459406|angle=43.67474747|force=0.75772995|ramp_up=0.04464564|hold=0.08240052|ramp_down=0.03615298,A2241,2241,1,2,5,1.0314253568649292,0,training,241,1,1,version_1_training,0,161328693
283625,surface=1|x=-0.04500000|y=0.04181336|angle=41.74155426|force=0.62916547|ramp_up=0.02525000|hold=0.06901586|ramp_down=0.03453928,A2215,2215,1,2,5,1.6440452337265015,0,training,242,2,2,version_1_training,0,161328693
290032,surface=1|x=-0.04500000|y=0.03767439|angle=39.12503815|force=1.03786337|ramp_up=0.05148739|hold=0.10514770|ramp_down=0.03336621,A2265,2265,1,2,5,1.5013585090637207,0,training,243,3,6,version_2_new,1,161328693
255328,surface=1|x=-0.04500000|y=0.01742427|angle=-25.77757072|force=1.00801504|ramp_up=0.05844075|hold=0.10203811|ramp_down=0.02969826,A1994,1994,1,2,5,1.5386419296264648,0,training,244,4,7,version_2_new,1,161328693
280768,surface=1|x=-0.04500000|y=0.02708255|angle=30.74665070|force=0.78775722|ramp_up=0.05347334|hold=0.08573613|ramp_down=0.03515286,A2193,2193,1,2,5,1.0202229022979736,0,training,245,5,8,version_2_new,1,161328693
285448,surface=1|x=-0.04500000|y=0.02450061|angle=39.29118729|force=0.62910455|ramp_up=0.05964102|hold=0.12760335|ramp_down=0.02532593,A2230,2230,1,2,5,1.5944032669067383,0,training,246,6,9,version_2_new,1,161328693
267525,surface=1|x=-0.04500000|y=0.02898027|angle=4.98054028|force=0.92520678|ramp_up=0.02280124|hold=0.11241778|ramp_down=0.02409388,A2090,2090,1,2,5,1.5153546333312988,0,training,247,7,10,version_2_new,1,161328693
281172,surface=1|x=-0.04500000|y=0.03380932|angle=27.94411659|force=0.97067404|ramp_up=0.02562291|hold=0.05463014|ramp_down=0.02044924,A2196,2196,1,2,5,1.1115155220031738,0,training,248,8,11,version_2_new,1,161328693
285481,surface=1|x=-0.04500000|y=0.03140862|angle=40.86758423|force=0.67150015|ramp_up=0.05922249|hold=0.14752235|ramp_down=0.02247949,A2230,2230,1,2,5,1.302676796913147,0,training,249,9,12,version_2_new,1,161328693
284493,surface=1|x=-0.04500000|y=0.03680905|angle=40.08739471|force=0.51923990|ramp_up=0.03871056|hold=0.09633556|ramp_down=0.02507813,A2222,2222,1,2,5,0.9734165668487549,0,training,250,10,13,version_2_new,1,161328693
286428,surface=1|x=-0.04500000|y=0.02563937|angle=43.02609253|force=0.78437418|ramp_up=0.02018880|hold=0.12574120|ramp_down=0.03626801,A2237,2237,1,2,5,1.116175889968872,0,training,251,11,14,version_2_new,1,161328693
249796,surface=1|x=-0.04500000|y=0.03416763|angle=-35.14123917|force=0.65182900|ramp_up=0.03679893|hold=0.08324444|ramp_down=0.03766248,A1951,1951,1,2,5,1.870041847229004,1,training,252,0,0,version_1_training,0,1565899405
276595,surface=1|x=-0.04500000|y=0.03010060|angle=24.66296005|force=0.74750417|ramp_up=0.02236720|hold=0.06437790|ramp_down=0.02790313,A2160,2160,1,2,5,2.059225082397461,1,training,253,1,1,version_1_training,0,1565899405
242159,surface=1|x=-0.04500000|y=0.03062209|angle=-34.24685287|force=0.50674307|ramp_up=0.03240108|hold=0.05891374|ramp_down=0.03745934,A1891,1891,1,2,5,1.9465183019638062,1,training,254,2,2,version_1_training,0,1565899405
250777,surface=1|x=-0.04500000|y=0.02932460|angle=-33.79897690|force=0.60444385|ramp_up=0.04846588|hold=0.07864310|ramp_down=0.03174505,A1959,1959,1,2,5,1.8668185472488403,1,training,255,3,6,version_2_new,1,1565899405
268685,surface=1|x=-0.04500000|y=0.04145425|angle=-10.88831425|force=0.95872760|ramp_up=0.03962964|hold=0.14465919|ramp_down=0.03639177,A2099,2099,1,2,5,1.9377779960632324,1,training,256,4,7,version_2_new,1,1565899405
275580,surface=1|x=-0.04500000|y=0.04265071|angle=7.39895821|force=1.02457654|ramp_up=0.04373869|hold=0.12795620|ramp_down=0.03085246,A2152,2152,1,2,5,2.0214529037475586,1,training,257,5,8,version_2_new,1,1565899405
243282,surface=1|x=-0.04500000|y=0.02585983|angle=-39.43903351|force=0.74259812|ramp_up=0.03652957|hold=0.14204980|ramp_down=0.02832447,A1900,1900,1,2,5,2.0386786460876465,1,training,258,6,9,version_2_new,1,1565899405
264706,surface=1|x=-0.04500000|y=0.03101545|angle=5.43343925|force=0.56885797|ramp_up=0.05273994|hold=0.12093339|ramp_down=0.03281379,A2068,2068,1,2,5,2.064208984375,1,training,259,7,10,version_2_new,1,1565899405
278153,surface=1|x=-0.04500000|y=0.02922033|angle=28.25280952|force=0.59096599|ramp_up=0.05933313|hold=0.08863429|ramp_down=0.03719497,A2173,2173,1,2,5,1.701776385307312,1,training,260,8,11,version_2_new,1,1565899405
275335,surface=1|x=-0.04500000|y=0.02457051|angle=18.42750740|force=0.86884600|ramp_up=0.05047861|hold=0.09615139|ramp_down=0.03691088,A2151,2151,1,2,5,1.9828693866729736,1,training,261,9,12,version_2_new,1,1565899405
243888,surface=1|x=-0.04500000|y=0.03402082|angle=-43.12210083|force=0.69002032|ramp_up=0.05680898|hold=0.08109648|ramp_down=0.02923505,A1905,1905,1,2,5,1.8899075984954834,1,training,262,10,13,version_2_new,1,1565899405
257419,surface=1|x=-0.04500000|y=0.02469142|angle=-16.71067238|force=0.51891595|ramp_up=0.05092354|hold=0.09425094|ramp_down=0.03863160,A2011,2011,1,2,5,2.041753053665161,1,training,263,11,14,version_2_new,1,1565899405
258901,surface=1|x=-0.04500000|y=0.03464466|angle=-17.87911797|force=0.86332071|ramp_up=0.03546647|hold=0.09360115|ramp_down=0.02840968,A2022,2022,1,2,5,2.091864824295044,2,training,264,0,0,version_1_training,0,1950057878
242904,surface=1|x=-0.04500000|y=0.04255631|angle=-41.90511703|force=0.61173594|ramp_up=0.03715357|hold=0.09827471|ramp_down=0.03856194,A1897,1897,1,2,5,2.2926619052886963,2,training,265,1,1,version_1_training,0,1950057878
271088,surface=1|x=-0.04500000|y=0.03344615|angle=12.25163555|force=0.69877994|ramp_up=0.05469283|hold=0.12313387|ramp_down=0.03093915,A2117,2117,1,2,5,2.4653329849243164,2,training,266,2,2,version_1_training,0,1950057878
250551,surface=1|x=-0.04500000|y=0.01745700|angle=-37.80419540|force=0.60638517|ramp_up=0.05973935|hold=0.06955163|ramp_down=0.02203400,A1957,1957,1,2,5,2.47489070892334,2,training,267,3,6,version_2_new,1,1950057878
284534,surface=1|x=-0.04500000|y=0.03422976|angle=33.70872498|force=0.72282469|ramp_up=0.04398880|hold=0.10134680|ramp_down=0.02536037,A2222,2222,1,2,5,2.2365379333496094,2,training,268,4,7,version_2_new,1,1950057878
263088,surface=1|x=-0.04500000|y=0.01694370|angle=-0.38693845|force=0.70513505|ramp_up=0.02622048|hold=0.12808780|ramp_down=0.02818402,A2055,2055,1,2,5,2.382420539855957,2,training,269,5,8,version_2_new,1,1950057878
287296,surface=1|x=-0.04500000|y=0.04140814|angle=37.51004410|force=0.53988749|ramp_up=0.05309002|hold=0.05361230|ramp_down=0.02262292,A2244,2244,1,2,5,2.2693495750427246,2,training,270,6,9,version_2_new,1,1950057878
276812,surface=1|x=-0.04500000|y=0.02064572|angle=22.53987503|force=0.70377690|ramp_up=0.03127303|hold=0.12195045|ramp_down=0.02025454,A2162,2162,1,2,5,2.2948262691497803,2,training,271,7,10,version_2_new,1,1950057878
283357,surface=1|x=-0.04500000|y=0.03599830|angle=40.00221634|force=1.03505528|ramp_up=0.04784472|hold=0.11099291|ramp_down=0.03926092,A2213,2213,1,2,5,2.4583308696746826,2,training,272,8,11,version_2_new,1,1950057878
287075,surface=1|x=-0.04500000|y=0.02984919|angle=39.12183762|force=1.04916263|ramp_up=0.05298942|hold=0.13728565|ramp_down=0.02245072,A2242,2242,1,2,5,2.3193819522857666,2,training,273,9,12,version_2_new,1,1950057878
280579,surface=1|x=-0.04500000|y=0.03702470|angle=39.76926422|force=0.99159837|ramp_up=0.05992819|hold=0.06577960|ramp_down=0.02097744,A2192,2192,1,2,5,2.330411434173584,2,training,274,10,13,version_2_new,1,1950057878
256033,surface=1|x=-0.04500000|y=0.03762971|angle=-23.24853325|force=0.63275915|ramp_up=0.02841954|hold=0.13283253|ramp_down=0.02156022,A2000,2000,1,2,5,2.1701643466949463,2,training,275,11,14,version_2_new,1,1950057878
266749,surface=1|x=-0.04500000|y=0.04437873|angle=-7.25482798|force=0.82659996|ramp_up=0.04176431|hold=0.05702144|ramp_down=0.02405399,A2083,2083,1,2,5,2.7987589836120605,3,training,276,0,0,version_1_training,0,3716799053
270095,surface=1|x=-0.04500000|y=0.02922444|angle=17.88854408|force=0.64775735|ramp_up=0.03288919|hold=0.09753023|ramp_down=0.03441151,A2110,2110,1,2,5,3.0437605381011963,3,training,277,1,1,version_1_training,0,3716799053
280403,surface=1|x=-0.04500000|y=0.03333586|angle=44.98502350|force=0.66233224|ramp_up=0.05005210|hold=0.05837857|ramp_down=0.03543304,A2190,2190,1,2,5,2.8926665782928467,3,training,278,2,2,version_1_training,0,3716799053
261967,surface=1|x=-0.04500000|y=0.04253606|angle=-23.97285843|force=1.08535528|ramp_up=0.04267858|hold=0.09610131|ramp_down=0.02285040,A2046,2046,1,2,5,2.9362237453460693,3,training,279,3,6,version_2_new,1,3716799053
274595,surface=1|x=-0.04500000|y=0.02610341|angle=-0.09286801|force=0.92677504|ramp_up=0.02899554|hold=0.14305438|ramp_down=0.03160205,A2145,2145,1,2,5,3.151371955871582,3,training,280,4,7,version_2_new,1,3716799053
258595,surface=1|x=-0.04500000|y=0.01671352|angle=-21.11620331|force=0.59030575|ramp_up=0.03883118|hold=0.13179457|ramp_down=0.02362190,A2020,2020,1,2,5,2.758898973464966,3,training,281,5,8,version_2_new,1,3716799053
257937,surface=1|x=-0.04500000|y=0.02561100|angle=-23.03225327|force=0.71045434|ramp_up=0.04563231|hold=0.12469455|ramp_down=0.03761071,A2015,2015,1,2,5,2.5193357467651367,3,training,282,6,9,version_2_new,1,3716799053
272279,surface=1|x=-0.04500000|y=0.02530958|angle=3.00623727|force=0.81918049|ramp_up=0.03808241|hold=0.10433059|ramp_down=0.02879812,A2127,2127,1,2,5,2.6881277561187744,3,training,283,7,10,version_2_new,1,3716799053
285650,surface=1|x=-0.04500000|y=0.03537506|angle=31.53483200|force=0.58511651|ramp_up=0.05431013|hold=0.11990041|ramp_down=0.02732256,A2231,2231,1,2,5,2.6559739112854004,3,training,284,8,11,version_2_new,1,3716799053
269497,surface=1|x=-0.04500000|y=0.03536851|angle=-18.30788231|force=1.00560033|ramp_up=0.05591712|hold=0.14081319|ramp_down=0.02597820,A2105,2105,1,2,5,2.958162307739258,3,training,285,9,12,version_2_new,1,3716799053
244502,surface=1|x=-0.04500000|y=0.01872505|angle=-23.64591980|force=0.88221043|ramp_up=0.02217023|hold=0.06614645|ramp_down=0.02016420,A1910,1910,1,2,5,3.2943975925445557,3,training,286,10,13,version_2_new,1,3716799053
270470,surface=1|x=-0.04500000|y=0.02888758|angle=-1.75607026|force=0.52260488|ramp_up=0.05553572|hold=0.08882069|ramp_down=0.03171645,A2113,2113,1,2,5,3.245094060897827,3,training,287,11,14,version_2_new,1,3716799053
296822,surface=2|x=-0.03377166|y=0.04500000|angle=-39.17153549|force=1.02943850|ramp_up=0.05837663|hold=0.12061615|ramp_down=0.02897354,A2318,2318,2,0,6,1.5492182970046997,0,training,288,0,0,version_1_training,0,2617721224
303837,surface=2|x=-0.03725131|y=0.04500000|angle=-29.65582657|force=1.02632737|ramp_up=0.05747181|hold=0.07806486|ramp_down=0.03085186,A2373,2373,2,0,6,1.4654942750930786,0,training,289,1,1,version_1_training,0,2617721224
297202,surface=2|x=-0.01745851|y=0.04500000|angle=-38.92157364|force=0.96868771|ramp_up=0.05410940|hold=0.14827734|ramp_down=0.03833833,A2321,2321,2,0,6,1.5816465616226196,0,training,290,2,2,version_1_training,0,2617721224
294930,surface=2|x=-0.02042618|y=0.04500000|angle=-42.17418289|force=1.04402888|ramp_up=0.03317497|hold=0.05086039|ramp_down=0.02083242,A2304,2304,2,0,6,1.5596394538879395,0,training,291,3,6,version_2_new,1,2617721224
330828,surface=2|x=-0.04074218|y=0.04500000|angle=30.63411713|force=1.03502774|ramp_up=0.03701361|hold=0.14576603|ramp_down=0.02478674,A2584,2584,2,0,6,1.0269503593444824,0,training,292,4,7,version_2_new,1,2617721224
321497,surface=2|x=-0.03170329|y=0.04500000|angle=6.25176239|force=0.67160004|ramp_up=0.03572373|hold=0.11147043|ramp_down=0.03646588,A2511,2511,2,0,6,1.6200217008590698,0,training,293,5,8,version_2_new,1,2617721224
299316,surface=2|x=-0.02399521|y=0.04500000|angle=-33.36701202|force=0.54479504|ramp_up=0.05663230|hold=0.13505356|ramp_down=0.02950842,A2338,2338,2,0,6,1.351269245147705,0,training,294,6,9,version_2_new,1,2617721224
297411,surface=2|x=-0.02696215|y=0.04500000|angle=-35.93247223|force=0.52796036|ramp_up=0.02295777|hold=0.06828252|ramp_down=0.03708262,A2323,2323,2,0,6,1.1869425773620605,0,training,295,7,10,version_2_new,1,2617721224
327101,surface=2|x=-0.02360513|y=0.04500000|angle=34.32085419|force=0.58337444|ramp_up=0.05689617|hold=0.14510767|ramp_down=0.02829867,A2555,2555,2,0,6,1.525270700454712,0,training,296,8,11,version_2_new,1,2617721224
318420,surface=2|x=-0.03247642|y=0.04500000|angle=14.57028294|force=0.63020784|ramp_up=0.02969755|hold=0.10431719|ramp_down=0.03391997,A2487,2487,2,0,6,1.457383632659912,0,training,297,9,12,version_2_new,1,2617721224
302971,surface=2|x=-0.01937893|y=0.04500000|angle=-33.21094131|force=1.04981434|ramp_up=0.04014299|hold=0.11719672|ramp_down=0.02148337,A2366,2366,2,0,6,1.1366467475891113,0,training,298,10,13,version_2_new,1,2617721224
334809,surface=2|x=-0.03203537|y=0.04500000|angle=42.78104401|force=0.73167425|ramp_up=0.03165398|hold=0.14229997|ramp_down=0.03120986,A2615,2615,2,0,6,1.5934598445892334,0,training,299,11,14,version_2_new,1,2617721224
307370,surface=2|x=-0.03163347|y=0.04500000|angle=-16.18012238|force=0.91223049|ramp_up=0.03857279|hold=0.07174741|ramp_down=0.02419649,A2401,2401,2,0,6,1.967491626739502,1,training,300,0,0,version_1_training,0,1749781631
308503,surface=2|x=-0.02969223|y=0.04500000|angle=-27.43321037|force=0.79062265|ramp_up=0.05380207|hold=0.14463896|ramp_down=0.02947482,A2410,2410,2,0,6,2.0199882984161377,1,training,301,1,1,version_1_training,0,1749781631
303186,surface=2|x=-0.04433609|y=0.04500000|angle=-21.88785553|force=1.08345187|ramp_up=0.04786700|hold=0.12759627|ramp_down=0.02737173,A2368,2368,2,0,6,2.0151708126068115,1,training,302,2,2,version_1_training,0,1749781631
326701,surface=2|x=-0.03782741|y=0.04500000|angle=24.72903633|force=0.65417182|ramp_up=0.04840755|hold=0.07852149|ramp_down=0.02230841,A2552,2552,2,0,6,1.9894423484802246,1,training,303,3,6,version_2_new,1,1749781631
324722,surface=2|x=-0.03095881|y=0.04500000|angle=6.39820623|force=1.03716063|ramp_up=0.05605844|hold=0.12347454|ramp_down=0.03215064,A2536,2536,2,0,6,2.062154531478882,1,training,304,4,7,version_2_new,1,1749781631
322252,surface=2|x=-0.02751616|y=0.04500000|angle=11.37190056|force=0.70861590|ramp_up=0.04709127|hold=0.07322990|ramp_down=0.03364012,A2517,2517,2,0,6,1.9621526002883911,1,training,305,5,8,version_2_new,1,1749781631
318830,surface=2|x=-0.01509948|y=0.04500000|angle=12.89270878|force=0.64049947|ramp_up=0.03009168|hold=0.07480787|ramp_down=0.02471362,A2490,2490,2,0,6,2.03265380859375,1,training,306,6,9,version_2_new,1,1749781631
333842,surface=2|x=-0.02124777|y=0.04500000|angle=37.27344131|force=0.51956046|ramp_up=0.05873331|hold=0.14305928|ramp_down=0.03477593,A2608,2608,2,0,6,1.9222873449325562,1,training,307,7,10,version_2_new,1,1749781631
325415,surface=2|x=-0.03928613|y=0.04500000|angle=22.76383781|force=0.63142163|ramp_up=0.02622156|hold=0.13135979|ramp_down=0.02457753,A2542,2542,2,0,6,1.7984193563461304,1,training,308,8,11,version_2_new,1,1749781631
300959,surface=2|x=-0.03851641|y=0.04500000|angle=-25.00369072|force=0.86107957|ramp_up=0.03549770|hold=0.14718437|ramp_down=0.02313123,A2351,2351,2,0,6,1.998223066329956,1,training,309,9,12,version_2_new,1,1749781631
332376,surface=2|x=-0.03133323|y=0.04500000|angle=31.72322273|force=0.54088569|ramp_up=0.02648202|hold=0.14409807|ramp_down=0.02545916,A2596,2596,2,0,6,1.997462511062622,1,training,310,10,13,version_2_new,1,1749781631
300448,surface=2|x=-0.03052047|y=0.04500000|angle=-26.09293365|force=0.60569596|ramp_up=0.03136733|hold=0.05831575|ramp_down=0.03333377,A2347,2347,2,0,6,1.8029978275299072,1,training,311,11,14,version_2_new,1,1749781631
301392,surface=2|x=-0.01915221|y=0.04500000|angle=-34.67583466|force=0.75511044|ramp_up=0.04807547|hold=0.05510790|ramp_down=0.02653924,A2354,2354,2,0,6,2.464808702468872,2,training,312,0,0,version_1_training,0,3670666263
307470,surface=2|x=-0.04023174|y=0.04500000|angle=-21.95684052|force=0.72763389|ramp_up=0.03999943|hold=0.08928047|ramp_down=0.03845202,A2402,2402,2,0,6,2.2687127590179443,2,training,313,1,1,version_1_training,0,3670666263
319254,surface=2|x=-0.02865300|y=0.04500000|angle=14.96008682|force=0.60579890|ramp_up=0.04951487|hold=0.14147671|ramp_down=0.03777358,A2494,2494,2,0,6,2.16474986076355,2,training,314,2,2,version_1_training,0,3670666263
309824,surface=2|x=-0.01889521|y=0.04500000|angle=-15.60490894|force=0.85199255|ramp_up=0.04630814|hold=0.07840162|ramp_down=0.02666793,A2420,2420,2,0,6,2.208433151245117,2,training,315,3,6,version_2_new,1,3670666263
333333,surface=2|x=-0.02050730|y=0.04500000|angle=39.52664948|force=0.52319300|ramp_up=0.05680106|hold=0.08421527|ramp_down=0.03787652,A2604,2604,2,0,6,2.475501775741577,2,training,316,4,7,version_2_new,1,3670666263
337257,surface=2|x=-0.03227643|y=0.04500000|angle=38.90990448|force=0.93760592|ramp_up=0.03314418|hold=0.08638632|ramp_down=0.02118022,A2634,2634,2,0,6,2.111107110977173,2,training,317,5,8,version_2_new,1,3670666263
290682,surface=2|x=-0.01548929|y=0.04500000|angle=-40.23331451|force=0.50936872|ramp_up=0.03942869|hold=0.10934428|ramp_down=0.02216178,A2270,2270,2,0,6,2.3032233715057373,2,training,318,6,9,version_2_new,1,3670666263
295291,surface=2|x=-0.03999007|y=0.04500000|angle=-42.30693817|force=0.84613037|ramp_up=0.03252970|hold=0.11416459|ramp_down=0.02377566,A2306,2306,2,0,6,2.3388969898223877,2,training,319,7,10,version_2_new,1,3670666263
320705,surface=2|x=-0.03561956|y=0.04500000|angle=20.55086136|force=0.83863246|ramp_up=0.03897408|hold=0.07369297|ramp_down=0.03829008,A2505,2505,2,0,6,2.3433196544647217,2,training,320,8,11,version_2_new,1,3670666263
332128,surface=2|x=-0.03769128|y=0.04500000|angle=44.50435638|force=0.66699994|ramp_up=0.02667700|hold=0.14597706|ramp_down=0.02080755,A2594,2594,2,0,6,2.311138391494751,2,training,321,9,12,version_2_new,1,3670666263
299705,surface=2|x=-0.03420547|y=0.04500000|angle=-33.74935913|force=0.89671785|ramp_up=0.02904524|hold=0.09343838|ramp_down=0.03745183,A2341,2341,2,0,6,2.1555488109588623,2,training,322,10,13,version_2_new,1,3670666263
329635,surface=2|x=-0.02534325|y=0.04500000|angle=34.29160690|force=0.98413843|ramp_up=0.03153094|hold=0.09527882|ramp_down=0.03580295,A2575,2575,2,0,6,2.409663677215576,2,training,323,11,14,version_2_new,1,3670666263
303747,surface=2|x=-0.02202100|y=0.04500000|angle=-23.03663063|force=0.97852355|ramp_up=0.04019412|hold=0.11802077|ramp_down=0.03200436,A2373,2373,2,0,6,2.623441219329834,3,training,324,0,0,version_1_training,0,860803706
310787,surface=2|x=-0.04333727|y=0.04500000|angle=-10.53230286|force=1.04574013|ramp_up=0.03799727|hold=0.12366761|ramp_down=0.03364931,A2428,2428,2,0,6,3.01495623588562,3,training,325,1,1,version_1_training,0,860803706
305999,surface=2|x=-0.02948671|y=0.04500000|angle=-12.09292221|force=0.66904348|ramp_up=0.03922384|hold=0.12585686|ramp_down=0.02545760,A2390,2390,2,0,6,2.665616035461426,3,training,326,2,2,version_1_training,0,860803706
326897,surface=2|x=-0.03443792|y=0.04500000|angle=21.77443695|force=0.56616277|ramp_up=0.04241411|hold=0.05964113|ramp_down=0.03782327,A2553,2553,2,0,6,2.6890687942504883,3,training,327,3,6,version_2_new,1,860803706
305571,surface=2|x=-0.03860060|y=0.04500000|angle=-39.48699570|force=0.53382665|ramp_up=0.03118995|hold=0.13063677|ramp_down=0.03721003,A2387,2387,2,0,6,3.5345869064331055,3,training,328,4,7,version_2_new,1,860803706
327020,surface=2|x=-0.01614752|y=0.04500000|angle=23.54144859|force=0.53240603|ramp_up=0.04097273|hold=0.12178349|ramp_down=0.03316034,A2554,2554,2,0,6,2.8752872943878174,3,training,329,5,8,version_2_new,1,860803706
304748,surface=2|x=-0.03735740|y=0.04500000|angle=-37.55527496|force=0.62699789|ramp_up=0.03073647|hold=0.11622695|ramp_down=0.03023747,A2380,2380,2,0,6,3.745323419570923,3,training,330,6,9,version_2_new,1,860803706
308507,surface=2|x=-0.02000383|y=0.04500000|angle=-23.00197601|force=0.56585258|ramp_up=0.04647240|hold=0.11858198|ramp_down=0.03647226,A2410,2410,2,0,6,3.184614896774292,3,training,331,7,10,version_2_new,1,860803706
332325,surface=2|x=-0.01825805|y=0.04500000|angle=42.42990494|force=0.65183449|ramp_up=0.04180785|hold=0.11598769|ramp_down=0.02804124,A2596,2596,2,0,6,3.0013644695281982,3,training,332,8,11,version_2_new,1,860803706
310881,surface=2|x=-0.01585455|y=0.04500000|angle=-6.78654528|force=1.02492893|ramp_up=0.04264477|hold=0.09181437|ramp_down=0.02666766,A2428,2428,2,0,6,3.3485236167907715,3,training,333,9,12,version_2_new,1,860803706
313925,surface=2|x=-0.01942751|y=0.04500000|angle=12.76325989|force=0.59521526|ramp_up=0.02731368|hold=0.14423583|ramp_down=0.02742880,A2452,2452,2,0,6,2.529148578643799,3,training,334,10,13,version_2_new,1,860803706
312183,surface=2|x=-0.03350063|y=0.04500000|angle=11.36584091|force=0.62723619|ramp_up=0.05892688|hold=0.10803278|ramp_down=0.02249980,A2438,2438,2,0,6,2.6112356185913086,3,training,335,11,14,version_2_new,1,860803706
348668,surface=2|x=-0.00521085|y=0.04500000|angle=-28.42576408|force=0.75160497|ramp_up=0.02833336|hold=0.14241043|ramp_down=0.03362471,A2723,2723,2,1,7,1.209084153175354,0,training,336,0,0,version_1_training,0,1369798745
342346,surface=2|x=0.00003581|y=0.04500000|angle=-44.84352493|force=0.90440065|ramp_up=0.03136067|hold=0.13238280|ramp_down=0.02205427,A2674,2674,2,1,7,1.3304243087768555,0,training,337,1,1,version_1_training,0,1369798745
344681,surface=2|x=0.00135289|y=0.04500000|angle=-39.18206406|force=0.97745019|ramp_up=0.04374033|hold=0.12576325|ramp_down=0.02093338,A2692,2692,2,1,7,1.5381338596343994,0,training,338,2,2,version_1_training,0,1369798745
341744,surface=2|x=-0.00858632|y=0.04500000|angle=-41.87714767|force=0.82653248|ramp_up=0.02655348|hold=0.13766971|ramp_down=0.03564364,A2669,2669,2,1,7,1.1810351610183716,0,training,339,3,6,version_2_new,1,1369798745
342089,surface=2|x=-0.00803148|y=0.04500000|angle=-40.08760071|force=0.71468496|ramp_up=0.04429301|hold=0.11998710|ramp_down=0.02556017,A2672,2672,2,1,7,1.4737094640731812,0,training,340,4,7,version_2_new,1,1369798745
355768,surface=2|x=0.01074229|y=0.04500000|angle=-17.43854523|force=0.78772366|ramp_up=0.02695974|hold=0.05684139|ramp_down=0.03420884,A2779,2779,2,1,7,1.6540963649749756,0,training,341,5,8,version_2_new,1,1369798745
370269,surface=2|x=0.00186152|y=0.04500000|angle=8.12401581|force=0.81131953|ramp_up=0.05576922|hold=0.05109820|ramp_down=0.02645346,A2892,2892,2,1,7,1.2078949213027954,0,training,342,6,9,version_2_new,1,1369798745
345232,surface=2|x=0.01052809|y=0.04500000|angle=-39.55883026|force=1.07571220|ramp_up=0.04945733|hold=0.10052648|ramp_down=0.03741574,A2697,2697,2,1,7,1.4912691116333008,0,training,343,7,10,version_2_new,1,1369798745
381286,surface=2|x=0.00300159|y=0.04500000|angle=41.76604843|force=0.56155574|ramp_up=0.03615157|hold=0.11941481|ramp_down=0.02263574,A2978,2978,2,1,7,1.102291226387024,0,training,344,8,11,version_2_new,1,1369798745
379840,surface=2|x=-0.00267694|y=0.04500000|angle=22.46385956|force=1.06849217|ramp_up=0.05158789|hold=0.08907208|ramp_down=0.03111328,A2967,2967,2,1,7,1.665555715560913,0,training,345,9,12,version_2_new,1,1369798745
372278,surface=2|x=-0.00796262|y=0.04500000|angle=15.69291019|force=0.97747850|ramp_up=0.03698286|hold=0.13737693|ramp_down=0.02606874,A2908,2908,2,1,7,1.2929737567901611,0,training,346,10,13,version_2_new,1,1369798745
346815,surface=2|x=-0.00459617|y=0.04500000|angle=-26.73960876|force=0.50587946|ramp_up=0.03729764|hold=0.07779923|ramp_down=0.03618804,A2709,2709,2,1,7,1.1363719701766968,0,training,347,11,14,version_2_new,1,1369798745
355246,surface=2|x=-0.00909413|y=0.04500000|angle=-9.80603886|force=0.86224264|ramp_up=0.02897681|hold=0.09096798|ramp_down=0.02884601,A2775,2775,2,1,7,1.7888036966323853,1,training,348,0,0,version_1_training,0,663341227
340535,surface=2|x=-0.00354198|y=0.04500000|angle=-39.20814896|force=0.64095777|ramp_up=0.05484736|hold=0.12093663|ramp_down=0.02860652,A2660,2660,2,1,7,1.8007668256759644,1,training,349,1,1,version_1_training,0,663341227
352774,surface=2|x=-0.01216280|y=0.04500000|angle=-8.64931107|force=0.64215505|ramp_up=0.02344357|hold=0.11574217|ramp_down=0.02177841,A2756,2756,2,1,7,1.6790871620178223,1,training,350,2,2,version_1_training,0,663341227
360234,surface=2|x=0.00350289|y=0.04500000|angle=-5.70976973|force=0.53328729|ramp_up=0.02914169|hold=0.05998971|ramp_down=0.03443743,A2814,2814,2,1,7,2.0264391899108887,1,training,351,3,6,version_2_new,1,663341227
382084,surface=2|x=-0.00571114|y=0.04500000|angle=42.10050201|force=0.54254955|ramp_up=0.05125146|hold=0.06094128|ramp_down=0.03599109,A2985,2985,2,1,7,1.9344006776809692,1,training,352,4,7,version_2_new,1,663341227
354777,surface=2|x=-0.00633786|y=0.04500000|angle=-17.03331184|force=0.67497736|ramp_up=0.04821421|hold=0.14818332|ramp_down=0.03826602,A2771,2771,2,1,7,1.7427510023117065,1,training,353,5,8,version_2_new,1,663341227
344717,surface=2|x=-0.00986223|y=0.04500000|angle=-39.70186996|force=0.96729791|ramp_up=0.02890957|hold=0.14181285|ramp_down=0.03434441,A2693,2693,2,1,7,1.8360416889190674,1,training,354,6,9,version_2_new,1,663341227
377965,surface=2|x=-0.01259662|y=0.04500000|angle=31.39289284|force=1.00505054|ramp_up=0.03277111|hold=0.05933891|ramp_down=0.02383146,A2952,2952,2,1,7,1.7486439943313599,1,training,355,7,10,version_2_new,1,663341227
372398,surface=2|x=0.00991122|y=0.04500000|angle=15.39976501|force=1.02569413|ramp_up=0.04289147|hold=0.10624164|ramp_down=0.03532340,A2909,2909,2,1,7,2.0126612186431885,1,training,356,8,11,version_2_new,1,663341227
362765,surface=2|x=0.00384598|y=0.04500000|angle=5.96215820|force=0.79446417|ramp_up=0.04035714|hold=0.06815674|ramp_down=0.03136610,A2834,2834,2,1,7,1.9012105464935303,1,training,357,9,12,version_2_new,1,663341227
363019,surface=2|x=-0.00812734|y=0.04500000|angle=4.55573559|force=0.78803033|ramp_up=0.05487508|hold=0.13854779|ramp_down=0.02405567,A2836,2836,2,1,7,1.8044174909591675,1,training,358,10,13,version_2_new,1,663341227
361276,surface=2|x=-0.00385458|y=0.04500000|angle=-10.84055138|force=0.51509851|ramp_up=0.05815916|hold=0.06989432|ramp_down=0.02321787,A2822,2822,2,1,7,1.9372568130493164,1,training,359,11,14,version_2_new,1,663341227
372182,surface=2|x=0.00070431|y=0.04500000|angle=2.38656926|force=1.05732644|ramp_up=0.04765737|hold=0.06968472|ramp_down=0.03793102,A2907,2907,2,1,7,2.2385590076446533,2,training,360,0,0,version_1_training,0,194365079
345347,surface=2|x=-0.00086950|y=0.04500000|angle=-38.84514236|force=1.06616390|ramp_up=0.04291560|hold=0.11281286|ramp_down=0.02450876,A2698,2698,2,1,7,2.462189197540283,2,training,361,1,1,version_1_training,0,194365079
355178,surface=2|x=-0.01037481|y=0.04500000|angle=-19.05506706|force=0.72501034|ramp_up=0.02717019|hold=0.06928879|ramp_down=0.03366650,A2774,2774,2,1,7,2.2162086963653564,2,training,362,2,2,version_1_training,0,194365079
373887,surface=2|x=0.00517909|y=0.04500000|angle=17.26342201|force=0.52184129|ramp_up=0.03018989|hold=0.14941181|ramp_down=0.02804597,A2920,2920,2,1,7,2.1703920364379883,2,training,363,3,6,version_2_new,1,194365079
361645,surface=2|x=-0.00305565|y=0.04500000|angle=-4.36921406|force=0.73934782|ramp_up=0.04460646|hold=0.12839650|ramp_down=0.03644459,A2825,2825,2,1,7,2.483896255493164,2,training,364,4,7,version_2_new,1,194365079
346885,surface=2|x=-0.00861277|y=0.04500000|angle=-42.75602722|force=0.67437267|ramp_up=0.03925642|hold=0.14026222|ramp_down=0.03201808,A2710,2710,2,1,7,2.4850316047668457,2,training,365,5,8,version_2_new,1,194365079
340475,surface=2|x=-0.00790547|y=0.04500000|angle=-40.40517426|force=0.70973599|ramp_up=0.04758117|hold=0.06616756|ramp_down=0.03678261,A2659,2659,2,1,7,2.16152286529541,2,training,366,6,9,version_2_new,1,194365079
371139,surface=2|x=0.00882096|y=0.04500000|angle=10.29727745|force=0.98477113|ramp_up=0.03257164|hold=0.06248812|ramp_down=0.02402047,A2899,2899,2,1,7,2.3900930881500244,2,training,367,7,10,version_2_new,1,194365079
368952,surface=2|x=-0.00713771|y=0.04500000|angle=24.31008911|force=0.86028409|ramp_up=0.03518669|hold=0.09996186|ramp_down=0.03182388,A2882,2882,2,1,7,2.3734545707702637,2,training,368,8,11,version_2_new,1,194365079
380590,surface=2|x=-0.01435506|y=0.04500000|angle=31.96864319|force=0.64864308|ramp_up=0.02032761|hold=0.11446566|ramp_down=0.03937716,A2973,2973,2,1,7,2.292719602584839,2,training,369,9,12,version_2_new,1,194365079
372733,surface=2|x=0.01036139|y=0.04500000|angle=19.52034378|force=1.05517602|ramp_up=0.04736154|hold=0.08085865|ramp_down=0.02898981,A2911,2911,2,1,7,2.2940938472747803,2,training,370,10,13,version_2_new,1,194365079
359614,surface=2|x=0.01002164|y=0.04500000|angle=-13.95655060|force=0.62583160|ramp_up=0.02579556|hold=0.06879310|ramp_down=0.03526857,A2809,2809,2,1,7,2.3953652381896973,2,training,371,11,14,version_2_new,1,194365079
365867,surface=2|x=-0.00607573|y=0.04500000|angle=-9.82864571|force=0.85548973|ramp_up=0.04391369|hold=0.10758199|ramp_down=0.03512237,A2858,2858,2,1,7,3.083033323287964,3,training,372,0,0,version_1_training,0,3237118671
364381,surface=2|x=0.00473392|y=0.04500000|angle=-1.98982871|force=0.99862236|ramp_up=0.03642593|hold=0.09090699|ramp_down=0.03858638,A2846,2846,2,1,7,2.629012107849121,3,training,373,1,1,version_1_training,0,3237118671
359365,surface=2|x=0.00580345|y=0.04500000|angle=-6.26372910|force=0.98237324|ramp_up=0.05516755|hold=0.13152309|ramp_down=0.02100745,A2807,2807,2,1,7,2.5511562824249268,3,training,374,2,2,version_1_training,0,3237118671
380344,surface=2|x=0.00099938|y=0.04500000|angle=42.93314743|force=0.67714316|ramp_up=0.02844591|hold=0.12623091|ramp_down=0.03161638,A2971,2971,2,1,7,3.491284132003784,3,training,375,3,6,version_2_new,1,3237118671
378498,surface=2|x=-0.01326592|y=0.04500000|angle=31.85981941|force=0.89283061|ramp_up=0.04215172|hold=0.11044000|ramp_down=0.03322114,A2957,2957,2,1,7,3.2590904235839844,3,training,376,4,7,version_2_new,1,3237118671
363986,surface=2|x=-0.01243626|y=0.04500000|angle=-7.52965641|force=0.98072660|ramp_up=0.04420908|hold=0.12340201|ramp_down=0.03797861,A2843,2843,2,1,7,2.6102240085601807,3,training,377,5,8,version_2_new,1,3237118671
350442,surface=2|x=0.01235787|y=0.04500000|angle=-40.31515503|force=0.99668586|ramp_up=0.02698071|hold=0.11802133|ramp_down=0.03924847,A2737,2737,2,1,7,3.3076767921447754,3,training,378,6,9,version_2_new,1,3237118671
376817,surface=2|x=-0.00963918|y=0.04500000|angle=39.77724457|force=0.60697275|ramp_up=0.05104396|hold=0.06825508|ramp_down=0.03241342,A2943,2943,2,1,7,2.6788101196289062,3,training,379,7,10,version_2_new,1,3237118671
354737,surface=2|x=-0.00254994|y=0.04500000|angle=-25.76134109|force=0.54776251|ramp_up=0.03469653|hold=0.14667001|ramp_down=0.03322761,A2771,2771,2,1,7,3.011331796646118,3,training,380,8,11,version_2_new,1,3237118671
355554,surface=2|x=-0.00617873|y=0.04500000|angle=-0.84613878|force=0.96706188|ramp_up=0.02046736|hold=0.14413530|ramp_down=0.02622610,A2777,2777,2,1,7,2.6317250728607178,3,training,381,9,12,version_2_new,1,3237118671
359923,surface=2|x=0.01038503|y=0.04500000|angle=0.00494215|force=0.81202865|ramp_up=0.02713015|hold=0.09236306|ramp_down=0.02706501,A2811,2811,2,1,7,2.6610841751098633,3,training,382,10,13,version_2_new,1,3237118671
373303,surface=2|x=0.00534023|y=0.04500000|angle=31.60680580|force=0.62090999|ramp_up=0.04691044|hold=0.08799009|ramp_down=0.03082734,A2916,2916,2,1,7,3.397883892059326,3,training,383,11,14,version_2_new,1,3237118671
432533,surface=2|x=0.02642647|y=0.04500000|angle=37.84923172|force=0.82645953|ramp_up=0.05646550|hold=0.07157555|ramp_down=0.03864466,A3379,3379,2,2,8,1.3729585409164429,0,training,384,0,0,version_1_training,0,3026431988
391031,surface=2|x=0.04005920|y=0.04500000|angle=-43.83790207|force=0.67078173|ramp_up=0.05881577|hold=0.06136692|ramp_down=0.02915485,A3054,3054,2,2,8,1.5082120895385742,0,training,385,1,1,version_1_training,0,3026431988
422843,surface=2|x=0.02100861|y=0.04500000|angle=33.75401306|force=0.50051743|ramp_up=0.03768781|hold=0.08707832|ramp_down=0.03404557,A3303,3303,2,2,8,1.133589506149292,0,training,386,2,2,version_1_training,0,3026431988
412590,surface=2|x=0.03677590|y=0.04500000|angle=1.57781875|force=1.06396544|ramp_up=0.02362907|hold=0.05328463|ramp_down=0.03448149,A3223,3223,2,2,8,0.8715094923973083,0,training,387,3,6,version_2_new,1,3026431988
400113,surface=2|x=0.02073941|y=0.04500000|angle=-25.44131660|force=1.03817928|ramp_up=0.04550683|hold=0.14281186|ramp_down=0.03587509,A3125,3125,2,2,8,1.2151252031326294,0,training,388,4,7,version_2_new,1,3026431988
421063,surface=2|x=0.03456461|y=0.04500000|angle=16.06621552|force=1.05460739|ramp_up=0.05840547|hold=0.05798234|ramp_down=0.02470354,A3289,3289,2,2,8,1.634497046470642,0,training,389,5,8,version_2_new,1,3026431988
396402,surface=2|x=0.02378700|y=0.04500000|angle=-35.41455841|force=0.79422784|ramp_up=0.02655995|hold=0.08204758|ramp_down=0.02147845,A3096,3096,2,2,8,1.670241117477417,0,training,390,6,9,version_2_new,1,3026431988
392278,surface=2|x=0.02998363|y=0.04500000|angle=-40.50301361|force=1.06570506|ramp_up=0.02492356|hold=0.14237583|ramp_down=0.02913540,A3064,3064,2,2,8,1.257683277130127,0,training,391,7,10,version_2_new,1,3026431988
388805,surface=2|x=0.02577186|y=0.04500000|angle=-38.21316528|force=0.50799572|ramp_up=0.05243334|hold=0.05657109|ramp_down=0.03274906,A3037,3037,2,2,8,1.4382457733154297,0,training,392,8,11,version_2_new,1,3026431988
415746,surface=2|x=0.02345397|y=0.04500000|angle=21.60785866|force=0.55841386|ramp_up=0.03586148|hold=0.08929062|ramp_down=0.03072666,A3248,3248,2,2,8,1.6197948455810547,0,training,393,9,12,version_2_new,1,3026431988
429784,surface=2|x=0.02767603|y=0.04500000|angle=38.42417145|force=0.56229490|ramp_up=0.03624967|hold=0.11787770|ramp_down=0.03300584,A3357,3357,2,2,8,1.4513534307479858,0,training,394,10,13,version_2_new,1,3026431988
418791,surface=2|x=0.02339216|y=0.04500000|angle=9.78498268|force=0.88186431|ramp_up=0.05996113|hold=0.07293802|ramp_down=0.03274108,A3271,3271,2,2,8,1.5310734510421753,0,training,395,11,14,version_2_new,1,3026431988
427250,surface=2|x=0.02889012|y=0.04500000|angle=28.36422348|force=0.96789420|ramp_up=0.03876784|hold=0.06503499|ramp_down=0.02506615,A3337,3337,2,2,8,1.8535772562026978,1,training,396,0,0,version_1_training,0,3171933138
413838,surface=2|x=0.03464797|y=0.04500000|angle=-11.42317867|force=1.04474974|ramp_up=0.04410757|hold=0.14837389|ramp_down=0.03366260,A3233,3233,2,2,8,1.7680697441101074,1,training,397,1,1,version_1_training,0,3171933138
412543,surface=2|x=0.02955206|y=0.04500000|angle=10.00942707|force=0.86524564|ramp_up=0.02211849|hold=0.05337043|ramp_down=0.02105140,A3222,3222,2,2,8,2.0749576091766357,1,training,398,2,2,version_1_training,0,3171933138
416854,surface=2|x=0.02594285|y=0.04500000|angle=2.85447288|force=0.53680724|ramp_up=0.05527860|hold=0.14345023|ramp_down=0.02833085,A3256,3256,2,2,8,1.9342759847640991,1,training,399,3,6,version_2_new,1,3171933138
392631,surface=2|x=0.01625800|y=0.04500000|angle=-42.81220627|force=1.00464213|ramp_up=0.05225668|hold=0.05258290|ramp_down=0.03074495,A3067,3067,2,2,8,1.9230257272720337,1,training,400,4,7,version_2_new,1,3171933138
405465,surface=2|x=0.03949497|y=0.04500000|angle=-14.41403008|force=0.90898240|ramp_up=0.05757654|hold=0.11562015|ramp_down=0.03505894,A3167,3167,2,2,8,1.7688119411468506,1,training,401,5,8,version_2_new,1,3171933138
409560,surface=2|x=0.02182567|y=0.04500000|angle=-9.44410324|force=0.64111626|ramp_up=0.05211775|hold=0.05571963|ramp_down=0.03838112,A3199,3199,2,2,8,1.8621230125427246,1,training,402,6,9,version_2_new,1,3171933138
419117,surface=2|x=0.02392433|y=0.04500000|angle=9.48554897|force=0.93115079|ramp_up=0.05146273|hold=0.12743199|ramp_down=0.02247508,A3274,3274,2,2,8,1.7533258199691772,1,training,403,7,10,version_2_new,1,3171933138
407982,surface=2|x=0.03803546|y=0.04500000|angle=7.01475286|force=0.55790728|ramp_up=0.03356060|hold=0.07331188|ramp_down=0.03966098,A3187,3187,2,2,8,2.0050809383392334,1,training,404,8,11,version_2_new,1,3171933138
420540,surface=2|x=0.04092459|y=0.04500000|angle=17.40331078|force=1.04606533|ramp_up=0.04351508|hold=0.08647017|ramp_down=0.02264543,A3285,3285,2,2,8,2.047109603881836,1,training,405,9,12,version_2_new,1,3171933138
393920,surface=2|x=0.03743046|y=0.04500000|angle=-40.04922867|force=0.93005508|ramp_up=0.05288796|hold=0.13096803|ramp_down=0.03523251,A3077,3077,2,2,8,1.8103535175323486,1,training,406,10,13,version_2_new,1,3171933138
434320,surface=2|x=0.02917450|y=0.04500000|angle=38.57704163|force=1.02315283|ramp_up=0.05603926|hold=0.09097373|ramp_down=0.03524062,A3393,3393,2,2,8,1.9820091724395752,1,training,407,11,14,version_2_new,1,3171933138
405688,surface=2|x=0.04137327|y=0.04500000|angle=-25.97874641|force=1.00550830|ramp_up=0.02873665|hold=0.05411865|ramp_down=0.02814057,A3169,3169,2,2,8,2.304652690887451,2,training,408,0,0,version_1_training,0,4049553846
423181,surface=2|x=0.02279174|y=0.04500000|angle=21.31571388|force=0.73669249|ramp_up=0.05113468|hold=0.07364019|ramp_down=0.02119267,A3306,3306,2,2,8,2.399153232574463,2,training,409,1,1,version_1_training,0,4049553846
410981,surface=2|x=0.02898478|y=0.04500000|angle=7.67001915|force=1.08527339|ramp_up=0.03345191|hold=0.05951782|ramp_down=0.02254863,A3210,3210,2,2,8,2.303483009338379,2,training,410,2,2,version_1_training,0,4049553846
433089,surface=2|x=0.04032168|y=0.04500000|angle=33.53726578|force=0.70191264|ramp_up=0.05039601|hold=0.13865972|ramp_down=0.03576882,A3383,3383,2,2,8,2.1317036151885986,2,training,411,3,6,version_2_new,1,4049553846
424251,surface=2|x=0.02481685|y=0.04500000|angle=32.76551819|force=0.76514888|ramp_up=0.04100486|hold=0.10222822|ramp_down=0.02010445,A3314,3314,2,2,8,2.1747283935546875,2,training,412,4,7,version_2_new,1,4049553846
418292,surface=2|x=0.02198341|y=0.04500000|angle=15.93682575|force=1.00373387|ramp_up=0.04989996|hold=0.07342328|ramp_down=0.03587745,A3267,3267,2,2,8,2.1038458347320557,2,training,413,5,8,version_2_new,1,4049553846
394881,surface=2|x=0.03249459|y=0.04500000|angle=-25.02317810|force=0.58017671|ramp_up=0.04220089|hold=0.07148832|ramp_down=0.02155751,A3085,3085,2,2,8,2.223102331161499,2,training,414,6,9,version_2_new,1,4049553846
420122,surface=2|x=0.03158765|y=0.04500000|angle=15.07993698|force=0.89721054|ramp_up=0.03614568|hold=0.08232830|ramp_down=0.03253896,A3282,3282,2,2,8,2.2873640060424805,2,training,415,7,10,version_2_new,1,4049553846
390035,surface=2|x=0.01765996|y=0.04500000|angle=-39.15885544|force=1.00288177|ramp_up=0.02360629|hold=0.12371724|ramp_down=0.03972228,A3047,3047,2,2,8,2.0853779315948486,2,training,416,8,11,version_2_new,1,4049553846
401184,surface=2|x=0.02511643|y=0.04500000|angle=-8.49501514|force=0.73351133|ramp_up=0.02946554|hold=0.10953544|ramp_down=0.02265367,A3134,3134,2,2,8,2.0960843563079834,2,training,417,9,12,version_2_new,1,4049553846
394328,surface=2|x=0.03463909|y=0.04500000|angle=-16.89809227|force=0.67087555|ramp_up=0.02992906|hold=0.07926405|ramp_down=0.02009283,A3080,3080,2,2,8,2.473663091659546,2,training,418,10,13,version_2_new,1,4049553846
404803,surface=2|x=0.02801140|y=0.04500000|angle=-18.14452553|force=0.94372964|ramp_up=0.05490063|hold=0.07583967|ramp_down=0.03473992,A3162,3162,2,2,8,2.147672176361084,2,training,419,11,14,version_2_new,1,4049553846
415290,surface=2|x=0.02069411|y=0.04500000|angle=14.06739902|force=0.82617754|ramp_up=0.02280881|hold=0.11411330|ramp_down=0.02899290,A3244,3244,2,2,8,2.8420166969299316,3,training,420,0,0,version_1_training,0,4261106095
396745,surface=2|x=0.03629067|y=0.04500000|angle=-28.91767120|force=1.08688247|ramp_up=0.03601703|hold=0.07885029|ramp_down=0.03755167,A3099,3099,2,2,8,2.682469367980957,3,training,421,1,1,version_1_training,0,4261106095
432371,surface=2|x=0.04240117|y=0.04500000|angle=40.80150604|force=1.08011937|ramp_up=0.04478696|hold=0.11606897|ramp_down=0.02963276,A3377,3377,2,2,8,2.7623085975646973,3,training,422,2,2,version_1_training,0,4261106095
388344,surface=2|x=0.03220395|y=0.04500000|angle=-41.59393311|force=0.64940900|ramp_up=0.04025752|hold=0.05039715|ramp_down=0.02961932,A3033,3033,2,2,8,2.496983289718628,3,training,423,3,6,version_2_new,1,4261106095
409148,surface=2|x=0.01634046|y=0.04500000|angle=3.81118083|force=0.86490458|ramp_up=0.04608903|hold=0.10098005|ramp_down=0.03063592,A3196,3196,2,2,8,3.5145721435546875,3,training,424,4,7,version_2_new,1,4261106095
421761,surface=2|x=0.02746681|y=0.04500000|angle=43.94809341|force=0.62636572|ramp_up=0.03017593|hold=0.08739927|ramp_down=0.03158521,A3295,3295,2,2,8,2.859787940979004,3,training,425,5,8,version_2_new,1,4261106095
405045,surface=2|x=0.01545144|y=0.04500000|angle=-11.20571709|force=0.57356364|ramp_up=0.05626676|hold=0.06204527|ramp_down=0.03028939,A3164,3164,2,2,8,2.641676902770996,3,training,426,6,9,version_2_new,1,4261106095
427633,surface=2|x=0.02999806|y=0.04500000|angle=36.60571289|force=0.93826967|ramp_up=0.02226208|hold=0.14015736|ramp_down=0.03630038,A3340,3340,2,2,8,2.810093879699707,3,training,427,7,10,version_2_new,1,4261106095
409782,surface=2|x=0.01587120|y=0.04500000|angle=-3.18148375|force=1.00915468|ramp_up=0.05707248|hold=0.09162050|ramp_down=0.03913644,A3201,3201,2,2,8,3.5769224166870117,3,training,428,8,11,version_2_new,1,4261106095
414066,surface=2|x=0.03389174|y=0.04500000|angle=-4.95733786|force=0.96439540|ramp_up=0.03799544|hold=0.06013408|ramp_down=0.03137899,A3234,3234,2,2,8,2.760908842086792,3,training,429,9,12,version_2_new,1,4261106095
404366,surface=2|x=0.01790853|y=0.04500000|angle=-30.14097786|force=0.95654756|ramp_up=0.03222309|hold=0.08975475|ramp_down=0.03964516,A3159,3159,2,2,8,2.566816806793213,3,training,430,10,13,version_2_new,1,4261106095
430708,surface=2|x=0.04422953|y=0.04500000|angle=36.12358475|force=0.74040002|ramp_up=0.05048642|hold=0.11810489|ramp_down=0.02306206,A3364,3364,2,2,8,2.7378268241882324,3,training,431,11,14,version_2_new,1,4261106095
469237,surface=3|x=-0.02119921|y=-0.04500000|angle=14.36293125|force=1.01804388|ramp_up=0.04603990|hold=0.14315493|ramp_down=0.03901455,A3665,3665,3,0,9,1.0485527515411377,0,training,432,0,0,version_1_training,0,2214077229
472898,surface=3|x=-0.02273351|y=-0.04500000|angle=27.58336449|force=0.76525402|ramp_up=0.02629992|hold=0.12741716|ramp_down=0.02560382,A3694,3694,3,0,9,1.3852978944778442,0,training,433,1,1,version_1_training,0,2214077229
458601,surface=3|x=-0.03776186|y=-0.04500000|angle=3.01184464|force=0.85117280|ramp_up=0.02826259|hold=0.06787518|ramp_down=0.02011735,A3582,3582,3,0,9,1.318897008895874,0,training,434,2,2,version_1_training,0,2214077229
461122,surface=3|x=-0.03593094|y=-0.04500000|angle=-2.05148292|force=1.08019221|ramp_up=0.02229765|hold=0.11099942|ramp_down=0.03140260,A3602,3602,3,0,9,1.339835524559021,0,training,435,3,6,version_2_new,1,2214077229
475799,surface=3|x=-0.03700046|y=-0.04500000|angle=29.23999977|force=1.08707833|ramp_up=0.05232561|hold=0.11433693|ramp_down=0.03349946,A3717,3717,3,0,9,1.5830819606781006,0,training,436,4,7,version_2_new,1,2214077229
481004,surface=3|x=-0.03439732|y=-0.04500000|angle=41.06011200|force=0.72252339|ramp_up=0.05930921|hold=0.06211939|ramp_down=0.03442823,A3757,3757,3,0,9,1.0857751369476318,0,training,437,5,8,version_2_new,1,2214077229
442515,surface=3|x=-0.01791682|y=-0.04500000|angle=-32.69353867|force=0.58459401|ramp_up=0.02226563|hold=0.07428080|ramp_down=0.03456119,A3457,3457,3,0,9,1.5447858572006226,0,training,438,6,9,version_2_new,1,2214077229
463984,surface=3|x=-0.03543369|y=-0.04500000|angle=12.75695515|force=0.60818082|ramp_up=0.05096100|hold=0.05308802|ramp_down=0.02617285,A3624,3624,3,0,9,1.5292277336120605,0,training,439,7,10,version_2_new,1,2214077229
454006,surface=3|x=-0.02751420|y=-0.04500000|angle=-15.97079182|force=1.02206874|ramp_up=0.02594534|hold=0.05964359|ramp_down=0.03371657,A3546,3546,3,0,9,1.6425143480300903,0,training,440,8,11,version_2_new,1,2214077229
463345,surface=3|x=-0.04253831|y=-0.04500000|angle=14.70804214|force=0.53692472|ramp_up=0.02199267|hold=0.07086980|ramp_down=0.03981011,A3619,3619,3,0,9,1.223832607269287,0,training,441,9,12,version_2_new,1,2214077229
450115,surface=3|x=-0.04141113|y=-0.04500000|angle=-12.51539135|force=0.65669519|ramp_up=0.03510240|hold=0.05042638|ramp_down=0.02202786,A3516,3516,3,0,9,1.4356235265731812,0,training,442,10,13,version_2_new,1,2214077229
457430,surface=3|x=-0.01722150|y=-0.04500000|angle=-6.50581312|force=0.52407324|ramp_up=0.04466495|hold=0.10034610|ramp_down=0.03970938,A3573,3573,3,0,9,1.3124783039093018,0,training,443,11,14,version_2_new,1,2214077229
470304,surface=3|x=-0.03938241|y=-0.04500000|angle=23.77657700|force=0.58061129|ramp_up=0.03129265|hold=0.07385500|ramp_down=0.02218607,A3674,3674,3,0,9,1.9455920457839966,1,training,444,0,0,version_1_training,0,1951628595
447764,surface=3|x=-0.03265123|y=-0.04500000|angle=-29.30758858|force=0.92605126|ramp_up=0.02748025|hold=0.06660480|ramp_down=0.02884605,A3498,3498,3,0,9,2.043450355529785,1,training,445,1,1,version_1_training,0,1951628595
445016,surface=3|x=-0.04018152|y=-0.04500000|angle=-22.84946251|force=0.94840306|ramp_up=0.03039207|hold=0.11653007|ramp_down=0.02147100,A3476,3476,3,0,9,1.9716254472732544,1,training,446,2,2,version_1_training,0,1951628595
441195,surface=3|x=-0.03070207|y=-0.04500000|angle=-33.02147293|force=1.03210592|ramp_up=0.04267337|hold=0.08683433|ramp_down=0.02062532,A3446,3446,3,0,9,1.7636961936950684,1,training,447,3,6,version_2_new,1,1951628595
476435,surface=3|x=-0.02360474|y=-0.04500000|angle=37.57487106|force=1.06288242|ramp_up=0.04786991|hold=0.08285332|ramp_down=0.02951872,A3722,3722,3,0,9,2.0275444984436035,1,training,448,4,7,version_2_new,1,1951628595
451426,surface=3|x=-0.02402422|y=-0.04500000|angle=-5.76987600|force=0.67805338|ramp_up=0.05800607|hold=0.12583655|ramp_down=0.02148643,A3526,3526,3,0,9,2.0194954872131348,1,training,449,5,8,version_2_new,1,1951628595
476749,surface=3|x=-0.02402776|y=-0.04500000|angle=28.94433594|force=0.96547496|ramp_up=0.05385818|hold=0.14952654|ramp_down=0.03252341,A3724,3724,3,0,9,1.7113099098205566,1,training,450,6,9,version_2_new,1,1951628595
468606,surface=3|x=-0.04021803|y=-0.04500000|angle=13.42866325|force=1.07780993|ramp_up=0.02463919|hold=0.05782460|ramp_down=0.02084512,A3660,3660,3,0,9,1.7304513454437256,1,training,451,7,10,version_2_new,1,1951628595
470165,surface=3|x=-0.02862535|y=-0.04500000|angle=34.91899109|force=0.68922663|ramp_up=0.03173569|hold=0.06964613|ramp_down=0.03929584,A3673,3673,3,0,9,2.0074217319488525,1,training,452,8,11,version_2_new,1,1951628595
474996,surface=3|x=-0.02567586|y=-0.04500000|angle=22.88469124|force=1.00661814|ramp_up=0.02397543|hold=0.06518867|ramp_down=0.02720635,A3710,3710,3,0,9,1.9967459440231323,1,training,453,9,12,version_2_new,1,1951628595
480419,surface=3|x=-0.03044947|y=-0.04500000|angle=36.77529144|force=0.79842359|ramp_up=0.03629499|hold=0.12594397|ramp_down=0.03202634,A3753,3753,3,0,9,1.747457504272461,1,training,454,10,13,version_2_new,1,1951628595
459842,surface=3|x=-0.02684490|y=-0.04500000|angle=3.49192691|force=0.94904417|ramp_up=0.02778080|hold=0.14193711|ramp_down=0.02084059,A3592,3592,3,0,9,1.6889299154281616,1,training,455,11,14,version_2_new,1,1951628595
457612,surface=3|x=-0.02271882|y=-0.04500000|angle=-8.75578213|force=0.54035199|ramp_up=0.05201795|hold=0.13391656|ramp_down=0.03006261,A3575,3575,3,0,9,2.1252331733703613,2,training,456,0,0,version_1_training,0,3400390762
461305,surface=3|x=-0.02443292|y=-0.04500000|angle=-0.71741241|force=0.91216218|ramp_up=0.03109917|hold=0.08352234|ramp_down=0.02810789,A3603,3603,3,0,9,2.1898834705352783,2,training,457,1,1,version_1_training,0,3400390762
437852,surface=3|x=-0.03556229|y=-0.04500000|angle=-44.90540314|force=0.99183917|ramp_up=0.02999238|hold=0.09226897|ramp_down=0.02515361,A3420,3420,3,0,9,2.428180694580078,2,training,458,2,2,version_1_training,0,3400390762
442976,surface=3|x=-0.03493888|y=-0.04500000|angle=-24.25197792|force=0.55947745|ramp_up=0.02996409|hold=0.12838849|ramp_down=0.03497422,A3460,3460,3,0,9,2.198955774307251,2,training,459,3,6,version_2_new,1,3400390762
444401,surface=3|x=-0.01736659|y=-0.04500000|angle=-35.63744736|force=0.57240188|ramp_up=0.04751538|hold=0.06629000|ramp_down=0.03410622,A3471,3471,3,0,9,2.287252426147461,2,training,460,4,7,version_2_new,1,3400390762
439091,surface=3|x=-0.04313051|y=-0.04500000|angle=-39.10333633|force=0.93481082|ramp_up=0.04935118|hold=0.11850799|ramp_down=0.02931603,A3430,3430,3,0,9,2.349738359451294,2,training,461,5,8,version_2_new,1,3400390762
459323,surface=3|x=-0.03058160|y=-0.04500000|angle=-6.99430418|force=0.66313690|ramp_up=0.02488339|hold=0.05631773|ramp_down=0.02598704,A3588,3588,3,0,9,2.1002705097198486,2,training,462,6,9,version_2_new,1,3400390762
436476,surface=3|x=-0.04012071|y=-0.04500000|angle=-39.25431061|force=0.70954591|ramp_up=0.04984401|hold=0.05422177|ramp_down=0.02890696,A3409,3409,3,0,9,2.285122871398926,2,training,463,7,10,version_2_new,1,3400390762
436982,surface=3|x=-0.03498789|y=-0.04500000|angle=-36.06473923|force=0.71681833|ramp_up=0.02942514|hold=0.13143227|ramp_down=0.03089602,A3413,3413,3,0,9,2.4734575748443604,2,training,464,8,11,version_2_new,1,3400390762
466492,surface=3|x=-0.04081091|y=-0.04500000|angle=12.78492451|force=0.67880410|ramp_up=0.04016192|hold=0.06048798|ramp_down=0.02797523,A3644,3644,3,0,9,2.0961203575134277,2,training,465,9,12,version_2_new,1,3400390762
470342,surface=3|x=-0.01738352|y=-0.04500000|angle=23.97694588|force=0.67329270|ramp_up=0.02432360|hold=0.06873269|ramp_down=0.02362868,A3674,3674,3,0,9,2.1377317905426025,2,training,466,10,13,version_2_new,1,3400390762
461229,surface=3|x=-0.02030359|y=-0.04500000|angle=-13.23084450|force=0.92496514|ramp_up=0.02451504|hold=0.10655775|ramp_down=0.03875731,A3603,3603,3,0,9,2.275899887084961,2,training,467,11,14,version_2_new,1,3400390762
446438,surface=3|x=-0.03202530|y=-0.04500000|angle=-20.53770256|force=0.51591450|ramp_up=0.05284546|hold=0.05682485|ramp_down=0.02597013,A3487,3487,3,0,9,2.7841708660125732,3,training,468,0,0,version_1_training,0,334194727
445187,surface=3|x=-0.02605999|y=-0.04500000|angle=-41.25880051|force=0.59111786|ramp_up=0.03692700|hold=0.14946024|ramp_down=0.02747684,A3478,3478,3,0,9,2.772442102432251,3,training,469,1,1,version_1_training,0,334194727
442968,surface=3|x=-0.03187435|y=-0.04500000|angle=-25.89721680|force=0.58905703|ramp_up=0.04383104|hold=0.13868079|ramp_down=0.03006823,A3460,3460,3,0,9,2.750497579574585,3,training,470,2,2,version_1_training,0,334194727
438887,surface=3|x=-0.03325493|y=-0.04500000|angle=-36.65243149|force=0.84103489|ramp_up=0.02784223|hold=0.05553556|ramp_down=0.03453813,A3428,3428,3,0,9,2.848813772201538,3,training,471,3,6,version_2_new,1,334194727
457051,surface=3|x=-0.01741241|y=-0.04500000|angle=-2.98840475|force=0.57895756|ramp_up=0.04243137|hold=0.11324541|ramp_down=0.03485637,A3570,3570,3,0,9,3.131495237350464,3,training,472,4,7,version_2_new,1,334194727
465655,surface=3|x=-0.02627164|y=-0.04500000|angle=24.23792648|force=0.50763398|ramp_up=0.02176077|hold=0.09360060|ramp_down=0.02831778,A3637,3637,3,0,9,3.132938861846924,3,training,473,5,8,version_2_new,1,334194727
470965,surface=3|x=-0.04005008|y=-0.04500000|angle=22.81416321|force=0.54012901|ramp_up=0.03569642|hold=0.10100039|ramp_down=0.02991408,A3679,3679,3,0,9,2.6081762313842773,3,training,474,6,9,version_2_new,1,334194727
465144,surface=3|x=-0.03222996|y=-0.04500000|angle=19.21439171|force=0.69663537|ramp_up=0.05180423|hold=0.06178640|ramp_down=0.02656159,A3633,3633,3,0,9,2.621141195297241,3,training,475,7,10,version_2_new,1,334194727
483298,surface=3|x=-0.02522871|y=-0.04500000|angle=39.50095367|force=0.91823554|ramp_up=0.05793738|hold=0.11193471|ramp_down=0.03712902,A3775,3775,3,0,9,2.893019437789917,3,training,476,8,11,version_2_new,1,334194727
461701,surface=3|x=-0.03571910|y=-0.04500000|angle=9.57111359|force=1.01012683|ramp_up=0.05860153|hold=0.05034935|ramp_down=0.03077994,A3607,3607,3,0,9,2.538379430770874,3,training,477,9,12,version_2_new,1,334194727
438200,surface=3|x=-0.02654013|y=-0.04500000|angle=-29.41412544|force=0.98773980|ramp_up=0.02738805|hold=0.09086962|ramp_down=0.03545566,A3423,3423,3,0,9,2.6122777462005615,3,training,478,10,13,version_2_new,1,334194727
475889,surface=3|x=-0.01929189|y=-0.04500000|angle=29.41863441|force=0.78037560|ramp_up=0.03260206|hold=0.10708369|ramp_down=0.02738482,A3717,3717,3,0,9,2.697233200073242,3,training,479,11,14,version_2_new,1,334194727
503565,surface=3|x=0.00572181|y=-0.04500000|angle=-9.46493721|force=1.07906711|ramp_up=0.04352675|hold=0.13240001|ramp_down=0.02315543,A3934,3934,3,1,10,1.1954922676086426,0,training,480,0,0,version_1_training,0,3587916967
486647,surface=3|x=-0.00727181|y=-0.04500000|angle=-43.52557755|force=0.72625935|ramp_up=0.02944105|hold=0.10502050|ramp_down=0.03236237,A3801,3801,3,1,10,1.4248991012573242,0,training,481,1,1,version_1_training,0,3587916967
496177,surface=3|x=-0.00861895|y=-0.04500000|angle=-33.72151184|force=1.01474202|ramp_up=0.04323641|hold=0.07025926|ramp_down=0.02051291,A3876,3876,3,1,10,1.2897732257843018,0,training,482,2,2,version_1_training,0,3587916967
525845,surface=3|x=-0.00917787|y=-0.04500000|angle=44.53983688|force=0.61382419|ramp_up=0.02741712|hold=0.13959095|ramp_down=0.03031506,A4108,4108,3,1,10,1.655733585357666,0,training,483,3,6,version_2_new,1,3587916967
500831,surface=3|x=-0.00259295|y=-0.04500000|angle=-17.34001160|force=1.00414848|ramp_up=0.04371104|hold=0.05952301|ramp_down=0.02237240,A3912,3912,3,1,10,1.5227019786834717,0,training,484,4,7,version_2_new,1,3587916967
497011,surface=3|x=-0.00914625|y=-0.04500000|angle=-30.51227760|force=0.97803974|ramp_up=0.05809806|hold=0.05039297|ramp_down=0.02060813,A3882,3882,3,1,10,1.0381040573120117,0,training,485,5,8,version_2_new,1,3587916967
502332,surface=3|x=0.00227814|y=-0.04500000|angle=-6.64672899|force=1.05661821|ramp_up=0.02107525|hold=0.07017150|ramp_down=0.02553122,A3924,3924,3,1,10,1.5217492580413818,0,training,486,6,9,version_2_new,1,3587916967
496806,surface=3|x=-0.00111665|y=-0.04500000|angle=-24.43683052|force=1.00205445|ramp_up=0.03819544|hold=0.14752905|ramp_down=0.03590416,A3881,3881,3,1,10,1.0918818712234497,0,training,487,7,10,version_2_new,1,3587916967
524536,surface=3|x=0.01382202|y=-0.04500000|angle=33.73900986|force=1.01843405|ramp_up=0.04384338|hold=0.14235130|ramp_down=0.03446802,A4097,4097,3,1,10,1.3930819034576416,0,training,488,8,11,version_2_new,1,3587916967
521485,surface=3|x=0.00819956|y=-0.04500000|angle=20.64850616|force=0.79984063|ramp_up=0.04684355|hold=0.05646365|ramp_down=0.02392203,A4074,4074,3,1,10,1.5945216417312622,0,training,489,9,12,version_2_new,1,3587916967
517987,surface=3|x=0.00252023|y=-0.04500000|angle=6.47650146|force=1.08995676|ramp_up=0.05798138|hold=0.09217707|ramp_down=0.02365293,A4046,4046,3,1,10,1.2634763717651367,0,training,490,10,13,version_2_new,1,3587916967
497972,surface=3|x=0.00135843|y=-0.04500000|angle=-10.67963696|force=0.60186476|ramp_up=0.03012225|hold=0.09214576|ramp_down=0.02568256,A3890,3890,3,1,10,1.4991414546966553,0,training,491,11,14,version_2_new,1,3587916967
514542,surface=3|x=0.00118767|y=-0.04500000|angle=26.78951263|force=0.76915663|ramp_up=0.02691088|hold=0.13936448|ramp_down=0.02996165,A4019,4019,3,1,10,2.0459227561950684,1,training,492,0,0,version_1_training,0,163312383
485855,surface=3|x=0.01060120|y=-0.04500000|angle=-42.08574295|force=0.57805383|ramp_up=0.05880642|hold=0.08266491|ramp_down=0.02757968,A3795,3795,3,1,10,1.7201591730117798,1,training,493,1,1,version_1_training,0,163312383
492764,surface=3|x=0.01106621|y=-0.04500000|angle=-20.22762299|force=0.52738875|ramp_up=0.05101709|hold=0.09535895|ramp_down=0.03835744,A3849,3849,3,1,10,1.7730612754821777,1,training,494,2,2,version_1_training,0,163312383
492407,surface=3|x=-0.00207628|y=-0.04500000|angle=-28.77313042|force=0.60805267|ramp_up=0.04848233|hold=0.05903372|ramp_down=0.03017309,A3846,3846,3,1,10,1.748394250869751,1,training,495,3,6,version_2_new,1,163312383
507145,surface=3|x=0.00366129|y=-0.04500000|angle=-6.30343533|force=0.85166818|ramp_up=0.03070955|hold=0.08127923|ramp_down=0.02975465,A3962,3962,3,1,10,1.882503867149353,1,training,496,4,7,version_2_new,1,163312383
532162,surface=3|x=-0.00363073|y=-0.04500000|angle=35.79795837|force=1.02200627|ramp_up=0.05559265|hold=0.11880023|ramp_down=0.03562901,A4157,4157,3,1,10,1.9434781074523926,1,training,497,5,8,version_2_new,1,163312383
501412,surface=3|x=-0.00060928|y=-0.04500000|angle=-10.93972874|force=0.95239133|ramp_up=0.03101250|hold=0.13253804|ramp_down=0.03230600,A3917,3917,3,1,10,1.7928941249847412,1,training,498,6,9,version_2_new,1,163312383
486342,surface=3|x=-0.00554073|y=-0.04500000|angle=-41.55275726|force=0.98617131|ramp_up=0.02191517|hold=0.08078112|ramp_down=0.03112050,A3799,3799,3,1,10,2.0565104484558105,1,training,499,7,10,version_2_new,1,163312383
522549,surface=3|x=-0.00654275|y=-0.04500000|angle=27.74327660|force=0.58796352|ramp_up=0.05320149|hold=0.11701250|ramp_down=0.02720807,A4082,4082,3,1,10,1.9297237396240234,1,training,500,8,11,version_2_new,1,163312383
498340,surface=3|x=-0.00950630|y=-0.04500000|angle=-20.90576935|force=0.68863779|ramp_up=0.02068613|hold=0.14790791|ramp_down=0.03155875,A3893,3893,3,1,10,1.8241374492645264,1,training,501,9,12,version_2_new,1,163312383
510247,surface=3|x=-0.00080704|y=-0.04500000|angle=-2.56671810|force=1.01828194|ramp_up=0.05146276|hold=0.12510628|ramp_down=0.02503942,A3986,3986,3,1,10,1.730096697807312,1,training,502,10,13,version_2_new,1,163312383
515815,surface=3|x=-0.00670761|y=-0.04500000|angle=15.46996403|force=0.97046983|ramp_up=0.05704057|hold=0.12154846|ramp_down=0.02710974,A4029,4029,3,1,10,1.9968857765197754,1,training,503,11,14,version_2_new,1,163312383
506281,surface=3|x=-0.00035563|y=-0.04500000|angle=-10.64020729|force=0.55325264|ramp_up=0.04705322|hold=0.05339580|ramp_down=0.03241778,A3955,3955,3,1,10,2.099722385406494,2,training,504,0,0,version_1_training,0,832429202
506983,surface=3|x=0.00193837|y=-0.04500000|angle=7.40302277|force=0.90126669|ramp_up=0.03450604|hold=0.05748610|ramp_down=0.03406507,A3960,3960,3,1,10,2.3704352378845215,2,training,505,1,1,version_1_training,0,832429202
485630,surface=3|x=-0.00892434|y=-0.04500000|angle=-33.20032883|force=0.51285982|ramp_up=0.05972760|hold=0.08225227|ramp_down=0.03457084,A3793,3793,3,1,10,2.190067768096924,2,training,506,2,2,version_1_training,0,832429202
502863,surface=3|x=0.01143060|y=-0.04500000|angle=-10.33829021|force=1.01666629|ramp_up=0.03161788|hold=0.11902439|ramp_down=0.03355117,A3928,3928,3,1,10,2.4488699436187744,2,training,507,3,6,version_2_new,1,832429202
515125,surface=3|x=0.00778663|y=-0.04500000|angle=28.94173241|force=0.92439693|ramp_up=0.03569768|hold=0.13127328|ramp_down=0.02948560,A4024,4024,3,1,10,2.4614436626434326,2,training,508,4,7,version_2_new,1,832429202
505218,surface=3|x=-0.01250359|y=-0.04500000|angle=-11.47008324|force=0.56258231|ramp_up=0.02134336|hold=0.13458315|ramp_down=0.03020001,A3947,3947,3,1,10,2.136945962905884,2,training,509,5,8,version_2_new,1,832429202
501368,surface=3|x=-0.01055275|y=-0.04500000|angle=-5.15776634|force=0.79218507|ramp_up=0.03947325|hold=0.13662179|ramp_down=0.03525295,A3916,3916,3,1,10,2.198962926864624,2,training,510,6,9,version_2_new,1,832429202
508565,surface=3|x=0.01397640|y=-0.04500000|angle=-10.96675873|force=0.93170238|ramp_up=0.04581502|hold=0.05736372|ramp_down=0.03997742,A3973,3973,3,1,10,2.4240705966949463,2,training,511,7,10,version_2_new,1,832429202
485634,surface=3|x=0.00419291|y=-0.04500000|angle=-44.43394089|force=0.69348264|ramp_up=0.04432288|hold=0.11498491|ramp_down=0.02064179,A3794,3794,3,1,10,2.137463092803955,2,training,512,8,11,version_2_new,1,832429202
526182,surface=3|x=-0.01018174|y=-0.04500000|angle=35.88308716|force=0.70249152|ramp_up=0.03488201|hold=0.06973228|ramp_down=0.02703403,A4110,4110,3,1,10,2.26725435256958,2,training,513,9,12,version_2_new,1,832429202
484477,surface=3|x=-0.00509811|y=-0.04500000|angle=-42.29422760|force=0.68940103|ramp_up=0.03254657|hold=0.12431724|ramp_down=0.03075009,A3784,3784,3,1,10,2.3717479705810547,2,training,514,10,13,version_2_new,1,832429202
516078,surface=3|x=0.00435852|y=-0.04500000|angle=12.08372784|force=0.70893240|ramp_up=0.05967396|hold=0.10433920|ramp_down=0.03325316,A4031,4031,3,1,10,2.096743106842041,2,training,515,11,14,version_2_new,1,832429202
527782,surface=3|x=0.01449881|y=-0.04500000|angle=36.54522705|force=0.88526529|ramp_up=0.02601169|hold=0.10773207|ramp_down=0.02793940,A4123,4123,3,1,10,3.1107866764068604,3,training,516,0,0,version_1_training,0,4057204396
511791,surface=3|x=-0.01285010|y=-0.04500000|angle=27.80277634|force=0.69996321|ramp_up=0.03131131|hold=0.10193379|ramp_down=0.03240931,A3998,3998,3,1,10,2.872340202331543,3,training,517,1,1,version_1_training,0,4057204396
527007,surface=3|x=0.00203996|y=-0.04500000|angle=36.01537323|force=0.50968021|ramp_up=0.03689464|hold=0.08452791|ramp_down=0.02968654,A4117,4117,3,1,10,3.125296115875244,3,training,518,2,2,version_1_training,0,4057204396
503376,surface=3|x=-0.00660240|y=-0.04500000|angle=-13.87444878|force=0.70692438|ramp_up=0.04610705|hold=0.08263705|ramp_down=0.02413987,A3932,3932,3,1,10,2.8478071689605713,3,training,519,3,6,version_2_new,1,4057204396
486864,surface=3|x=-0.00399133|y=-0.04500000|angle=-39.17227173|force=0.87852675|ramp_up=0.03819263|hold=0.11472686|ramp_down=0.02833420,A3803,3803,3,1,10,2.758619785308838,3,training,520,4,7,version_2_new,1,4057204396
526743,surface=3|x=-0.01174503|y=-0.04500000|angle=38.19669724|force=0.65608460|ramp_up=0.03183776|hold=0.10867235|ramp_down=0.03166078,A4115,4115,3,1,10,2.5715980529785156,3,training,521,5,8,version_2_new,1,4057204396
505071,surface=3|x=-0.00386782|y=-0.04500000|angle=-9.41253567|force=0.56758893|ramp_up=0.03336299|hold=0.05899849|ramp_down=0.03474404,A3945,3945,3,1,10,2.5683271884918213,3,training,522,6,9,version_2_new,1,4057204396
529906,surface=3|x=-0.00580955|y=-0.04500000|angle=37.38691711|force=0.80512822|ramp_up=0.05206788|hold=0.08167087|ramp_down=0.03605246,A4139,4139,3,1,10,3.0719316005706787,3,training,523,7,10,version_2_new,1,4057204396
488513,surface=3|x=0.01155254|y=-0.04500000|angle=-40.25156403|force=1.01961255|ramp_up=0.02027432|hold=0.10020842|ramp_down=0.03081062,A3816,3816,3,1,10,2.5463852882385254,3,training,524,8,11,version_2_new,1,4057204396
522914,surface=3|x=-0.01019837|y=-0.04500000|angle=34.58044052|force=0.64432776|ramp_up=0.05777907|hold=0.08857650|ramp_down=0.02630780,A4085,4085,3,1,10,3.1421236991882324,3,training,525,9,12,version_2_new,1,4057204396
500104,surface=3|x=-0.00782120|y=-0.04500000|angle=4.32993937|force=0.86133873|ramp_up=0.02688075|hold=0.06487453|ramp_down=0.03935152,A3907,3907,3,1,10,2.81306791305542,3,training,526,10,13,version_2_new,1,4057204396
520770,surface=3|x=-0.00273359|y=-0.04500000|angle=26.40415382|force=0.60338974|ramp_up=0.02578496|hold=0.10131676|ramp_down=0.02646857,A4068,4068,3,1,10,2.635838270187378,3,training,527,11,14,version_2_new,1,4057204396
575628,surface=3|x=0.04095403|y=-0.04500000|angle=39.35704803|force=0.53360820|ramp_up=0.05426192|hold=0.08064159|ramp_down=0.03730436,A4497,4497,3,2,11,1.4666650295257568,0,training,528,0,0,version_1_training,0,2218153353
540539,surface=3|x=0.04138554|y=-0.04500000|angle=-29.86503601|force=0.65781271|ramp_up=0.04404505|hold=0.13640361|ramp_down=0.02623309,A4222,4222,3,2,11,1.5909932851791382,0,training,529,1,1,version_1_training,0,2218153353
543322,surface=3|x=0.02471942|y=-0.04500000|angle=-25.98262215|force=0.81624907|ramp_up=0.05590063|hold=0.10835640|ramp_down=0.03382256,A4244,4244,3,2,11,1.6164758205413818,0,training,530,2,2,version_1_training,0,2218153353
558521,surface=3|x=0.02982105|y=-0.04500000|angle=1.28432083|force=1.05318630|ramp_up=0.03103734|hold=0.06226557|ramp_down=0.03099568,A4363,4363,3,2,11,1.4077104330062866,0,training,531,3,6,version_2_new,1,2218153353
541883,surface=3|x=0.04044955|y=-0.04500000|angle=-27.26808167|force=0.76981479|ramp_up=0.03214605|hold=0.11490677|ramp_down=0.03707257,A4233,4233,3,2,11,1.6046754121780396,0,training,532,4,7,version_2_new,1,2218153353
567305,surface=3|x=0.03302090|y=-0.04500000|angle=25.03594208|force=0.64855796|ramp_up=0.02718973|hold=0.13287659|ramp_down=0.02478374,A4432,4432,3,2,11,1.635360598564148,0,training,533,5,8,version_2_new,1,2218153353
568050,surface=3|x=0.02807795|y=-0.04500000|angle=30.35379219|force=0.60498703|ramp_up=0.03628946|hold=0.07938591|ramp_down=0.03543898,A4437,4437,3,2,11,1.2386034727096558,0,training,534,6,9,version_2_new,1,2218153353
539421,surface=3|x=0.03245118|y=-0.04500000|angle=-32.08092880|force=0.58457363|ramp_up=0.02913590|hold=0.08164150|ramp_down=0.02308164,A4214,4214,3,2,11,1.374936580657959,0,training,535,7,10,version_2_new,1,2218153353
573038,surface=3|x=0.03127739|y=-0.04500000|angle=22.35970688|force=1.02485609|ramp_up=0.05307826|hold=0.05023857|ramp_down=0.02854037,A4476,4476,3,2,11,1.5825766324996948,0,training,536,8,11,version_2_new,1,2218153353
564133,surface=3|x=0.03559837|y=-0.04500000|angle=15.18585205|force=0.68075889|ramp_up=0.04858575|hold=0.10559443|ramp_down=0.03629129,A4407,4407,3,2,11,1.5040991306304932,0,training,537,9,12,version_2_new,1,2218153353
546546,surface=3|x=0.02440143|y=-0.04500000|angle=-5.75872660|force=0.55809593|ramp_up=0.02175947|hold=0.10277441|ramp_down=0.03587606,A4269,4269,3,2,11,1.421582579612732,0,training,538,10,13,version_2_new,1,2218153353
580469,surface=3|x=0.02518063|y=-0.04500000|angle=44.63510895|force=1.02762628|ramp_up=0.05534441|hold=0.14118497|ramp_down=0.02571619,A4534,4534,3,2,11,1.003102421760559,0,training,539,11,14,version_2_new,1,2218153353
578658,surface=3|x=0.02909968|y=-0.04500000|angle=39.19641876|force=1.01009452|ramp_up=0.02916342|hold=0.07595140|ramp_down=0.02711104,A4520,4520,3,2,11,1.7978650331497192,1,training,540,0,0,version_1_training,0,1729027044
553232,surface=3|x=0.01722346|y=-0.04500000|angle=-6.20421934|force=0.64613324|ramp_up=0.03042076|hold=0.09043511|ramp_down=0.02661320,A4322,4322,3,2,11,2.0071303844451904,1,training,541,1,1,version_1_training,0,1729027044
579255,surface=3|x=0.02016790|y=-0.04500000|angle=39.12699509|force=0.96745872|ramp_up=0.04734479|hold=0.06371586|ramp_down=0.03275293,A4525,4525,3,2,11,1.7858507633209229,1,training,542,2,2,version_1_training,0,1729027044
543811,surface=3|x=0.02813655|y=-0.04500000|angle=-23.10764503|force=1.03257728|ramp_up=0.02417395|hold=0.07025981|ramp_down=0.03407799,A4248,4248,3,2,11,1.9684633016586304,1,training,543,3,6,version_2_new,1,1729027044
573723,surface=3|x=0.02392784|y=-0.04500000|angle=39.61905670|force=0.55333108|ramp_up=0.03194045|hold=0.06884625|ramp_down=0.02326018,A4482,4482,3,2,11,1.7045084238052368,1,training,544,4,7,version_2_new,1,1729027044
555485,surface=3|x=0.04230277|y=-0.04500000|angle=-1.99876940|force=0.81151915|ramp_up=0.02699051|hold=0.06986440|ramp_down=0.02819628,A4339,4339,3,2,11,1.8063569068908691,1,training,545,5,8,version_2_new,1,1729027044
541108,surface=3|x=0.01926989|y=-0.04500000|angle=-22.04370880|force=0.59472728|ramp_up=0.04715036|hold=0.09705015|ramp_down=0.03516094,A4227,4227,3,2,11,1.9837143421173096,1,training,546,6,9,version_2_new,1,1729027044
548528,surface=3|x=0.04107265|y=-0.04500000|angle=-13.58761311|force=0.80361599|ramp_up=0.03502741|hold=0.06093441|ramp_down=0.03413652,A4285,4285,3,2,11,1.8369221687316895,1,training,547,7,10,version_2_new,1,1729027044
579754,surface=3|x=0.03498357|y=-0.04500000|angle=43.36134720|force=0.86755377|ramp_up=0.03491638|hold=0.14272647|ramp_down=0.03058298,A4529,4529,3,2,11,1.946635365486145,1,training,548,8,11,version_2_new,1,1729027044
569238,surface=3|x=0.03783044|y=-0.04500000|angle=36.78554916|force=0.97205502|ramp_up=0.02571409|hold=0.06403906|ramp_down=0.03117599,A4447,4447,3,2,11,1.9563349485397339,1,training,549,9,12,version_2_new,1,1729027044
565718,surface=3|x=0.03238133|y=-0.04500000|angle=10.60618687|force=1.02942181|ramp_up=0.04137267|hold=0.07026834|ramp_down=0.02969943,A4419,4419,3,2,11,1.7561373710632324,1,training,550,10,13,version_2_new,1,1729027044
561676,surface=3|x=0.02213800|y=-0.04500000|angle=15.35035992|force=0.65733802|ramp_up=0.05239907|hold=0.08126865|ramp_down=0.03029941,A4388,4388,3,2,11,1.891304612159729,1,training,551,11,14,version_2_new,1,1729027044
556713,surface=3|x=0.03500884|y=-0.04500000|angle=-10.44313526|force=0.85168087|ramp_up=0.05886724|hold=0.14507087|ramp_down=0.03751096,A4349,4349,3,2,11,2.4144551753997803,2,training,552,0,0,version_1_training,0,3435190084
551670,surface=3|x=0.03831085|y=-0.04500000|angle=-21.74766159|force=0.92841113|ramp_up=0.03281457|hold=0.05726048|ramp_down=0.02218531,A4309,4309,3,2,11,2.4898319244384766,2,training,553,1,1,version_1_training,0,3435190084
574474,surface=3|x=0.02315527|y=-0.04500000|angle=42.70062637|force=0.66241789|ramp_up=0.03092254|hold=0.07907524|ramp_down=0.03300361,A4488,4488,3,2,11,2.311314582824707,2,training,554,2,2,version_1_training,0,3435190084
568174,surface=3|x=0.02102272|y=-0.04500000|angle=34.82900238|force=0.72095615|ramp_up=0.03614011|hold=0.13999031|ramp_down=0.03369696,A4438,4438,3,2,11,2.264500856399536,2,training,555,3,6,version_2_new,1,3435190084
565977,surface=3|x=0.02755103|y=-0.04500000|angle=16.77568626|force=1.00323272|ramp_up=0.04533066|hold=0.11248779|ramp_down=0.02273541,A4421,4421,3,2,11,2.4525842666625977,2,training,556,4,7,version_2_new,1,3435190084
565696,surface=3|x=0.02528542|y=-0.04500000|angle=9.75437546|force=0.81850564|ramp_up=0.04071487|hold=0.11073903|ramp_down=0.03096025,A4419,4419,3,2,11,2.2619707584381104,2,training,557,5,8,version_2_new,1,3435190084
537008,surface=3|x=0.02804580|y=-0.04500000|angle=-39.76068497|force=1.02807641|ramp_up=0.03304409|hold=0.07549542|ramp_down=0.02773700,A4195,4195,3,2,11,2.2316389083862305,2,training,558,6,9,version_2_new,1,3435190084
552106,surface=3|x=0.01604159|y=-0.04500000|angle=-10.15154076|force=1.00549352|ramp_up=0.05657586|hold=0.13894330|ramp_down=0.03903326,A4313,4313,3,2,11,2.1525216102600098,2,training,559,7,10,version_2_new,1,3435190084
555861,surface=3|x=0.02373810|y=-0.04500000|angle=15.76034260|force=0.67532510|ramp_up=0.02042523|hold=0.14493775|ramp_down=0.02157910,A4342,4342,3,2,11,2.3127148151397705,2,training,560,8,11,version_2_new,1,3435190084
550600,surface=3|x=0.03593910|y=-0.04500000|angle=-20.59395027|force=0.87874901|ramp_up=0.05566589|hold=0.13260067|ramp_down=0.02303134,A4301,4301,3,2,11,2.130791425704956,2,training,561,9,12,version_2_new,1,3435190084
561978,surface=3|x=0.02953444|y=-0.04500000|angle=12.78993034|force=0.56194496|ramp_up=0.03890293|hold=0.13242824|ramp_down=0.02317771,A4390,4390,3,2,11,2.303086280822754,2,training,562,10,13,version_2_new,1,3435190084
560445,surface=3|x=0.04136676|y=-0.04500000|angle=24.48920059|force=0.63637811|ramp_up=0.02935273|hold=0.13417031|ramp_down=0.02401107,A4378,4378,3,2,11,2.1067049503326416,2,training,563,11,14,version_2_new,1,3435190084
539114,surface=3|x=0.03440839|y=-0.04500000|angle=-32.07703018|force=1.04341149|ramp_up=0.03908081|hold=0.12818609|ramp_down=0.02725695,A4211,4211,3,2,11,3.1557841300964355,3,training,564,0,0,version_1_training,0,1758725110
533952,surface=3|x=0.02907211|y=-0.04500000|angle=-42.96455765|force=0.87129396|ramp_up=0.05507110|hold=0.07267414|ramp_down=0.03706677,A4171,4171,3,2,11,2.712217092514038,3,training,565,1,1,version_1_training,0,1758725110
578704,surface=3|x=0.03999169|y=-0.04500000|angle=34.64730835|force=0.96387583|ramp_up=0.02803779|hold=0.11455209|ramp_down=0.02227377,A4521,4521,3,2,11,2.701798915863037,3,training,566,2,2,version_1_training,0,1758725110
568771,surface=3|x=0.04454359|y=-0.04500000|angle=33.60104370|force=0.76666391|ramp_up=0.04717811|hold=0.11380051|ramp_down=0.03723166,A4443,4443,3,2,11,2.521191120147705,3,training,567,3,6,version_2_new,1,1758725110
564541,surface=3|x=0.03802238|y=-0.04500000|angle=22.41073799|force=0.94615245|ramp_up=0.02338712|hold=0.11032852|ramp_down=0.02266997,A4410,4410,3,2,11,2.8850643634796143,3,training,568,4,7,version_2_new,1,1758725110
541140,surface=3|x=0.01848205|y=-0.04500000|angle=-10.56537914|force=0.50330389|ramp_up=0.05006368|hold=0.12782627|ramp_down=0.03147712,A4227,4227,3,2,11,3.20272159576416,3,training,569,5,8,version_2_new,1,1758725110
543150,surface=3|x=0.02274728|y=-0.04500000|angle=-43.33759689|force=0.64354932|ramp_up=0.04475979|hold=0.08257456|ramp_down=0.03644813,A4243,4243,3,2,11,2.9378089904785156,3,training,570,6,9,version_2_new,1,1758725110
553209,surface=3|x=0.03108328|y=-0.04500000|angle=-17.07012177|force=0.57574213|ramp_up=0.02260261|hold=0.08347669|ramp_down=0.02801479,A4321,4321,3,2,11,2.9559648036956787,3,training,571,7,10,version_2_new,1,1758725110
544280,surface=3|x=0.03683226|y=-0.04500000|angle=-41.03126526|force=0.78651333|ramp_up=0.02381721|hold=0.14117526|ramp_down=0.02727425,A4252,4252,3,2,11,2.745543956756592,3,training,572,8,11,version_2_new,1,1758725110
553645,surface=3|x=0.02608234|y=-0.04500000|angle=-3.36952424|force=0.71512967|ramp_up=0.02252895|hold=0.10288872|ramp_down=0.02067005,A4325,4325,3,2,11,3.11103892326355,3,training,573,9,12,version_2_new,1,1758725110
537032,surface=3|x=0.02386535|y=-0.04500000|angle=-39.19687653|force=0.97876662|ramp_up=0.02359801|hold=0.09686234|ramp_down=0.02085870,A4195,4195,3,2,11,2.9540228843688965,3,training,574,10,13,version_2_new,1,1758725110
571951,surface=3|x=0.02415422|y=-0.04500000|angle=30.60351944|force=0.70342422|ramp_up=0.02127730|hold=0.12749115|ramp_down=0.03197388,A4468,4468,3,2,11,3.0673978328704834,3,training,575,11,14,version_2_new,1,1758725110
8104,surface=0|x=0.04500000|y=-0.02196182|angle=-31.52713776|force=0.50690430|ramp_up=0.03342745|hold=0.07181033|ramp_down=0.03744733,A0063,63,0,0,0,1.4489107131958008,0,validation,0,0,15,version_2_fresh,1,2968811710
38896,surface=0|x=0.04500000|y=-0.02134099|angle=32.79042053|force=0.95388776|ramp_up=0.05892792|hold=0.11399107|ramp_down=0.03303374,A0303,303,0,0,0,1.5277934074401855,0,validation,1,1,16,version_2_fresh,1,2968811710
36159,surface=0|x=0.04500000|y=-0.04133091|angle=23.43177414|force=0.55753988|ramp_up=0.05836217|hold=0.06601703|ramp_down=0.02115539,A0282,282,0,0,0,1.3911782503128052,0,validation,2,2,17,version_2_fresh,1,2968811710
42560,surface=0|x=0.04500000|y=-0.02396133|angle=36.48144913|force=0.51714170|ramp_up=0.04442027|hold=0.10290031|ramp_down=0.02537893,A0332,332,0,0,0,1.4011998176574707,0,validation,3,3,18,version_2_fresh,1,2968811710
738,surface=0|x=0.04500000|y=-0.04002814|angle=-39.26118088|force=0.50990003|ramp_up=0.03287181|hold=0.14537507|ramp_down=0.02865173,A0005,5,0,0,0,2.0039188861846924,1,validation,4,0,15,version_2_fresh,1,3831201730
28395,surface=0|x=0.04500000|y=-0.01658510|angle=10.43211937|force=0.72548568|ramp_up=0.02162698|hold=0.13510223|ramp_down=0.03610243,A0221,221,0,0,0,1.9909741878509521,1,validation,5,1,16,version_2_fresh,1,3831201730
13842,surface=0|x=0.04500000|y=-0.02766597|angle=-2.66482449|force=0.55598819|ramp_up=0.02724414|hold=0.06846980|ramp_down=0.02088226,A0108,108,0,0,0,1.9866830110549927,1,validation,6,2,17,version_2_fresh,1,3831201730
41374,surface=0|x=0.04500000|y=-0.01848980|angle=35.18319702|force=1.00427985|ramp_up=0.05844416|hold=0.14314669|ramp_down=0.02882270,A0323,323,0,0,0,1.679976463317871,1,validation,7,3,18,version_2_fresh,1,3831201730
26700,surface=0|x=0.04500000|y=-0.02833809|angle=3.00223136|force=1.06987798|ramp_up=0.03778217|hold=0.10874006|ramp_down=0.03369764,A0208,208,0,0,0,2.2050154209136963,2,validation,8,0,15,version_2_fresh,1,2926792190
35103,surface=0|x=0.04500000|y=-0.02572771|angle=24.60688019|force=0.58004528|ramp_up=0.02648209|hold=0.10151416|ramp_down=0.02966061,A0274,274,0,0,0,2.449044942855835,2,validation,9,1,16,version_2_fresh,1,2926792190
3352,surface=0|x=0.04500000|y=-0.01576935|angle=-44.54938889|force=0.85182434|ramp_up=0.03665377|hold=0.13308439|ramp_down=0.03582381,A0026,26,0,0,0,2.3216917514801025,2,validation,10,2,17,version_2_fresh,1,2926792190
44283,surface=0|x=0.04500000|y=-0.03121306|angle=34.00421524|force=0.68951166|ramp_up=0.02176489|hold=0.12032286|ramp_down=0.02462479,A0345,345,0,0,0,2.3988571166992188,2,validation,11,3,18,version_2_fresh,1,2926792190
14586,surface=0|x=0.04500000|y=-0.03035786|angle=-1.45106494|force=0.52630895|ramp_up=0.03215218|hold=0.11123379|ramp_down=0.03135434,A0113,113,0,0,0,2.814889430999756,3,validation,12,0,15,version_2_fresh,1,198478470
11670,surface=0|x=0.04500000|y=-0.02810958|angle=-22.26262856|force=0.97931564|ramp_up=0.03654160|hold=0.08519957|ramp_down=0.03354476,A0091,91,0,0,0,2.6197073459625244,3,validation,13,1,16,version_2_fresh,1,198478470
37059,surface=0|x=0.04500000|y=-0.02395883|angle=28.30690002|force=0.78918302|ramp_up=0.04609265|hold=0.06647921|ramp_down=0.03545961,A0289,289,0,0,0,2.768986225128174,3,validation,14,2,17,version_2_fresh,1,198478470
20973,surface=0|x=0.04500000|y=-0.02036428|angle=13.14472198|force=0.56165802|ramp_up=0.03409872|hold=0.07707697|ramp_down=0.02104498,A0163,163,0,0,0,3.225996732711792,3,validation,15,3,18,version_2_fresh,1,198478470
94412,surface=0|x=0.04500000|y=-0.01187832|angle=42.31666946|force=0.76009220|ramp_up=0.05638169|hold=0.13612039|ramp_down=0.03009662,A0737,737,0,1,1,1.4985977411270142,0,validation,16,0,15,version_2_fresh,1,3964924996
56551,surface=0|x=0.04500000|y=0.00835784|angle=-26.34414673|force=0.64124286|ramp_up=0.03799034|hold=0.11275977|ramp_down=0.03913420,A0441,441,0,1,1,1.3202625513076782,0,validation,17,1,16,version_2_fresh,1,3964924996
57285,surface=0|x=0.04500000|y=-0.00007319|angle=-27.54198265|force=0.53541619|ramp_up=0.04904649|hold=0.11576903|ramp_down=0.03897930,A0447,447,0,1,1,1.3308842182159424,0,validation,18,2,17,version_2_fresh,1,3964924996
57342,surface=0|x=0.04500000|y=-0.00914606|angle=-31.76512909|force=0.63242441|ramp_up=0.05480761|hold=0.09555165|ramp_down=0.03912540,A0447,447,0,1,1,1.2310466766357422,0,validation,19,3,18,version_2_fresh,1,3964924996
93555,surface=0|x=0.04500000|y=0.01144864|angle=44.22010040|force=0.81593013|ramp_up=0.02928557|hold=0.13387118|ramp_down=0.02895559,A0730,730,0,1,1,1.7236210107803345,1,validation,20,0,15,version_2_fresh,1,901243215
61337,surface=0|x=0.04500000|y=0.01374139|angle=-21.61934853|force=1.03650689|ramp_up=0.03397569|hold=0.14901710|ramp_down=0.02899838,A0479,479,0,1,1,1.9600639343261719,1,validation,21,1,16,version_2_fresh,1,901243215
61004,surface=0|x=0.04500000|y=0.00249503|angle=-30.32144737|force=1.09741557|ramp_up=0.03222595|hold=0.06126357|ramp_down=0.02068304,A0476,476,0,1,1,1.7434571981430054,1,validation,22,2,17,version_2_fresh,1,901243215
71568,surface=0|x=0.04500000|y=0.01195989|angle=6.93593073|force=1.00752509|ramp_up=0.02441611|hold=0.05429501|ramp_down=0.03821086,A0559,559,0,1,1,1.913527011871338,1,validation,23,3,18,version_2_fresh,1,901243215
81336,surface=0|x=0.04500000|y=-0.00768904|angle=15.80750847|force=0.89579362|ramp_up=0.02511040|hold=0.13456009|ramp_down=0.02484171,A0635,635,0,1,1,2.2512269020080566,2,validation,24,0,15,version_2_fresh,1,3884055042
55042,surface=0|x=0.04500000|y=0.00248167|angle=-39.02169037|force=1.01364732|ramp_up=0.04540547|hold=0.12679695|ramp_down=0.03146259,A0430,430,0,1,1,2.3020620346069336,2,validation,25,1,16,version_2_fresh,1,3884055042
54874,surface=0|x=0.04500000|y=-0.00163425|angle=-32.82397842|force=0.93460065|ramp_up=0.05370706|hold=0.08950078|ramp_down=0.03154454,A0428,428,0,1,1,2.401777982711792,2,validation,26,2,17,version_2_fresh,1,3884055042
57020,surface=0|x=0.04500000|y=0.00583176|angle=-29.92428780|force=0.67842185|ramp_up=0.05261870|hold=0.09955946|ramp_down=0.03749059,A0445,445,0,1,1,2.470576047897339,2,validation,27,3,18,version_2_fresh,1,3884055042
90845,surface=0|x=0.04500000|y=-0.00462036|angle=31.88541412|force=0.61606961|ramp_up=0.04583138|hold=0.09440477|ramp_down=0.03031692,A0709,709,0,1,1,2.8607354164123535,3,validation,28,0,15,version_2_fresh,1,1680122868
56825,surface=0|x=0.04500000|y=-0.00136993|angle=-8.25473595|force=0.62902105|ramp_up=0.05300491|hold=0.10626673|ramp_down=0.03917339,A0443,443,0,1,1,3.729985237121582,3,validation,29,1,16,version_2_fresh,1,1680122868
80528,surface=0|x=0.04500000|y=-0.00164124|angle=9.24215126|force=0.56999540|ramp_up=0.05927719|hold=0.09725369|ramp_down=0.02832764,A0629,629,0,1,1,2.9617061614990234,3,validation,30,2,17,version_2_fresh,1,1680122868
80316,surface=0|x=0.04500000|y=0.01429223|angle=8.70093346|force=0.68197721|ramp_up=0.04968296|hold=0.14042470|ramp_down=0.02404645,A0627,627,0,1,1,2.908015012741089,3,validation,31,3,18,version_2_fresh,1,1680122868
144090,surface=0|x=0.04500000|y=0.02648402|angle=39.87263489|force=0.96916503|ramp_up=0.04361788|hold=0.09438721|ramp_down=0.02919990,A1125,1125,0,2,2,1.621982455253601,0,validation,32,0,15,version_2_fresh,1,3141116543
111176,surface=0|x=0.04500000|y=0.03012765|angle=-15.37811184|force=0.51522893|ramp_up=0.03098315|hold=0.14859395|ramp_down=0.02865843,A0868,868,0,2,2,1.4043023586273193,0,validation,33,1,16,version_2_fresh,1,3141116543
123731,surface=0|x=0.04500000|y=0.02706731|angle=-0.96730006|force=1.05417562|ramp_up=0.05357608|hold=0.05767579|ramp_down=0.03061554,A0966,966,0,2,2,1.334923267364502,0,validation,34,2,17,version_2_fresh,1,3141116543
135927,surface=0|x=0.04500000|y=0.03041307|angle=36.07215500|force=0.93199831|ramp_up=0.05107683|hold=0.14655587|ramp_down=0.03679933,A1061,1061,0,2,2,1.5324084758758545,0,validation,35,3,18,version_2_fresh,1,3141116543
97201,surface=0|x=0.04500000|y=0.04063860|angle=-41.00312424|force=0.58404309|ramp_up=0.03128256|hold=0.10859674|ramp_down=0.03412624,A0759,759,0,2,2,1.6843876838684082,1,validation,36,0,15,version_2_fresh,1,1961547765
138689,surface=0|x=0.04500000|y=0.03747317|angle=37.87212372|force=0.65628564|ramp_up=0.03073266|hold=0.09050153|ramp_down=0.03580649,A1083,1083,0,2,2,1.9259065389633179,1,validation,37,1,16,version_2_fresh,1,1961547765
118070,surface=0|x=0.04500000|y=0.03637292|angle=0.15748908|force=0.66338122|ramp_up=0.02415724|hold=0.14346880|ramp_down=0.03302977,A0922,922,0,2,2,1.8182817697525024,1,validation,38,2,17,version_2_fresh,1,1961547765
130782,surface=0|x=0.04500000|y=0.02002475|angle=25.50256729|force=0.94412708|ramp_up=0.05857581|hold=0.06823430|ramp_down=0.03962468,A1021,1021,0,2,2,2.0091590881347656,1,validation,39,3,18,version_2_fresh,1,1961547765
118226,surface=0|x=0.04500000|y=0.02826746|angle=12.12448215|force=0.55054748|ramp_up=0.02305121|hold=0.11209149|ramp_down=0.03187085,A0923,923,0,2,2,2.4069700241088867,2,validation,40,0,15,version_2_fresh,1,1425400168
127580,surface=0|x=0.04500000|y=0.02776714|angle=25.34942055|force=0.82783318|ramp_up=0.02863681|hold=0.05032852|ramp_down=0.03427628,A0996,996,0,2,2,2.300063371658325,2,validation,41,1,16,version_2_fresh,1,1425400168
109378,surface=0|x=0.04500000|y=0.02317453|angle=-18.61151695|force=1.07835162|ramp_up=0.05019675|hold=0.08419735|ramp_down=0.02738306,A0854,854,0,2,2,2.1255605220794678,2,validation,42,2,17,version_2_fresh,1,1425400168
127477,surface=0|x=0.04500000|y=0.04371139|angle=15.15796185|force=0.74607688|ramp_up=0.02371306|hold=0.13914202|ramp_down=0.02182200,A0995,995,0,2,2,2.1438605785369873,2,validation,43,3,18,version_2_fresh,1,1425400168
109818,surface=0|x=0.04500000|y=0.02822908|angle=-22.27497864|force=0.79389298|ramp_up=0.04924065|hold=0.11925336|ramp_down=0.02336141,A0857,857,0,2,2,3.2209079265594482,3,validation,44,0,15,version_2_fresh,1,3842683572
133020,surface=0|x=0.04500000|y=0.03981342|angle=21.22694016|force=0.80813104|ramp_up=0.04675447|hold=0.05612264|ramp_down=0.02093271,A1039,1039,0,2,2,3.386164426803589,3,validation,45,1,16,version_2_fresh,1,3842683572
135576,surface=0|x=0.04500000|y=0.04111850|angle=16.92735481|force=0.60549212|ramp_up=0.05279816|hold=0.07294210|ramp_down=0.03288426,A1059,1059,0,2,2,2.732294797897339,3,validation,46,2,17,version_2_fresh,1,3842683572
136121,surface=0|x=0.04500000|y=0.03047410|angle=42.29968262|force=0.72609973|ramp_up=0.02062533|hold=0.06006596|ramp_down=0.03552442,A1063,1063,0,2,2,3.044699192047119,3,validation,47,3,18,version_2_fresh,1,3842683572
177039,surface=1|x=-0.04500000|y=-0.01613714|angle=18.55531502|force=0.93797463|ramp_up=0.05439325|hold=0.11135788|ramp_down=0.03673914,A1383,1383,1,0,3,1.5975053310394287,0,validation,48,0,15,version_2_fresh,1,2613022947
150812,surface=1|x=-0.04500000|y=-0.03739328|angle=-43.35324478|force=0.97015578|ramp_up=0.04799204|hold=0.10598686|ramp_down=0.02659966,A1178,1178,1,0,3,1.473800778388977,0,validation,49,1,16,version_2_fresh,1,2613022947
162988,surface=1|x=-0.04500000|y=-0.03592786|angle=-11.25267982|force=0.82465863|ramp_up=0.04749968|hold=0.05988535|ramp_down=0.03451197,A1273,1273,1,0,3,1.5661927461624146,0,validation,50,2,17,version_2_fresh,1,2613022947
146638,surface=1|x=-0.04500000|y=-0.02016820|angle=-42.14904785|force=0.62435418|ramp_up=0.04310919|hold=0.12596034|ramp_down=0.03310268,A1145,1145,1,0,3,1.6608589887619019,0,validation,51,3,18,version_2_fresh,1,2613022947
171246,surface=1|x=-0.04500000|y=-0.02485504|angle=3.07405353|force=1.05888939|ramp_up=0.02126863|hold=0.12113502|ramp_down=0.02842504,A1337,1337,1,0,3,1.7463531494140625,1,validation,52,0,15,version_2_fresh,1,3679268941
188402,surface=1|x=-0.04500000|y=-0.02648911|angle=40.04854202|force=0.54807657|ramp_up=0.04330739|hold=0.05028204|ramp_down=0.03132631,A1471,1471,1,0,3,2.032794952392578,1,validation,53,1,16,version_2_fresh,1,3679268941
172841,surface=1|x=-0.04500000|y=-0.01848544|angle=22.36845207|force=0.51956087|ramp_up=0.02842062|hold=0.07207136|ramp_down=0.02803286,A1350,1350,1,0,3,1.9249075651168823,1,validation,54,2,17,version_2_fresh,1,3679268941
146772,surface=1|x=-0.04500000|y=-0.04193088|angle=-44.43287277|force=0.53270280|ramp_up=0.05177415|hold=0.05724389|ramp_down=0.03174838,A1146,1146,1,0,3,1.681293249130249,1,validation,55,3,18,version_2_fresh,1,3679268941
181903,surface=1|x=-0.04500000|y=-0.03930995|angle=27.83501244|force=0.65842038|ramp_up=0.05039626|hold=0.12146187|ramp_down=0.03051580,A1421,1421,1,0,3,2.1699936389923096,2,validation,56,0,15,version_2_fresh,1,3170341645
192867,surface=1|x=-0.04500000|y=-0.04124884|angle=33.92118073|force=1.09989095|ramp_up=0.04754602|hold=0.05396910|ramp_down=0.03070949,A1506,1506,1,0,3,2.338287115097046,2,validation,57,1,16,version_2_fresh,1,3170341645
156706,surface=1|x=-0.04500000|y=-0.04458718|angle=-27.73119736|force=1.06813860|ramp_up=0.03372158|hold=0.08670629|ramp_down=0.03054951,A1224,1224,1,0,3,2.496767044067383,2,validation,58,2,17,version_2_fresh,1,3170341645
168078,surface=1|x=-0.04500000|y=-0.02290389|angle=2.92697763|force=0.52797335|ramp_up=0.05043053|hold=0.10720529|ramp_down=0.03599475,A1313,1313,1,0,3,2.1017305850982666,2,validation,59,3,18,version_2_fresh,1,3170341645
158820,surface=1|x=-0.04500000|y=-0.03236013|angle=-15.73665810|force=0.94855523|ramp_up=0.05293021|hold=0.10301232|ramp_down=0.03322910,A1240,1240,1,0,3,3.231614828109741,3,validation,60,0,15,version_2_fresh,1,2997468713
158705,surface=1|x=-0.04500000|y=-0.04280434|angle=-40.15505981|force=0.96066469|ramp_up=0.05559444|hold=0.09296933|ramp_down=0.02105525,A1239,1239,1,0,3,2.6994597911834717,3,validation,61,1,16,version_2_fresh,1,2997468713
182252,surface=1|x=-0.04500000|y=-0.01819034|angle=25.96155930|force=0.69437039|ramp_up=0.03989206|hold=0.08234064|ramp_down=0.03623779,A1423,1423,1,0,3,2.6791117191314697,3,validation,62,2,17,version_2_fresh,1,2997468713
176837,surface=1|x=-0.04500000|y=-0.03017752|angle=25.22690964|force=0.65612984|ramp_up=0.05766823|hold=0.10275511|ramp_down=0.03509667,A1381,1381,1,0,3,2.7435762882232666,3,validation,63,3,18,version_2_fresh,1,2997468713
213142,surface=1|x=-0.04500000|y=0.00357946|angle=-13.68480492|force=0.94818908|ramp_up=0.04775452|hold=0.09279411|ramp_down=0.03558151,A1665,1665,1,1,4,1.4112486839294434,0,validation,64,0,15,version_2_fresh,1,1874364848
199921,surface=1|x=-0.04500000|y=-0.01299256|angle=-38.73891068|force=1.05700445|ramp_up=0.05848150|hold=0.07301104|ramp_down=0.03639387,A1561,1561,1,1,4,1.5904829502105713,0,validation,65,1,16,version_2_fresh,1,1874364848
207281,surface=1|x=-0.04500000|y=-0.00205992|angle=-30.80095482|force=1.09662557|ramp_up=0.05818088|hold=0.12563331|ramp_down=0.03883337,A1619,1619,1,1,4,1.0136317014694214,0,validation,66,2,17,version_2_fresh,1,1874364848
210601,surface=1|x=-0.04500000|y=0.00051819|angle=-16.03588867|force=0.76542997|ramp_up=0.04168006|hold=0.06060529|ramp_down=0.03287543,A1645,1645,1,1,4,0.8883476853370667,0,validation,67,3,18,version_2_fresh,1,1874364848
214580,surface=1|x=-0.04500000|y=0.00341726|angle=-2.01224327|force=0.70571685|ramp_up=0.02427249|hold=0.06955016|ramp_down=0.02736220,A1676,1676,1,1,4,2.0525152683258057,1,validation,68,0,15,version_2_fresh,1,2040376534
194583,surface=1|x=-0.04500000|y=-0.00552315|angle=-38.91986084|force=0.50971985|ramp_up=0.03912559|hold=0.07244492|ramp_down=0.03454345,A1520,1520,1,1,4,2.0333728790283203,1,validation,69,1,16,version_2_fresh,1,2040376534
241362,surface=1|x=-0.04500000|y=-0.00531276|angle=43.25193024|force=0.93779778|ramp_up=0.05485417|hold=0.06858943|ramp_down=0.03198244,A1885,1885,1,1,4,1.676185965538025,1,validation,70,2,17,version_2_fresh,1,2040376534
234666,surface=1|x=-0.04500000|y=0.00422643|angle=25.91654968|force=0.87746125|ramp_up=0.05595345|hold=0.12187116|ramp_down=0.03940585,A1833,1833,1,1,4,1.8733668327331543,1,validation,71,3,18,version_2_fresh,1,2040376534
207929,surface=1|x=-0.04500000|y=0.00014017|angle=-24.71641350|force=0.68904293|ramp_up=0.03086412|hold=0.11986573|ramp_down=0.02125583,A1624,1624,1,1,4,2.4322350025177,2,validation,72,0,15,version_2_fresh,1,366692492
205663,surface=1|x=-0.04500000|y=0.00172070|angle=-22.03471565|force=1.00008416|ramp_up=0.02574021|hold=0.13891374|ramp_down=0.03693417,A1606,1606,1,1,4,2.2312755584716797,2,validation,73,1,16,version_2_fresh,1,366692492
207210,surface=1|x=-0.04500000|y=0.00727138|angle=-29.59108543|force=0.95569038|ramp_up=0.04984360|hold=0.10950246|ramp_down=0.02341061,A1618,1618,1,1,4,2.2215895652770996,2,validation,74,2,17,version_2_fresh,1,366692492
216018,surface=1|x=-0.04500000|y=0.00703598|angle=3.71674347|force=0.76513380|ramp_up=0.05615487|hold=0.05676546|ramp_down=0.03265275,A1687,1687,1,1,4,2.0858514308929443,2,validation,75,3,18,version_2_fresh,1,366692492
205258,surface=1|x=-0.04500000|y=0.00826312|angle=-32.20722198|force=0.81589699|ramp_up=0.02912389|hold=0.09023968|ramp_down=0.02465537,A1603,1603,1,1,4,3.1233294010162354,3,validation,76,0,15,version_2_fresh,1,3971982538
207992,surface=1|x=-0.04500000|y=-0.00807430|angle=-7.87045336|force=0.66620964|ramp_up=0.03878989|hold=0.10611970|ramp_down=0.02861248,A1624,1624,1,1,4,3.126392126083374,3,validation,77,1,16,version_2_fresh,1,3971982538
238189,surface=1|x=-0.04500000|y=-0.00745920|angle=44.13883591|force=0.94530541|ramp_up=0.02227806|hold=0.07512152|ramp_down=0.03505961,A1860,1860,1,1,4,2.7599260807037354,3,validation,78,2,17,version_2_fresh,1,3971982538
219861,surface=1|x=-0.04500000|y=-0.01054301|angle=-5.74773693|force=0.91867131|ramp_up=0.03717680|hold=0.10681925|ramp_down=0.03821209,A1717,1717,1,1,4,2.796395778656006,3,validation,79,3,18,version_2_fresh,1,3971982538
270645,surface=1|x=-0.04500000|y=0.04288718|angle=17.09572983|force=0.57697338|ramp_up=0.04639250|hold=0.09293814|ramp_down=0.02759058,A2114,2114,1,2,5,1.4642893075942993,0,validation,80,0,15,version_2_fresh,1,161328693
246380,surface=1|x=-0.04500000|y=0.01925973|angle=-40.79013824|force=0.73744690|ramp_up=0.05808019|hold=0.14205480|ramp_down=0.02404145,A1924,1924,1,2,5,1.14142644405365,0,validation,81,1,16,version_2_fresh,1,161328693
283028,surface=1|x=-0.04500000|y=0.03173807|angle=27.20526695|force=1.02833688|ramp_up=0.05564438|hold=0.08294935|ramp_down=0.03791252,A2211,2211,1,2,5,1.0387389659881592,0,validation,82,2,17,version_2_fresh,1,161328693
250060,surface=1|x=-0.04500000|y=0.03725561|angle=-37.97635269|force=0.55156881|ramp_up=0.03884819|hold=0.11101419|ramp_down=0.03535271,A1953,1953,1,2,5,1.3807846307754517,0,validation,83,3,18,version_2_fresh,1,161328693
278878,surface=1|x=-0.04500000|y=0.04377472|angle=32.02249908|force=0.80046171|ramp_up=0.03109754|hold=0.08085147|ramp_down=0.02589681,A2178,2178,1,2,5,2.004547357559204,1,validation,84,0,15,version_2_fresh,1,1565899405
283371,surface=1|x=-0.04500000|y=0.01920596|angle=41.13658524|force=1.02236032|ramp_up=0.05831995|hold=0.14870644|ramp_down=0.03345705,A2213,2213,1,2,5,1.8573107719421387,1,validation,85,1,16,version_2_fresh,1,1565899405
264244,surface=1|x=-0.04500000|y=0.03820381|angle=8.34102058|force=0.50411296|ramp_up=0.05594103|hold=0.07381988|ramp_down=0.03179580,A2064,2064,1,2,5,2.0001752376556396,1,validation,86,2,17,version_2_fresh,1,1565899405
268432,surface=1|x=-0.04500000|y=0.03236476|angle=-0.97818655|force=1.08913219|ramp_up=0.05487060|hold=0.11942817|ramp_down=0.03062535,A2097,2097,1,2,5,1.9342255592346191,1,validation,87,3,18,version_2_fresh,1,1565899405
270022,surface=1|x=-0.04500000|y=0.03036247|angle=21.73188400|force=0.75495750|ramp_up=0.02166266|hold=0.07796925|ramp_down=0.02968082,A2109,2109,1,2,5,2.3588860034942627,2,validation,88,0,15,version_2_fresh,1,1950057878
263718,surface=1|x=-0.04500000|y=0.03068139|angle=-8.61893463|force=0.63857430|ramp_up=0.04860895|hold=0.07100584|ramp_down=0.03225163,A2060,2060,1,2,5,2.400705575942993,2,validation,89,1,16,version_2_fresh,1,1950057878
266181,surface=1|x=-0.04500000|y=0.02487940|angle=9.21856213|force=0.76301593|ramp_up=0.05249806|hold=0.13064018|ramp_down=0.02898805,A2079,2079,1,2,5,2.4423093795776367,2,validation,90,2,17,version_2_fresh,1,1950057878
264208,surface=1|x=-0.04500000|y=0.03218907|angle=11.15874195|force=0.51300216|ramp_up=0.05710402|hold=0.09894683|ramp_down=0.02161109,A2064,2064,1,2,5,2.4870760440826416,2,validation,91,3,18,version_2_fresh,1,1950057878
273582,surface=1|x=-0.04500000|y=0.04489424|angle=9.15006638|force=0.80460101|ramp_up=0.05637671|hold=0.08224044|ramp_down=0.02165120,A2137,2137,1,2,5,2.599318265914917,3,validation,92,0,15,version_2_fresh,1,3716799053
252501,surface=1|x=-0.04500000|y=0.04192263|angle=-1.78533030|force=0.81224501|ramp_up=0.04716768|hold=0.12064092|ramp_down=0.02612109,A1972,1972,1,2,5,4.130171298980713,3,validation,93,1,16,version_2_fresh,1,3716799053
284211,surface=1|x=-0.04500000|y=0.04138389|angle=31.18743324|force=0.52672392|ramp_up=0.03291274|hold=0.06713921|ramp_down=0.03325815,A2220,2220,1,2,5,2.594139814376831,3,validation,94,2,17,version_2_fresh,1,3716799053
262775,surface=1|x=-0.04500000|y=0.03134778|angle=6.15559149|force=0.62780780|ramp_up=0.04264792|hold=0.05190938|ramp_down=0.03559509,A2052,2052,1,2,5,2.995809555053711,3,validation,95,3,18,version_2_fresh,1,3716799053
337656,surface=2|x=-0.04292343|y=0.04500000|angle=43.09288788|force=1.00960124|ramp_up=0.03905303|hold=0.09091055|ramp_down=0.03431972,A2637,2637,2,0,6,1.2782636880874634,0,validation,96,0,15,version_2_fresh,1,2617721224
299712,surface=2|x=-0.02256034|y=0.04500000|angle=-29.72018433|force=0.84225649|ramp_up=0.02901366|hold=0.05451745|ramp_down=0.02739262,A2341,2341,2,0,6,1.6617215871810913,0,validation,97,1,16,version_2_fresh,1,2617721224
321336,surface=2|x=-0.03926198|y=0.04500000|angle=10.74245930|force=0.62692851|ramp_up=0.04117826|hold=0.10190752|ramp_down=0.02123870,A2510,2510,2,0,6,1.4386942386627197,0,validation,98,2,17,version_2_fresh,1,2617721224
329621,surface=2|x=-0.03070917|y=0.04500000|angle=32.54918289|force=0.94870669|ramp_up=0.02371025|hold=0.06371917|ramp_down=0.03068686,A2575,2575,2,0,6,1.562443494796753,0,validation,99,3,18,version_2_fresh,1,2617721224
317852,surface=2|x=-0.04222544|y=0.04500000|angle=-3.80839515|force=0.91813511|ramp_up=0.04843154|hold=0.13201271|ramp_down=0.03942694,A2483,2483,2,0,6,2.0618817806243896,1,validation,100,0,15,version_2_fresh,1,1749781631
295594,surface=2|x=-0.03183705|y=0.04500000|angle=-42.79858398|force=0.95749074|ramp_up=0.03053156|hold=0.13433108|ramp_down=0.02780679,A2309,2309,2,0,6,1.99811851978302,1,validation,101,1,16,version_2_fresh,1,1749781631
293275,surface=2|x=-0.02228627|y=0.04500000|angle=-41.20594788|force=0.69554144|ramp_up=0.02125705|hold=0.14816959|ramp_down=0.02513950,A2291,2291,2,0,6,1.7985624074935913,1,validation,102,2,17,version_2_fresh,1,1749781631
299948,surface=2|x=-0.03327331|y=0.04500000|angle=-37.07089233|force=1.01060128|ramp_up=0.02440113|hold=0.10094933|ramp_down=0.03240919,A2343,2343,2,0,6,1.918084979057312,1,validation,103,3,18,version_2_fresh,1,1749781631
331306,surface=2|x=-0.02837629|y=0.04500000|angle=24.52203751|force=0.97664791|ramp_up=0.05010994|hold=0.11946572|ramp_down=0.03503177,A2588,2588,2,0,6,2.250641107559204,2,validation,104,0,15,version_2_fresh,1,3670666263
295705,surface=2|x=-0.02924926|y=0.04500000|angle=-33.83157730|force=1.06690216|ramp_up=0.04804949|hold=0.08316960|ramp_down=0.02887262,A2310,2310,2,0,6,2.3375654220581055,2,validation,105,1,16,version_2_fresh,1,3670666263
326375,surface=2|x=-0.02874442|y=0.04500000|angle=20.63181114|force=0.69574773|ramp_up=0.03194864|hold=0.14214139|ramp_down=0.03187352,A2549,2549,2,0,6,2.1627933979034424,2,validation,106,2,17,version_2_fresh,1,3670666263
301514,surface=2|x=-0.02334106|y=0.04500000|angle=-39.11887741|force=0.98468405|ramp_up=0.05561388|hold=0.12828107|ramp_down=0.03758901,A2355,2355,2,0,6,2.1729023456573486,2,validation,107,3,18,version_2_fresh,1,3670666263
300618,surface=2|x=-0.03205225|y=0.04500000|angle=-19.95350075|force=0.64966428|ramp_up=0.02092707|hold=0.10772605|ramp_down=0.03811514,A2348,2348,2,0,6,3.135666847229004,3,validation,108,0,15,version_2_fresh,1,860803706
311735,surface=2|x=-0.02816755|y=0.04500000|angle=-17.61688805|force=0.55598658|ramp_up=0.02206660|hold=0.10783494|ramp_down=0.03577053,A2435,2435,2,0,6,2.955989122390747,3,validation,109,1,16,version_2_fresh,1,860803706
290820,surface=2|x=-0.04480132|y=0.04500000|angle=-38.72662354|force=0.97801542|ramp_up=0.02397754|hold=0.12958770|ramp_down=0.02927008,A2272,2272,2,0,6,3.6760094165802,3,validation,110,2,17,version_2_fresh,1,860803706
333899,surface=2|x=-0.03263657|y=0.04500000|angle=41.55047989|force=0.62457949|ramp_up=0.04155380|hold=0.11593626|ramp_down=0.02928854,A2608,2608,2,0,6,2.6559653282165527,3,validation,111,3,18,version_2_fresh,1,860803706
383104,surface=2|x=-0.00167674|y=0.04500000|angle=39.47089386|force=0.79150242|ramp_up=0.02586770|hold=0.14998224|ramp_down=0.03775426,A2993,2993,2,1,7,0.9766895174980164,0,validation,112,0,15,version_2_fresh,1,1369798745
380180,surface=2|x=-0.00194253|y=0.04500000|angle=43.22880173|force=0.64645463|ramp_up=0.02397581|hold=0.06184024|ramp_down=0.02184131,A2970,2970,2,1,7,1.2008789777755737,0,validation,113,1,16,version_2_fresh,1,1369798745
371166,surface=2|x=-0.00362753|y=0.04500000|angle=19.05530167|force=1.08387363|ramp_up=0.02282325|hold=0.06088019|ramp_down=0.02570020,A2899,2899,2,1,7,1.6359590291976929,0,validation,114,2,17,version_2_fresh,1,1369798745
379880,surface=2|x=-0.00589924|y=0.04500000|angle=23.31172752|force=1.00900471|ramp_up=0.05486791|hold=0.10686587|ramp_down=0.03952559,A2967,2967,2,1,7,1.2880175113677979,0,validation,115,3,18,version_2_fresh,1,1369798745
349369,surface=2|x=-0.00499062|y=0.04500000|angle=-32.10364151|force=0.68508035|ramp_up=0.04706122|hold=0.13266584|ramp_down=0.02789885,A2729,2729,2,1,7,1.794454574584961,1,validation,116,0,15,version_2_fresh,1,663341227
377244,surface=2|x=0.01292772|y=0.04500000|angle=28.76364136|force=0.89605564|ramp_up=0.05603161|hold=0.08083177|ramp_down=0.03962238,A2947,2947,2,1,7,1.6911226511001587,1,validation,117,1,16,version_2_fresh,1,663341227
343765,surface=2|x=-0.00408165|y=0.04500000|angle=-41.33361053|force=1.05059779|ramp_up=0.02738936|hold=0.13480015|ramp_down=0.03450851,A2685,2685,2,1,7,1.790743350982666,1,validation,118,2,17,version_2_fresh,1,663341227
340326,surface=2|x=-0.01294907|y=0.04500000|angle=-35.22489548|force=0.62214541|ramp_up=0.05839627|hold=0.07388123|ramp_down=0.02512699,A2658,2658,2,1,7,2.07560133934021,1,validation,119,3,18,version_2_fresh,1,663341227
342199,surface=2|x=-0.01350102|y=0.04500000|angle=-39.58358383|force=0.69529158|ramp_up=0.05443572|hold=0.08656921|ramp_down=0.03504372,A2673,2673,2,1,7,2.1064488887786865,2,validation,120,0,15,version_2_fresh,1,194365079
366837,surface=2|x=-0.01322845|y=0.04500000|angle=29.88727379|force=0.53561121|ramp_up=0.02089664|hold=0.09067168|ramp_down=0.02989553,A2865,2865,2,1,7,2.43772029876709,2,validation,121,1,16,version_2_fresh,1,194365079
374619,surface=2|x=-0.01268888|y=0.04500000|angle=30.06467628|force=0.58855575|ramp_up=0.05036494|hold=0.12073697|ramp_down=0.02928113,A2926,2926,2,1,7,2.090463399887085,2,validation,122,2,17,version_2_fresh,1,194365079
346687,surface=2|x=0.00831434|y=0.04500000|angle=-15.56757545|force=0.56302571|ramp_up=0.04813154|hold=0.11510239|ramp_down=0.02768882,A2708,2708,2,1,7,2.4091765880584717,2,validation,123,3,18,version_2_fresh,1,194365079
377575,surface=2|x=-0.00509601|y=0.04500000|angle=38.53313828|force=0.51868731|ramp_up=0.05486017|hold=0.06416107|ramp_down=0.02625149,A2949,2949,2,1,7,3.0226759910583496,3,validation,124,0,15,version_2_fresh,1,3237118671
386426,surface=2|x=-0.01011941|y=0.04500000|angle=35.52473068|force=1.09940886|ramp_up=0.04273748|hold=0.09339237|ramp_down=0.02070423,A3018,3018,2,1,7,2.8370373249053955,3,validation,125,1,16,version_2_fresh,1,3237118671
356717,surface=2|x=0.00038975|y=0.04500000|angle=-12.96181583|force=0.98849547|ramp_up=0.04580300|hold=0.14218600|ramp_down=0.03094258,A2786,2786,2,1,7,2.7774205207824707,3,validation,126,2,17,version_2_fresh,1,3237118671
349889,surface=2|x=-0.01210923|y=0.04500000|angle=-25.50614166|force=0.71849710|ramp_up=0.03589919|hold=0.11225696|ramp_down=0.02875916,A2733,2733,2,1,7,2.9357082843780518,3,validation,127,3,18,version_2_fresh,1,3237118671
389205,surface=2|x=0.03600362|y=0.04500000|angle=-41.80812073|force=0.56998181|ramp_up=0.05087534|hold=0.13804413|ramp_down=0.02527747,A3040,3040,2,2,8,1.3779691457748413,0,validation,128,0,15,version_2_fresh,1,3026431988
416610,surface=2|x=0.03120717|y=0.04500000|angle=4.35468912|force=0.55791491|ramp_up=0.05456963|hold=0.10139374|ramp_down=0.02283735,A3254,3254,2,2,8,1.596457600593567,0,validation,129,1,16,version_2_fresh,1,3026431988
403656,surface=2|x=0.02009373|y=0.04500000|angle=-21.01145554|force=0.82196146|ramp_up=0.02037488|hold=0.11805615|ramp_down=0.03353181,A3153,3153,2,2,8,1.428794264793396,0,validation,130,2,17,version_2_fresh,1,3026431988
425819,surface=2|x=0.02503446|y=0.04500000|angle=29.92468834|force=0.88192242|ramp_up=0.05100065|hold=0.08496446|ramp_down=0.02685027,A3326,3326,2,2,8,1.4313690662384033,0,validation,131,3,18,version_2_fresh,1,3026431988
429820,surface=2|x=0.01787225|y=0.04500000|angle=36.89197540|force=0.55629671|ramp_up=0.03117178|hold=0.11279772|ramp_down=0.03504603,A3357,3357,2,2,8,1.802807092666626,1,validation,132,0,15,version_2_fresh,1,3171933138
423105,surface=2|x=0.02521558|y=0.04500000|angle=30.27213669|force=0.70799601|ramp_up=0.04920852|hold=0.13639560|ramp_down=0.03318880,A3305,3305,2,2,8,1.9062645435333252,1,validation,133,1,16,version_2_fresh,1,3171933138
416654,surface=2|x=0.04361966|y=0.04500000|angle=15.28713608|force=0.51159471|ramp_up=0.05233488|hold=0.13158736|ramp_down=0.03685099,A3255,3255,2,2,8,1.7649317979812622,1,validation,134,2,17,version_2_fresh,1,3171933138
418000,surface=2|x=0.03642297|y=0.04500000|angle=15.33901882|force=0.85396272|ramp_up=0.03195945|hold=0.05297532|ramp_down=0.02254297,A3265,3265,2,2,8,2.005733013153076,1,validation,135,3,18,version_2_fresh,1,3171933138
417695,surface=2|x=0.03953696|y=0.04500000|angle=13.07954216|force=0.50633717|ramp_up=0.02238088|hold=0.13535824|ramp_down=0.03538505,A3263,3263,2,2,8,2.217041492462158,2,validation,136,0,15,version_2_fresh,1,4049553846
390268,surface=2|x=0.02277353|y=0.04500000|angle=-41.55320740|force=1.06665838|ramp_up=0.04819888|hold=0.05907312|ramp_down=0.02204950,A3048,3048,2,2,8,2.1093924045562744,2,validation,137,1,16,version_2_fresh,1,4049553846
408522,surface=2|x=0.01605187|y=0.04500000|angle=14.16383648|force=0.57020432|ramp_up=0.02711848|hold=0.14581805|ramp_down=0.03039873,A3191,3191,2,2,8,2.4711835384368896,2,validation,138,2,17,version_2_fresh,1,4049553846
394356,surface=2|x=0.04080709|y=0.04500000|angle=-29.04959679|force=0.54562289|ramp_up=0.03105638|hold=0.11027178|ramp_down=0.03643503,A3080,3080,2,2,8,2.172556161880493,2,validation,139,3,18,version_2_fresh,1,4049553846
425812,surface=2|x=0.02674072|y=0.04500000|angle=7.07510662|force=0.73622745|ramp_up=0.03773909|hold=0.10899847|ramp_down=0.02917092,A3326,3326,2,2,8,3.9366462230682373,3,validation,140,0,15,version_2_fresh,1,4261106095
390746,surface=2|x=0.02951079|y=0.04500000|angle=-27.88785362|force=0.74047232|ramp_up=0.03243922|hold=0.12026592|ramp_down=0.02257764,A3052,3052,2,2,8,2.723421335220337,3,validation,141,1,16,version_2_fresh,1,4261106095
431751,surface=2|x=0.01528844|y=0.04500000|angle=33.37590408|force=0.96896982|ramp_up=0.03437243|hold=0.09658978|ramp_down=0.03649446,A3373,3373,2,2,8,2.923271656036377,3,validation,142,2,17,version_2_fresh,1,4261106095
415147,surface=2|x=0.02184951|y=0.04500000|angle=5.93710041|force=0.57914764|ramp_up=0.02793022|hold=0.11522152|ramp_down=0.02099646,A3243,3243,2,2,8,2.5777511596679688,3,validation,143,3,18,version_2_fresh,1,4261106095
468789,surface=3|x=-0.03155402|y=-0.04500000|angle=23.01953697|force=1.06685054|ramp_up=0.04330993|hold=0.10833627|ramp_down=0.02819928,A3662,3662,3,0,9,1.4477368593215942,0,validation,144,0,15,version_2_fresh,1,2214077229
470185,surface=3|x=-0.01833176|y=-0.04500000|angle=35.81435394|force=0.52000588|ramp_up=0.02489235|hold=0.06605739|ramp_down=0.03369503,A3673,3673,3,0,9,1.5077528953552246,0,validation,145,1,16,version_2_fresh,1,2214077229
470486,surface=3|x=-0.02784748|y=-0.04500000|angle=31.24984550|force=0.66102409|ramp_up=0.02284028|hold=0.07400453|ramp_down=0.03372980,A3675,3675,3,0,9,1.6600607633590698,0,validation,146,2,17,version_2_fresh,1,2214077229
468373,surface=3|x=-0.03485980|y=-0.04500000|angle=12.87094593|force=0.91088760|ramp_up=0.02059818|hold=0.12713864|ramp_down=0.03946034,A3659,3659,3,0,9,1.6179488897323608,0,validation,147,3,18,version_2_fresh,1,2214077229
453206,surface=3|x=-0.03212671|y=-0.04500000|angle=-12.23891926|force=0.62182599|ramp_up=0.05177481|hold=0.07531421|ramp_down=0.02974250,A3540,3540,3,0,9,2.0536696910858154,1,validation,148,0,15,version_2_fresh,1,1951628595
458061,surface=3|x=-0.03744851|y=-0.04500000|angle=-1.33616209|force=0.62060922|ramp_up=0.05279946|hold=0.06941124|ramp_down=0.02419816,A3578,3578,3,0,9,1.7653985023498535,1,validation,149,1,16,version_2_fresh,1,1951628595
455395,surface=3|x=-0.03042753|y=-0.04500000|angle=-9.39748001|force=0.99381852|ramp_up=0.02875925|hold=0.13677466|ramp_down=0.02854823,A3557,3557,3,0,9,1.9785715341567993,1,validation,150,2,17,version_2_fresh,1,1951628595
458174,surface=3|x=-0.03893467|y=-0.04500000|angle=5.22640514|force=0.65392154|ramp_up=0.05525058|hold=0.10530324|ramp_down=0.02874556,A3579,3579,3,0,9,1.8521775007247925,1,validation,151,3,18,version_2_fresh,1,1951628595
470835,surface=3|x=-0.03712735|y=-0.04500000|angle=32.10467529|force=0.55829769|ramp_up=0.03958198|hold=0.07158380|ramp_down=0.03861767,A3678,3678,3,0,9,2.1607577800750732,2,validation,152,0,15,version_2_fresh,1,3400390762
461022,surface=3|x=-0.03659937|y=-0.04500000|angle=-2.08580947|force=0.82648379|ramp_up=0.02866924|hold=0.07688935|ramp_down=0.03458075,A3601,3601,3,0,9,2.4078922271728516,2,validation,153,1,16,version_2_fresh,1,3400390762
445672,surface=3|x=-0.02275091|y=-0.04500000|angle=-19.07959747|force=0.94405949|ramp_up=0.04502701|hold=0.08255096|ramp_down=0.03849032,A3481,3481,3,0,9,2.2905914783477783,2,validation,154,2,17,version_2_fresh,1,3400390762
483136,surface=3|x=-0.03676114|y=-0.04500000|angle=44.39725876|force=0.82253027|ramp_up=0.05246962|hold=0.05561901|ramp_down=0.02816777,A3774,3774,3,0,9,2.2172255516052246,2,validation,155,3,18,version_2_fresh,1,3400390762
479568,surface=3|x=-0.03423214|y=-0.04500000|angle=28.30666351|force=0.90190578|ramp_up=0.02881504|hold=0.11069369|ramp_down=0.02769845,A3746,3746,3,0,9,2.6547915935516357,3,validation,156,0,15,version_2_fresh,1,334194727
450312,surface=3|x=-0.02017091|y=-0.04500000|angle=-24.63064575|force=0.63093305|ramp_up=0.04043566|hold=0.05868943|ramp_down=0.03875150,A3518,3518,3,0,9,3.0147600173950195,3,validation,157,1,16,version_2_fresh,1,334194727
469452,surface=3|x=-0.03094243|y=-0.04500000|angle=25.96404457|force=0.95747209|ramp_up=0.05740058|hold=0.08546423|ramp_down=0.02747242,A3667,3667,3,0,9,2.5871188640594482,3,validation,158,2,17,version_2_fresh,1,334194727
458329,surface=3|x=-0.02679889|y=-0.04500000|angle=18.36447334|force=0.68173808|ramp_up=0.05720274|hold=0.14819472|ramp_down=0.03189907,A3580,3580,3,0,9,3.001408100128174,3,validation,159,3,18,version_2_fresh,1,334194727
513172,surface=3|x=-0.00448335|y=-0.04500000|angle=7.87786293|force=0.54972571|ramp_up=0.05217086|hold=0.05060646|ramp_down=0.03223191,A4009,4009,3,1,10,1.522491455078125,0,validation,160,0,15,version_2_fresh,1,3587916967
498415,surface=3|x=-0.00162822|y=-0.04500000|angle=-8.59968090|force=0.58250678|ramp_up=0.02521976|hold=0.13962613|ramp_down=0.02858748,A3893,3893,3,1,10,1.670235276222229,0,validation,161,1,16,version_2_fresh,1,3587916967
484634,surface=3|x=0.00743851|y=-0.04500000|angle=-42.38088989|force=0.59162575|ramp_up=0.04169866|hold=0.06779007|ramp_down=0.02775509,A3786,3786,3,1,10,1.3702696561813354,0,validation,162,2,17,version_2_fresh,1,3587916967
516102,surface=3|x=-0.00737174|y=-0.04500000|angle=16.97371864|force=0.94608766|ramp_up=0.02347300|hold=0.07049892|ramp_down=0.02442512,A4032,4032,3,1,10,1.533748745918274,0,validation,163,3,18,version_2_fresh,1,3587916967
516862,surface=3|x=0.00765167|y=-0.04500000|angle=17.16171265|force=0.94175613|ramp_up=0.02843630|hold=0.14153020|ramp_down=0.03265290,A4037,4037,3,1,10,1.6800353527069092,1,validation,164,0,15,version_2_fresh,1,163312383
507617,surface=3|x=0.00536652|y=-0.04500000|angle=10.06207657|force=0.88898933|ramp_up=0.03154088|hold=0.13424104|ramp_down=0.03786218,A3965,3965,3,1,10,2.0136656761169434,1,validation,165,1,16,version_2_fresh,1,163312383
493793,surface=3|x=-0.00303152|y=-0.04500000|angle=-36.35306549|force=0.86110431|ramp_up=0.03550313|hold=0.14927702|ramp_down=0.03751331,A3857,3857,3,1,10,1.8413225412368774,1,validation,166,2,17,version_2_fresh,1,163312383
499885,surface=3|x=-0.00851319|y=-0.04500000|angle=-20.89076233|force=0.57657379|ramp_up=0.04861986|hold=0.14835615|ramp_down=0.03104889,A3905,3905,3,1,10,1.8166565895080566,1,validation,167,3,18,version_2_fresh,1,163312383
529843,surface=3|x=0.00013791|y=-0.04500000|angle=44.97051620|force=0.98500907|ramp_up=0.04729083|hold=0.11844648|ramp_down=0.03331612,A4139,4139,3,1,10,2.2751553058624268,2,validation,168,0,15,version_2_fresh,1,832429202
496844,surface=3|x=0.00915411|y=-0.04500000|angle=-21.12316704|force=0.95308769|ramp_up=0.02839167|hold=0.12956467|ramp_down=0.03546861,A3881,3881,3,1,10,2.225663661956787,2,validation,169,1,16,version_2_fresh,1,832429202
521068,surface=3|x=0.00699803|y=-0.04500000|angle=27.56721687|force=0.92369783|ramp_up=0.02420345|hold=0.13064510|ramp_down=0.03374239,A4070,4070,3,1,10,2.1379289627075195,2,validation,170,2,17,version_2_fresh,1,832429202
504940,surface=3|x=-0.00868479|y=-0.04500000|angle=-8.33591747|force=0.63647580|ramp_up=0.02377955|hold=0.07485980|ramp_down=0.02989988,A3944,3944,3,1,10,2.1289761066436768,2,validation,171,3,18,version_2_fresh,1,832429202
488565,surface=3|x=0.00328130|y=-0.04500000|angle=-43.40948868|force=1.07304168|ramp_up=0.03375718|hold=0.10537696|ramp_down=0.03517855,A3816,3816,3,1,10,3.037792444229126,3,validation,172,0,15,version_2_fresh,1,4057204396
509938,surface=3|x=-0.01259951|y=-0.04500000|angle=-8.64766788|force=0.73175663|ramp_up=0.03359608|hold=0.14677791|ramp_down=0.03210501,A3983,3983,3,1,10,3.248117685317993,3,validation,173,1,16,version_2_fresh,1,4057204396
523737,surface=3|x=0.00080498|y=-0.04500000|angle=18.86978912|force=1.08718026|ramp_up=0.03918929|hold=0.09772820|ramp_down=0.02866049,A4091,4091,3,1,10,3.3988828659057617,3,validation,174,2,17,version_2_fresh,1,4057204396
494445,surface=3|x=0.01384254|y=-0.04500000|angle=-18.78924370|force=1.09454679|ramp_up=0.05011088|hold=0.11325342|ramp_down=0.02822194,A3862,3862,3,1,10,3.286435604095459,3,validation,175,3,18,version_2_fresh,1,4057204396
562131,surface=3|x=0.03171825|y=-0.04500000|angle=18.01581955|force=0.65903336|ramp_up=0.05292250|hold=0.14764619|ramp_down=0.03369537,A4391,4391,3,2,11,1.4853092432022095,0,validation,176,0,15,version_2_fresh,1,2218153353
568133,surface=3|x=0.02383869|y=-0.04500000|angle=25.30523300|force=0.55263656|ramp_up=0.03722950|hold=0.12249332|ramp_down=0.02032417,A4438,4438,3,2,11,1.404311180114746,0,validation,177,1,16,version_2_fresh,1,2218153353
571421,surface=3|x=0.02131284|y=-0.04500000|angle=30.73360252|force=1.04267716|ramp_up=0.02631487|hold=0.06387534|ramp_down=0.02936023,A4464,4464,3,2,11,1.4401286840438843,0,validation,178,2,17,version_2_fresh,1,2218153353
556744,surface=3|x=0.02134734|y=-0.04500000|angle=4.22773457|force=0.72222394|ramp_up=0.03346155|hold=0.14469936|ramp_down=0.03787540,A4349,4349,3,2,11,1.1987333297729492,0,validation,179,3,18,version_2_fresh,1,2218153353
574976,surface=3|x=0.02885773|y=-0.04500000|angle=44.42970657|force=0.52165729|ramp_up=0.05031992|hold=0.12967934|ramp_down=0.03196455,A4492,4492,3,2,11,1.7859528064727783,1,validation,180,0,15,version_2_fresh,1,1729027044
550588,surface=3|x=0.03870695|y=-0.04500000|angle=-24.63169289|force=0.76180130|ramp_up=0.05663359|hold=0.13885178|ramp_down=0.02947617,A4301,4301,3,2,11,1.8629852533340454,1,validation,181,1,16,version_2_fresh,1,1729027044
561332,surface=3|x=0.02210798|y=-0.04500000|angle=22.97102356|force=0.60920495|ramp_up=0.05368628|hold=0.14093260|ramp_down=0.03590037,A4385,4385,3,2,11,2.027106761932373,1,validation,182,2,17,version_2_fresh,1,1729027044
554142,surface=3|x=0.03326302|y=-0.04500000|angle=-2.65516877|force=0.61055541|ramp_up=0.04311235|hold=0.08174326|ramp_down=0.02523183,A4329,4329,3,2,11,1.8780373334884644,1,validation,183,3,18,version_2_fresh,1,1729027044
571083,surface=3|x=0.03492173|y=-0.04500000|angle=28.99639511|force=0.63314402|ramp_up=0.05410580|hold=0.12579373|ramp_down=0.02365622,A4461,4461,3,2,11,2.3336780071258545,2,validation,184,0,15,version_2_fresh,1,3435190084
537839,surface=3|x=0.02975955|y=-0.04500000|angle=-37.18835068|force=0.96810400|ramp_up=0.05489896|hold=0.08218529|ramp_down=0.03701136,A4201,4201,3,2,11,2.413464069366455,2,validation,185,1,16,version_2_fresh,1,3435190084
540854,surface=3|x=0.03226850|y=-0.04500000|angle=-27.15527916|force=0.69255197|ramp_up=0.04195656|hold=0.05630587|ramp_down=0.03948160,A4225,4225,3,2,11,2.2663931846618652,2,validation,186,2,17,version_2_fresh,1,3435190084
553356,surface=3|x=0.01524337|y=-0.04500000|angle=-13.75689316|force=0.61059237|ramp_up=0.02206623|hold=0.10510025|ramp_down=0.03590967,A4323,4323,3,2,11,2.2643988132476807,2,validation,187,3,18,version_2_fresh,1,3435190084
577809,surface=3|x=0.01880831|y=-0.04500000|angle=41.20847321|force=0.74831051|ramp_up=0.05198114|hold=0.07084609|ramp_down=0.03845122,A4514,4514,3,2,11,2.5176210403442383,3,validation,188,0,15,version_2_fresh,1,1758725110
553896,surface=3|x=0.02675983|y=-0.04500000|angle=12.98488331|force=0.50749636|ramp_up=0.05107790|hold=0.06756251|ramp_down=0.02454242,A4327,4327,3,2,11,2.6751997470855713,3,validation,189,1,16,version_2_fresh,1,1758725110
576589,surface=3|x=0.02457497|y=-0.04500000|angle=31.71910667|force=0.94054252|ramp_up=0.03414208|hold=0.13082588|ramp_down=0.02359886,A4504,4504,3,2,11,2.619560956954956,3,validation,190,2,17,version_2_fresh,1,1758725110
547007,surface=3|x=0.01831972|y=-0.04500000|angle=-15.19896317|force=0.80509591|ramp_up=0.04172459|hold=0.08497748|ramp_down=0.03793451,A4273,4273,3,2,11,2.6026875972747803,3,validation,191,3,18,version_2_fresh,1,1758725110
