v2_action_id,source_action_index,surface_id,contact_region_col,physical_stratum_index,permuted_rank_within_stratum,split_role,split_seed
A0000,0,0,0,0,67,training,0
A0001,1,0,0,0,264,validation,0
A0002,2,0,0,0,106,training,0
A0003,3,0,0,0,313,validation,0
A0004,4,0,0,0,188,training,0
A0005,5,0,0,0,58,training,0
A0006,6,0,0,0,155,training,0
A0007,7,0,0,0,366,test,0
A0008,8,0,0,0,137,training,0
A0009,9,0,0,0,246,training,0
A0010,10,0,0,0,93,training,0
A0011,11,0,0,0,276,validation,0
A0012,12,0,0,0,130,training,0
A0013,13,0,0,0,166,training,0
A0014,14,0,0,0,222,training,0
A0015,15,0,0,0,228,training,0
A0016,16,0,0,0,257,training,0
A0017,17,0,0,0,109,training,0
A0018,18,0,0,0,29,training,0
A0019,19,0,0,0,234,training,0
A0020,20,0,0,0,286,validation,0
A0021,21,0,0,0,331,test,0
A0022,22,0,0,0,299,validation,0
A0023,23,0,0,0,223,training,0
A0024,24,0,0,0,328,test,0
A0025,25,0,0,0,136,training,0
A0026,26,0,0,0,131,training,0
A0027,27,0,0,0,218,training,0
A0028,28,0,0,0,181,training,0
A0029,29,0,0,0,374,test,0
A0030,30,0,0,0,263,training,0
A0031,31,0,0,0,66,training,0
A0032,32,0,0,0,245,training,0
A0033,33,0,0,0,101,training,0
A0034,34,0,0,0,290,validation,0
A0035,35,0,0,0,216,training,0
A0036,36,0,0,0,3,training,0
A0037,37,0,0,0,180,training,0
A0038,38,0,0,0,27,training,0
A0039,39,0,0,0,24,training,0
A0040,40,0,0,0,295,validation,0
A0041,41,0,0,0,98,training,0
A0042,42,0,0,0,127,training,0
A0043,43,0,0,0,151,training,0
A0044,44,0,0,0,44,training,0
A0045,45,0,0,0,88,training,0
A0046,46,0,0,0,192,training,0
A0047,47,0,0,0,91,training,0
A0048,48,0,0,0,191,training,0
A0049,49,0,0,0,343,test,0
A0050,50,0,0,0,210,training,0
A0051,51,0,0,0,281,validation,0
A0052,52,0,0,0,189,training,0
A0053,53,0,0,0,237,training,0
A0054,54,0,0,0,49,training,0
A0055,55,0,0,0,11,training,0
A0056,56,0,0,0,353,test,0
A0057,57,0,0,0,293,validation,0
A0058,58,0,0,0,344,test,0
A0059,59,0,0,0,330,test,0
A0060,60,0,0,0,197,training,0
A0061,61,0,0,0,159,training,0
A0062,62,0,0,0,334,test,0
A0063,63,0,0,0,59,training,0
A0064,64,0,0,0,132,training,0
A0065,65,0,0,0,147,training,0
A0066,66,0,0,0,318,validation,0
A0067,67,0,0,0,244,training,0
A0068,68,0,0,0,139,training,0
A0069,69,0,0,0,368,test,0
A0070,70,0,0,0,76,training,0
A0071,71,0,0,0,18,training,0
A0072,72,0,0,0,175,training,0
A0073,73,0,0,0,357,test,0
A0074,74,0,0,0,141,training,0
A0075,75,0,0,0,65,training,0
A0076,76,0,0,0,320,validation,0
A0077,77,0,0,0,214,training,0
A0078,78,0,0,0,371,test,0
A0079,79,0,0,0,308,validation,0
A0080,80,0,0,0,231,training,0
A0081,81,0,0,0,307,validation,0
A0082,82,0,0,0,208,training,0
A0083,83,0,0,0,74,training,0
A0084,84,0,0,0,21,training,0
A0085,85,0,0,0,68,training,0
A0086,86,0,0,0,336,test,0
A0087,87,0,0,0,247,training,0
A0088,88,0,0,0,1,training,0
A0089,89,0,0,0,229,training,0
A0090,90,0,0,0,9,training,0
A0091,91,0,0,0,193,training,0
A0092,92,0,0,0,61,training,0
A0093,93,0,0,0,73,training,0
A0094,94,0,0,0,156,training,0
A0095,95,0,0,0,377,test,0
A0096,96,0,0,0,241,training,0
A0097,97,0,0,0,167,training,0
A0098,98,0,0,0,99,training,0
A0099,99,0,0,0,187,training,0
A0100,100,0,0,0,239,training,0
A0101,101,0,0,0,341,test,0
A0102,102,0,0,0,205,training,0
A0103,103,0,0,0,161,training,0
A0104,104,0,0,0,362,test,0
A0105,105,0,0,0,259,training,0
A0106,106,0,0,0,120,training,0
A0107,107,0,0,0,55,training,0
A0108,108,0,0,0,304,validation,0
A0109,109,0,0,0,31,training,0
A0110,110,0,0,0,261,training,0
A0111,111,0,0,0,32,training,0
A0112,112,0,0,0,275,validation,0
A0113,113,0,0,0,262,training,0
A0114,114,0,0,0,60,training,0
A0115,115,0,0,0,359,test,0
A0116,116,0,0,0,104,training,0
A0117,117,0,0,0,117,training,0
A0118,118,0,0,0,172,training,0
A0119,119,0,0,0,36,training,0
A0120,120,0,0,0,372,test,0
A0121,121,0,0,0,138,training,0
A0122,122,0,0,0,217,training,0
A0123,123,0,0,0,53,training,0
A0124,124,0,0,0,80,training,0
A0125,125,0,0,0,338,test,0
A0126,126,0,0,0,96,training,0
A0127,127,0,0,0,370,test,0
A0128,128,0,0,0,42,training,0
A0129,129,0,0,0,266,validation,0
A0130,130,0,0,0,173,training,0
A0131,131,0,0,0,256,training,0
A0132,132,0,0,0,169,training,0
A0133,133,0,0,0,20,training,0
A0134,134,0,0,0,302,validation,0
A0135,135,0,0,0,283,validation,0
A0136,136,0,0,0,13,training,0
A0137,137,0,0,0,235,training,0
A0138,138,0,0,0,211,training,0
A0139,139,0,0,0,227,training,0
A0140,140,0,0,0,148,training,0
A0141,141,0,0,0,129,training,0
A0142,142,0,0,0,233,training,0
A0143,143,0,0,0,316,validation,0
A0144,144,0,0,0,51,training,0
A0145,145,0,0,0,142,training,0
A0146,146,0,0,0,323,test,0
A0147,147,0,0,0,144,training,0
A0148,148,0,0,0,81,training,0
A0149,149,0,0,0,182,training,0
A0150,150,0,0,0,57,training,0
A0151,151,0,0,0,199,training,0
A0152,152,0,0,0,220,training,0
A0153,153,0,0,0,86,training,0
A0154,154,0,0,0,294,validation,0
A0155,155,0,0,0,33,training,0
A0156,156,0,0,0,322,test,0
A0157,157,0,0,0,40,training,0
A0158,158,0,0,0,170,training,0
A0159,159,0,0,0,15,training,0
A0160,160,0,0,0,47,training,0
A0161,161,0,0,0,153,training,0
A0162,162,0,0,0,119,training,0
A0163,163,0,0,0,319,validation,0
A0164,164,0,0,0,115,training,0
A0165,165,0,0,0,279,validation,0
A0166,166,0,0,0,83,training,0
A0167,167,0,0,0,112,training,0
A0168,168,0,0,0,194,training,0
A0169,169,0,0,0,346,test,0
A0170,170,0,0,0,232,training,0
A0171,171,0,0,0,221,training,0
A0172,172,0,0,0,268,validation,0
A0173,173,0,0,0,113,training,0
A0174,174,0,0,0,204,training,0
A0175,175,0,0,0,297,validation,0
A0176,176,0,0,0,363,test,0
A0177,177,0,0,0,273,validation,0
A0178,178,0,0,0,240,training,0
A0179,179,0,0,0,215,training,0
A0180,180,0,0,0,280,validation,0
A0181,181,0,0,0,8,training,0
A0182,182,0,0,0,168,training,0
A0183,183,0,0,0,309,validation,0
A0184,184,0,0,0,375,test,0
A0185,185,0,0,0,206,training,0
A0186,186,0,0,0,122,training,0
A0187,187,0,0,0,345,test,0
A0188,188,0,0,0,333,test,0
A0189,189,0,0,0,37,training,0
A0190,190,0,0,0,143,training,0
A0191,191,0,0,0,361,test,0
A0192,192,0,0,0,260,training,0
A0193,193,0,0,0,325,test,0
A0194,194,0,0,0,265,validation,0
A0195,195,0,0,0,123,training,0
A0196,196,0,0,0,43,training,0
A0197,197,0,0,0,202,training,0
A0198,198,0,0,0,48,training,0
A0199,199,0,0,0,114,training,0
A0200,200,0,0,0,135,training,0
A0201,201,0,0,0,176,training,0
A0202,202,0,0,0,92,training,0
A0203,203,0,0,0,63,training,0
A0204,204,0,0,0,125,training,0
A0205,205,0,0,0,150,training,0
A0206,206,0,0,0,165,training,0
A0207,207,0,0,0,350,test,0
A0208,208,0,0,0,124,training,0
A0209,209,0,0,0,224,training,0
A0210,210,0,0,0,200,training,0
A0211,211,0,0,0,298,validation,0
A0212,212,0,0,0,54,training,0
A0213,213,0,0,0,128,training,0
A0214,214,0,0,0,71,training,0
A0215,215,0,0,0,252,training,0
A0216,216,0,0,0,226,training,0
A0217,217,0,0,0,306,validation,0
A0218,218,0,0,0,249,training,0
A0219,219,0,0,0,219,training,0
A0220,220,0,0,0,171,training,0
A0221,221,0,0,0,126,training,0
A0222,222,0,0,0,78,training,0
A0223,223,0,0,0,41,training,0
A0224,224,0,0,0,292,validation,0
A0225,225,0,0,0,75,training,0
A0226,226,0,0,0,90,training,0
A0227,227,0,0,0,250,training,0
A0228,228,0,0,0,287,validation,0
A0229,229,0,0,0,17,training,0
A0230,230,0,0,0,50,training,0
A0231,231,0,0,0,278,validation,0
A0232,232,0,0,0,121,training,0
A0233,233,0,0,0,102,training,0
A0234,234,0,0,0,7,training,0
A0235,235,0,0,0,56,training,0
A0236,236,0,0,0,5,training,0
A0237,237,0,0,0,321,test,0
A0238,238,0,0,0,288,validation,0
A0239,239,0,0,0,311,validation,0
A0240,240,0,0,0,342,test,0
A0241,241,0,0,0,351,test,0
A0242,242,0,0,0,184,training,0
A0243,243,0,0,0,85,training,0
A0244,244,0,0,0,203,training,0
A0245,245,0,0,0,327,test,0
A0246,246,0,0,0,183,training,0
A0247,247,0,0,0,62,training,0
A0248,248,0,0,0,225,training,0
A0249,249,0,0,0,14,training,0
A0250,250,0,0,0,69,training,0
A0251,251,0,0,0,79,training,0
A0252,252,0,0,0,2,training,0
A0253,253,0,0,0,145,training,0
A0254,254,0,0,0,162,training,0
A0255,255,0,0,0,100,training,0
A0256,256,0,0,0,105,training,0
A0257,257,0,0,0,270,validation,0
A0258,258,0,0,0,271,validation,0
A0259,259,0,0,0,103,training,0
A0260,260,0,0,0,305,validation,0
A0261,261,0,0,0,52,training,0
A0262,262,0,0,0,209,training,0
A0263,263,0,0,0,358,test,0
A0264,264,0,0,0,87,training,0
A0265,265,0,0,0,251,training,0
A0266,266,0,0,0,35,training,0
A0267,267,0,0,0,149,training,0
A0268,268,0,0,0,349,test,0
A0269,269,0,0,0,16,training,0
A0270,270,0,0,0,356,test,0
A0271,271,0,0,0,213,training,0
A0272,272,0,0,0,230,training,0
A0273,273,0,0,0,46,training,0
A0274,274,0,0,0,164,training,0
A0275,275,0,0,0,300,validation,0
A0276,276,0,0,0,289,validation,0
A0277,277,0,0,0,10,training,0
A0278,278,0,0,0,72,training,0
A0279,279,0,0,0,284,validation,0
A0280,280,0,0,0,326,test,0
A0281,281,0,0,0,277,validation,0
A0282,282,0,0,0,339,test,0
A0283,283,0,0,0,291,validation,0
A0284,284,0,0,0,254,training,0
A0285,285,0,0,0,110,training,0
A0286,286,0,0,0,25,training,0
A0287,287,0,0,0,360,test,0
A0288,288,0,0,0,352,test,0
A0289,289,0,0,0,376,test,0
A0290,290,0,0,0,77,training,0
A0291,291,0,0,0,97,training,0
A0292,292,0,0,0,111,training,0
A0293,293,0,0,0,82,training,0
A0294,294,0,0,0,158,training,0
A0295,295,0,0,0,285,validation,0
A0296,296,0,0,0,118,training,0
A0297,297,0,0,0,258,training,0
A0298,298,0,0,0,94,training,0
A0299,299,0,0,0,255,training,0
A0300,300,0,0,0,190,training,0
A0301,301,0,0,0,335,test,0
A0302,302,0,0,0,354,test,0
A0303,303,0,0,0,253,training,0
A0304,304,0,0,0,0,training,0
A0305,305,0,0,0,64,training,0
A0306,306,0,0,0,154,training,0
A0307,307,0,0,0,340,test,0
A0308,308,0,0,0,107,training,0
A0309,309,0,0,0,207,training,0
A0310,310,0,0,0,186,training,0
A0311,311,0,0,0,12,training,0
A0312,312,0,0,0,310,validation,0
A0313,313,0,0,0,179,training,0
A0314,314,0,0,0,355,test,0
A0315,315,0,0,0,373,test,0
A0316,316,0,0,0,282,validation,0
A0317,317,0,0,0,348,test,0
A0318,318,0,0,0,332,test,0
A0319,319,0,0,0,337,test,0
A0320,320,0,0,0,178,training,0
A0321,321,0,0,0,134,training,0
A0322,322,0,0,0,248,training,0
A0323,323,0,0,0,324,test,0
A0324,324,0,0,0,303,validation,0
A0325,325,0,0,0,133,training,0
A0326,326,0,0,0,160,training,0
A0327,327,0,0,0,177,training,0
A0328,328,0,0,0,30,training,0
A0329,329,0,0,0,84,training,0
A0330,330,0,0,0,116,training,0
A0331,331,0,0,0,34,training,0
A0332,332,0,0,0,365,test,0
A0333,333,0,0,0,364,test,0
A0334,334,0,0,0,201,training,0
A0335,335,0,0,0,70,training,0
A0336,336,0,0,0,236,training,0
A0337,337,0,0,0,314,validation,0
A0338,338,0,0,0,274,validation,0
A0339,339,0,0,0,315,validation,0
A0340,340,0,0,0,108,training,0
A0341,341,0,0,0,19,training,0
A0342,342,0,0,0,243,training,0
A0343,343,0,0,0,196,training,0
A0344,344,0,0,0,89,training,0
A0345,345,0,0,0,212,training,0
A0346,346,0,0,0,38,training,0
A0347,347,0,0,0,269,validation,0
A0348,348,0,0,0,312,validation,0
A0349,349,0,0,0,272,validation,0
A0350,350,0,0,0,39,training,0
A0351,351,0,0,0,367,test,0
A0352,352,0,0,0,163,training,0
A0353,353,0,0,0,28,training,0
A0354,354,0,0,0,95,training,0
A0355,355,0,0,0,26,training,0
A0356,356,0,0,0,146,training,0
A0357,357,0,0,0,296,validation,0
A0358,358,0,0,0,157,training,0
A0359,359,0,0,0,140,training,0
A0360,360,0,0,0,198,training,0
A0361,361,0,0,0,22,training,0
A0362,362,0,0,0,347,test,0
A0363,363,0,0,0,174,training,0
A0364,364,0,0,0,317,validation,0
A0365,365,0,0,0,185,training,0
A0366,366,0,0,0,6,training,0
A0367,367,0,0,0,329,test,0
A0368,368,0,0,0,23,training,0
A0369,369,0,0,0,369,test,0
A0370,370,0,0,0,195,training,0
A0371,371,0,0,0,4,training,0
A0372,372,0,0,0,45,training,0
A0373,373,0,0,0,152,training,0
A0374,374,0,0,0,267,validation,0
A0375,375,0,0,0,301,validation,0
A0376,376,0,0,0,238,training,0
A0377,377,0,0,0,242,training,0
A0378,378,0,1,1,76,training,0
A0379,379,0,1,1,337,test,0
A0380,380,0,1,1,25,training,0
A0381,381,0,1,1,248,training,0
A0382,382,0,1,1,165,training,0
A0383,383,0,1,1,213,training,0
A0384,384,0,1,1,332,test,0
A0385,385,0,1,1,170,training,0
A0386,386,0,1,1,374,test,0
A0387,387,0,1,1,283,validation,0
A0388,388,0,1,1,36,training,0
A0389,389,0,1,1,358,test,0
A0390,390,0,1,1,183,training,0
A0391,391,0,1,1,79,training,0
A0392,392,0,1,1,368,test,0
A0393,393,0,1,1,244,training,0
A0394,394,0,1,1,146,training,0
A0395,395,0,1,1,69,training,0
A0396,396,0,1,1,130,training,0
A0397,397,0,1,1,309,validation,0
A0398,398,0,1,1,273,validation,0
A0399,399,0,1,1,129,training,0
A0400,400,0,1,1,137,training,0
A0401,401,0,1,1,8,training,0
A0402,402,0,1,1,312,validation,0
A0403,403,0,1,1,98,training,0
A0404,404,0,1,1,242,training,0
A0405,405,0,1,1,6,training,0
A0406,406,0,1,1,269,validation,0
A0407,407,0,1,1,142,training,0
A0408,408,0,1,1,113,training,0
A0409,409,0,1,1,29,training,0
A0410,410,0,1,1,225,training,0
A0411,411,0,1,1,256,training,0
A0412,412,0,1,1,362,test,0
A0413,413,0,1,1,181,training,0
A0414,414,0,1,1,246,training,0
A0415,415,0,1,1,127,training,0
A0416,416,0,1,1,200,training,0
A0417,417,0,1,1,26,training,0
A0418,418,0,1,1,194,training,0
A0419,419,0,1,1,136,training,0
A0420,420,0,1,1,82,training,0
A0421,421,0,1,1,161,training,0
A0422,422,0,1,1,326,test,0
A0423,423,0,1,1,243,training,0
A0424,424,0,1,1,270,validation,0
A0425,425,0,1,1,112,training,0
A0426,426,0,1,1,240,training,0
A0427,427,0,1,1,18,training,0
A0428,428,0,1,1,313,validation,0
A0429,429,0,1,1,345,test,0
A0430,430,0,1,1,143,training,0
A0431,431,0,1,1,310,validation,0
A0432,432,0,1,1,16,training,0
A0433,433,0,1,1,53,training,0
A0434,434,0,1,1,19,training,0
A0435,435,0,1,1,50,training,0
A0436,436,0,1,1,296,validation,0
A0437,437,0,1,1,263,training,0
A0438,438,0,1,1,101,training,0
A0439,439,0,1,1,63,training,0
A0440,440,0,1,1,150,training,0
A0441,441,0,1,1,47,training,0
A0442,442,0,1,1,191,training,0
A0443,443,0,1,1,160,training,0
A0444,444,0,1,1,306,validation,0
A0445,445,0,1,1,237,training,0
A0446,446,0,1,1,67,training,0
A0447,447,0,1,1,228,training,0
A0448,448,0,1,1,364,test,0
A0449,449,0,1,1,154,training,0
A0450,450,0,1,1,189,training,0
A0451,451,0,1,1,45,training,0
A0452,452,0,1,1,297,validation,0
A0453,453,0,1,1,324,test,0
A0454,454,0,1,1,220,training,0
A0455,455,0,1,1,151,training,0
A0456,456,0,1,1,317,validation,0
A0457,457,0,1,1,235,training,0
A0458,458,0,1,1,377,test,0
A0459,459,0,1,1,7,training,0
A0460,460,0,1,1,179,training,0
A0461,461,0,1,1,186,training,0
A0462,462,0,1,1,135,training,0
A0463,463,0,1,1,33,training,0
A0464,464,0,1,1,91,training,0
A0465,465,0,1,1,305,validation,0
A0466,466,0,1,1,138,training,0
A0467,467,0,1,1,275,validation,0
A0468,468,0,1,1,139,training,0
A0469,469,0,1,1,282,validation,0
A0470,470,0,1,1,134,training,0
A0471,471,0,1,1,74,training,0
A0472,472,0,1,1,83,training,0
A0473,473,0,1,1,122,training,0
A0474,474,0,1,1,3,training,0
A0475,475,0,1,1,252,training,0
A0476,476,0,1,1,46,training,0
A0477,477,0,1,1,162,training,0
A0478,478,0,1,1,370,test,0
A0479,479,0,1,1,307,validation,0
A0480,480,0,1,1,12,training,0
A0481,481,0,1,1,260,training,0
A0482,482,0,1,1,278,validation,0
A0483,483,0,1,1,89,training,0
A0484,484,0,1,1,11,training,0
A0485,485,0,1,1,59,training,0
A0486,486,0,1,1,316,validation,0
A0487,487,0,1,1,302,validation,0
A0488,488,0,1,1,205,training,0
A0489,489,0,1,1,206,training,0
A0490,490,0,1,1,22,training,0
A0491,491,0,1,1,4,training,0
A0492,492,0,1,1,64,training,0
A0493,493,0,1,1,166,training,0
A0494,494,0,1,1,38,training,0
A0495,495,0,1,1,21,training,0
A0496,496,0,1,1,163,training,0
A0497,497,0,1,1,99,training,0
A0498,498,0,1,1,300,validation,0
A0499,499,0,1,1,304,validation,0
A0500,500,0,1,1,207,training,0
A0501,501,0,1,1,217,training,0
A0502,502,0,1,1,54,training,0
A0503,503,0,1,1,119,training,0
A0504,504,0,1,1,320,validation,0
A0505,505,0,1,1,221,training,0
A0506,506,0,1,1,41,training,0
A0507,507,0,1,1,286,validation,0
A0508,508,0,1,1,15,training,0
A0509,509,0,1,1,20,training,0
A0510,510,0,1,1,121,training,0
A0511,511,0,1,1,78,training,0
A0512,512,0,1,1,105,training,0
A0513,513,0,1,1,375,test,0
A0514,514,0,1,1,120,training,0
A0515,515,0,1,1,174,training,0
A0516,516,0,1,1,175,training,0
A0517,517,0,1,1,234,training,0
A0518,518,0,1,1,195,training,0
A0519,519,0,1,1,229,training,0
A0520,520,0,1,1,209,training,0
A0521,521,0,1,1,92,training,0
A0522,522,0,1,1,314,validation,0
A0523,523,0,1,1,192,training,0
A0524,524,0,1,1,27,training,0
A0525,525,0,1,1,87,training,0
A0526,526,0,1,1,287,validation,0
A0527,527,0,1,1,159,training,0
A0528,528,0,1,1,231,training,0
A0529,529,0,1,1,128,training,0
A0530,530,0,1,1,158,training,0
A0531,531,0,1,1,352,test,0
A0532,532,0,1,1,109,training,0
A0533,533,0,1,1,349,test,0
A0534,534,0,1,1,212,training,0
A0535,535,0,1,1,148,training,0
A0536,536,0,1,1,261,training,0
A0537,537,0,1,1,115,training,0
A0538,538,0,1,1,152,training,0
A0539,539,0,1,1,249,training,0
A0540,540,0,1,1,343,test,0
A0541,541,0,1,1,123,training,0
A0542,542,0,1,1,301,validation,0
A0543,543,0,1,1,71,training,0
A0544,544,0,1,1,55,training,0
A0545,545,0,1,1,289,validation,0
A0546,546,0,1,1,39,training,0
A0547,547,0,1,1,114,training,0
A0548,548,0,1,1,219,training,0
A0549,549,0,1,1,96,training,0
A0550,550,0,1,1,32,training,0
A0551,551,0,1,1,126,training,0
A0552,552,0,1,1,155,training,0
A0553,553,0,1,1,68,training,0
A0554,554,0,1,1,353,test,0
A0555,555,0,1,1,255,training,0
A0556,556,0,1,1,376,test,0
A0557,557,0,1,1,198,training,0
A0558,558,0,1,1,111,training,0
A0559,559,0,1,1,94,training,0
A0560,560,0,1,1,342,test,0
A0561,561,0,1,1,0,training,0
A0562,562,0,1,1,329,test,0
A0563,563,0,1,1,251,training,0
A0564,564,0,1,1,90,training,0
A0565,565,0,1,1,177,training,0
A0566,566,0,1,1,279,validation,0
A0567,567,0,1,1,303,validation,0
A0568,568,0,1,1,347,test,0
A0569,569,0,1,1,223,training,0
A0570,570,0,1,1,288,validation,0
A0571,571,0,1,1,187,training,0
A0572,572,0,1,1,277,validation,0
A0573,573,0,1,1,315,validation,0
A0574,574,0,1,1,185,training,0
A0575,575,0,1,1,57,training,0
A0576,576,0,1,1,62,training,0
A0577,577,0,1,1,325,test,0
A0578,578,0,1,1,355,test,0
A0579,579,0,1,1,14,training,0
A0580,580,0,1,1,210,training,0
A0581,581,0,1,1,290,validation,0
A0582,582,0,1,1,106,training,0
A0583,583,0,1,1,118,training,0
A0584,584,0,1,1,58,training,0
A0585,585,0,1,1,354,test,0
A0586,586,0,1,1,156,training,0
A0587,587,0,1,1,65,training,0
A0588,588,0,1,1,49,training,0
A0589,589,0,1,1,371,test,0
A0590,590,0,1,1,197,training,0
A0591,591,0,1,1,17,training,0
A0592,592,0,1,1,280,validation,0
A0593,593,0,1,1,262,training,0
A0594,594,0,1,1,241,training,0
A0595,595,0,1,1,167,training,0
A0596,596,0,1,1,77,training,0
A0597,597,0,1,1,24,training,0
A0598,598,0,1,1,168,training,0
A0599,599,0,1,1,48,training,0
A0600,600,0,1,1,51,training,0
A0601,601,0,1,1,149,training,0
A0602,602,0,1,1,308,validation,0
A0603,603,0,1,1,180,training,0
A0604,604,0,1,1,132,training,0
A0605,605,0,1,1,366,test,0
A0606,606,0,1,1,268,validation,0
A0607,607,0,1,1,351,test,0
A0608,608,0,1,1,73,training,0
A0609,609,0,1,1,10,training,0
A0610,610,0,1,1,285,validation,0
A0611,611,0,1,1,274,validation,0
A0612,612,0,1,1,350,test,0
A0613,613,0,1,1,199,training,0
A0614,614,0,1,1,34,training,0
A0615,615,0,1,1,295,validation,0
A0616,616,0,1,1,102,training,0
A0617,617,0,1,1,86,training,0
A0618,618,0,1,1,2,training,0
A0619,619,0,1,1,133,training,0
A0620,620,0,1,1,173,training,0
A0621,621,0,1,1,70,training,0
A0622,622,0,1,1,23,training,0
A0623,623,0,1,1,75,training,0
A0624,624,0,1,1,333,test,0
A0625,625,0,1,1,95,training,0
A0626,626,0,1,1,264,validation,0
A0627,627,0,1,1,258,training,0
A0628,628,0,1,1,93,training,0
A0629,629,0,1,1,72,training,0
A0630,630,0,1,1,140,training,0
A0631,631,0,1,1,5,training,0
A0632,632,0,1,1,360,test,0
A0633,633,0,1,1,37,training,0
A0634,634,0,1,1,56,training,0
A0635,635,0,1,1,35,training,0
A0636,636,0,1,1,292,validation,0
A0637,637,0,1,1,66,training,0
A0638,638,0,1,1,281,validation,0
A0639,639,0,1,1,214,training,0
A0640,640,0,1,1,182,training,0
A0641,641,0,1,1,116,training,0
A0642,642,0,1,1,356,test,0
A0643,643,0,1,1,85,training,0
A0644,644,0,1,1,233,training,0
A0645,645,0,1,1,311,validation,0
A0646,646,0,1,1,97,training,0
A0647,647,0,1,1,104,training,0
A0648,648,0,1,1,359,test,0
A0649,649,0,1,1,147,training,0
A0650,650,0,1,1,239,training,0
A0651,651,0,1,1,1,training,0
A0652,652,0,1,1,30,training,0
A0653,653,0,1,1,339,test,0
A0654,654,0,1,1,222,training,0
A0655,655,0,1,1,319,validation,0
A0656,656,0,1,1,294,validation,0
A0657,657,0,1,1,346,test,0
A0658,658,0,1,1,103,training,0
A0659,659,0,1,1,171,training,0
A0660,660,0,1,1,245,training,0
A0661,661,0,1,1,9,training,0
A0662,662,0,1,1,291,validation,0
A0663,663,0,1,1,328,test,0
A0664,664,0,1,1,230,training,0
A0665,665,0,1,1,293,validation,0
A0666,666,0,1,1,169,training,0
A0667,667,0,1,1,60,training,0
A0668,668,0,1,1,373,test,0
A0669,669,0,1,1,232,training,0
A0670,670,0,1,1,125,training,0
A0671,671,0,1,1,369,test,0
A0672,672,0,1,1,157,training,0
A0673,673,0,1,1,61,training,0
A0674,674,0,1,1,254,training,0
A0675,675,0,1,1,193,training,0
A0676,676,0,1,1,363,test,0
A0677,677,0,1,1,334,test,0
A0678,678,0,1,1,215,training,0
A0679,679,0,1,1,299,validation,0
A0680,680,0,1,1,131,training,0
A0681,681,0,1,1,190,training,0
A0682,682,0,1,1,365,test,0
A0683,683,0,1,1,144,training,0
A0684,684,0,1,1,338,test,0
A0685,685,0,1,1,188,training,0
A0686,686,0,1,1,318,validation,0
A0687,687,0,1,1,124,training,0
A0688,688,0,1,1,250,training,0
A0689,689,0,1,1,253,training,0
A0690,690,0,1,1,335,test,0
A0691,691,0,1,1,216,training,0
A0692,692,0,1,1,340,test,0
A0693,693,0,1,1,321,test,0
A0694,694,0,1,1,107,training,0
A0695,695,0,1,1,145,training,0
A0696,696,0,1,1,348,test,0
A0697,697,0,1,1,227,training,0
A0698,698,0,1,1,141,training,0
A0699,699,0,1,1,208,training,0
A0700,700,0,1,1,211,training,0
A0701,701,0,1,1,330,test,0
A0702,702,0,1,1,81,training,0
A0703,703,0,1,1,272,validation,0
A0704,704,0,1,1,247,training,0
A0705,705,0,1,1,100,training,0
A0706,706,0,1,1,80,training,0
A0707,707,0,1,1,224,training,0
A0708,708,0,1,1,31,training,0
A0709,709,0,1,1,84,training,0
A0710,710,0,1,1,284,validation,0
A0711,711,0,1,1,153,training,0
A0712,712,0,1,1,336,test,0
A0713,713,0,1,1,202,training,0
A0714,714,0,1,1,323,test,0
A0715,715,0,1,1,357,test,0
A0716,716,0,1,1,44,training,0
A0717,717,0,1,1,218,training,0
A0718,718,0,1,1,372,test,0
A0719,719,0,1,1,204,training,0
A0720,720,0,1,1,201,training,0
A0721,721,0,1,1,88,training,0
A0722,722,0,1,1,361,test,0
A0723,723,0,1,1,276,validation,0
A0724,724,0,1,1,164,training,0
A0725,725,0,1,1,196,training,0
A0726,726,0,1,1,344,test,0
A0727,727,0,1,1,42,training,0
A0728,728,0,1,1,236,training,0
A0729,729,0,1,1,178,training,0
A0730,730,0,1,1,331,test,0
A0731,731,0,1,1,28,training,0
A0732,732,0,1,1,172,training,0
A0733,733,0,1,1,110,training,0
A0734,734,0,1,1,266,validation,0
A0735,735,0,1,1,327,test,0
A0736,736,0,1,1,271,validation,0
A0737,737,0,1,1,117,training,0
A0738,738,0,1,1,226,training,0
A0739,739,0,1,1,176,training,0
A0740,740,0,1,1,259,training,0
A0741,741,0,1,1,257,training,0
A0742,742,0,1,1,13,training,0
A0743,743,0,1,1,298,validation,0
A0744,744,0,1,1,238,training,0
A0745,745,0,1,1,367,test,0
A0746,746,0,1,1,43,training,0
A0747,747,0,1,1,203,training,0
A0748,748,0,1,1,267,validation,0
A0749,749,0,1,1,40,training,0
A0750,750,0,1,1,265,validation,0
A0751,751,0,1,1,184,training,0
A0752,752,0,1,1,322,test,0
A0753,753,0,1,1,108,training,0
A0754,754,0,1,1,52,training,0
A0755,755,0,1,1,341,test,0
A0756,756,0,2,2,221,training,0
A0757,757,0,2,2,273,validation,0
A0758,758,0,2,2,277,validation,0
A0759,759,0,2,2,161,training,0
A0760,760,0,2,2,341,test,0
A0761,761,0,2,2,225,training,0
A0762,762,0,2,2,235,training,0
A0763,763,0,2,2,148,training,0
A0764,764,0,2,2,269,validation,0
A0765,765,0,2,2,151,training,0
A0766,766,0,2,2,32,training,0
A0767,767,0,2,2,328,test,0
A0768,768,0,2,2,156,training,0
A0769,769,0,2,2,65,training,0
A0770,770,0,2,2,67,training,0
A0771,771,0,2,2,284,validation,0
A0772,772,0,2,2,246,training,0
A0773,773,0,2,2,125,training,0
A0774,774,0,2,2,54,training,0
A0775,775,0,2,2,354,test,0
A0776,776,0,2,2,201,training,0
A0777,777,0,2,2,30,training,0
A0778,778,0,2,2,106,training,0
A0779,779,0,2,2,313,validation,0
A0780,780,0,2,2,226,training,0
A0781,781,0,2,2,231,training,0
A0782,782,0,2,2,337,test,0
A0783,783,0,2,2,210,training,0
A0784,784,0,2,2,141,training,0
A0785,785,0,2,2,166,training,0
A0786,786,0,2,2,145,training,0
A0787,787,0,2,2,291,validation,0
A0788,788,0,2,2,175,training,0
A0789,789,0,2,2,363,test,0
A0790,790,0,2,2,190,training,0
A0791,791,0,2,2,343,test,0
A0792,792,0,2,2,19,training,0
A0793,793,0,2,2,85,training,0
A0794,794,0,2,2,3,training,0
A0795,795,0,2,2,189,training,0
A0796,796,0,2,2,264,validation,0
A0797,797,0,2,2,194,training,0
A0798,798,0,2,2,196,training,0
A0799,799,0,2,2,213,training,0
A0800,800,0,2,2,8,training,0
A0801,801,0,2,2,53,training,0
A0802,802,0,2,2,294,validation,0
A0803,803,0,2,2,107,training,0
A0804,804,0,2,2,45,training,0
A0805,805,0,2,2,332,test,0
A0806,806,0,2,2,122,training,0
A0807,807,0,2,2,52,training,0
A0808,808,0,2,2,375,test,0
A0809,809,0,2,2,276,validation,0
A0810,810,0,2,2,180,training,0
A0811,811,0,2,2,263,training,0
A0812,812,0,2,2,95,training,0
A0813,813,0,2,2,240,training,0
A0814,814,0,2,2,26,training,0
A0815,815,0,2,2,326,test,0
A0816,816,0,2,2,207,training,0
A0817,817,0,2,2,41,training,0
A0818,818,0,2,2,311,validation,0
A0819,819,0,2,2,90,training,0
A0820,820,0,2,2,270,validation,0
A0821,821,0,2,2,366,test,0
A0822,822,0,2,2,69,training,0
A0823,823,0,2,2,178,training,0
A0824,824,0,2,2,260,training,0
A0825,825,0,2,2,147,training,0
A0826,826,0,2,2,146,training,0
A0827,827,0,2,2,27,training,0
A0828,828,0,2,2,142,training,0
A0829,829,0,2,2,116,training,0
A0830,830,0,2,2,287,validation,0
A0831,831,0,2,2,133,training,0
A0832,832,0,2,2,159,training,0
A0833,833,0,2,2,112,training,0
A0834,834,0,2,2,315,validation,0
A0835,835,0,2,2,359,test,0
A0836,836,0,2,2,183,training,0
A0837,837,0,2,2,37,training,0
A0838,838,0,2,2,198,training,0
A0839,839,0,2,2,78,training,0
A0840,840,0,2,2,124,training,0
A0841,841,0,2,2,297,validation,0
A0842,842,0,2,2,292,validation,0
A0843,843,0,2,2,253,training,0
A0844,844,0,2,2,192,training,0
A0845,845,0,2,2,323,test,0
A0846,846,0,2,2,245,training,0
A0847,847,0,2,2,140,training,0
A0848,848,0,2,2,131,training,0
A0849,849,0,2,2,61,training,0
A0850,850,0,2,2,298,validation,0
A0851,851,0,2,2,101,training,0
A0852,852,0,2,2,369,test,0
A0853,853,0,2,2,349,test,0
A0854,854,0,2,2,155,training,0
A0855,855,0,2,2,271,validation,0
A0856,856,0,2,2,262,training,0
A0857,857,0,2,2,312,validation,0
A0858,858,0,2,2,197,training,0
A0859,859,0,2,2,12,training,0
A0860,860,0,2,2,74,training,0
A0861,861,0,2,2,21,training,0
A0862,862,0,2,2,114,training,0
A0863,863,0,2,2,110,training,0
A0864,864,0,2,2,187,training,0
A0865,865,0,2,2,367,test,0
A0866,866,0,2,2,102,training,0
A0867,867,0,2,2,322,test,0
A0868,868,0,2,2,134,training,0
A0869,869,0,2,2,92,training,0
A0870,870,0,2,2,236,training,0
A0871,871,0,2,2,117,training,0
A0872,872,0,2,2,176,training,0
A0873,873,0,2,2,115,training,0
A0874,874,0,2,2,158,training,0
A0875,875,0,2,2,318,validation,0
A0876,876,0,2,2,334,test,0
A0877,877,0,2,2,165,training,0
A0878,878,0,2,2,304,validation,0
A0879,879,0,2,2,76,training,0
A0880,880,0,2,2,43,training,0
A0881,881,0,2,2,179,training,0
A0882,882,0,2,2,278,validation,0
A0883,883,0,2,2,186,training,0
A0884,884,0,2,2,274,validation,0
A0885,885,0,2,2,308,validation,0
A0886,886,0,2,2,268,validation,0
A0887,887,0,2,2,305,validation,0
A0888,888,0,2,2,336,test,0
A0889,889,0,2,2,339,test,0
A0890,890,0,2,2,20,training,0
A0891,891,0,2,2,238,training,0
A0892,892,0,2,2,335,test,0
A0893,893,0,2,2,70,training,0
A0894,894,0,2,2,9,training,0
A0895,895,0,2,2,72,training,0
A0896,896,0,2,2,316,validation,0
A0897,897,0,2,2,345,test,0
A0898,898,0,2,2,195,training,0
A0899,899,0,2,2,154,training,0
A0900,900,0,2,2,193,training,0
A0901,901,0,2,2,203,training,0
A0902,902,0,2,2,57,training,0
A0903,903,0,2,2,111,training,0
A0904,904,0,2,2,5,training,0
A0905,905,0,2,2,150,training,0
A0906,906,0,2,2,80,training,0
A0907,907,0,2,2,167,training,0
A0908,908,0,2,2,75,training,0
A0909,909,0,2,2,257,training,0
A0910,910,0,2,2,365,test,0
A0911,911,0,2,2,272,validation,0
A0912,912,0,2,2,121,training,0
A0913,913,0,2,2,25,training,0
A0914,914,0,2,2,48,training,0
A0915,915,0,2,2,2,training,0
A0916,916,0,2,2,290,validation,0
A0917,917,0,2,2,123,training,0
A0918,918,0,2,2,317,validation,0
A0919,919,0,2,2,331,test,0
A0920,920,0,2,2,254,training,0
A0921,921,0,2,2,209,training,0
A0922,922,0,2,2,242,training,0
A0923,923,0,2,2,14,training,0
A0924,924,0,2,2,256,training,0
A0925,925,0,2,2,17,training,0
A0926,926,0,2,2,98,training,0
A0927,927,0,2,2,62,training,0
A0928,928,0,2,2,293,validation,0
A0929,929,0,2,2,23,training,0
A0930,930,0,2,2,347,test,0
A0931,931,0,2,2,244,training,0
A0932,932,0,2,2,86,training,0
A0933,933,0,2,2,324,test,0
A0934,934,0,2,2,200,training,0
A0935,935,0,2,2,73,training,0
A0936,936,0,2,2,250,training,0
A0937,937,0,2,2,282,validation,0
A0938,938,0,2,2,29,training,0
A0939,939,0,2,2,309,validation,0
A0940,940,0,2,2,64,training,0
A0941,941,0,2,2,104,training,0
A0942,942,0,2,2,55,training,0
A0943,943,0,2,2,218,training,0
A0944,944,0,2,2,259,training,0
A0945,945,0,2,2,261,training,0
A0946,946,0,2,2,182,training,0
A0947,947,0,2,2,135,training,0
A0948,948,0,2,2,7,training,0
A0949,949,0,2,2,299,validation,0
A0950,950,0,2,2,280,validation,0
A0951,951,0,2,2,91,training,0
A0952,952,0,2,2,232,training,0
A0953,953,0,2,2,275,validation,0
A0954,954,0,2,2,233,training,0
A0955,955,0,2,2,320,validation,0
A0956,956,0,2,2,255,training,0
A0957,957,0,2,2,185,training,0
A0958,958,0,2,2,177,training,0
A0959,959,0,2,2,79,training,0
A0960,960,0,2,2,58,training,0
A0961,961,0,2,2,286,validation,0
A0962,962,0,2,2,368,test,0
A0963,963,0,2,2,296,validation,0
A0964,964,0,2,2,348,test,0
A0965,965,0,2,2,34,training,0
A0966,966,0,2,2,100,training,0
A0967,967,0,2,2,372,test,0
A0968,968,0,2,2,219,training,0
A0969,969,0,2,2,251,training,0
A0970,970,0,2,2,373,test,0
A0971,971,0,2,2,281,validation,0
A0972,972,0,2,2,15,training,0
A0973,973,0,2,2,18,training,0
A0974,974,0,2,2,42,training,0
A0975,975,0,2,2,307,validation,0
A0976,976,0,2,2,199,training,0
A0977,977,0,2,2,374,test,0
A0978,978,0,2,2,97,training,0
A0979,979,0,2,2,325,test,0
A0980,980,0,2,2,248,training,0
A0981,981,0,2,2,342,test,0
A0982,982,0,2,2,157,training,0
A0983,983,0,2,2,143,training,0
A0984,984,0,2,2,119,training,0
A0985,985,0,2,2,330,test,0
A0986,986,0,2,2,46,training,0
A0987,987,0,2,2,96,training,0
A0988,988,0,2,2,105,training,0
A0989,989,0,2,2,222,training,0
A0990,990,0,2,2,10,training,0
A0991,991,0,2,2,153,training,0
A0992,992,0,2,2,241,training,0
A0993,993,0,2,2,301,validation,0
A0994,994,0,2,2,230,training,0
A0995,995,0,2,2,352,test,0
A0996,996,0,2,2,1,training,0
A0997,997,0,2,2,168,training,0
A0998,998,0,2,2,239,training,0
A0999,999,0,2,2,223,training,0
A1000,1000,0,2,2,327,test,0
A1001,1001,0,2,2,234,training,0
A1002,1002,0,2,2,224,training,0
A1003,1003,0,2,2,162,training,0
A1004,1004,0,2,2,68,training,0
A1005,1005,0,2,2,252,training,0
A1006,1006,0,2,2,71,training,0
A1007,1007,0,2,2,39,training,0
A1008,1008,0,2,2,83,training,0
A1009,1009,0,2,2,56,training,0
A1010,1010,0,2,2,237,training,0
A1011,1011,0,2,2,84,training,0
A1012,1012,0,2,2,377,test,0
A1013,1013,0,2,2,93,training,0
A1014,1014,0,2,2,214,training,0
A1015,1015,0,2,2,285,validation,0
A1016,1016,0,2,2,306,validation,0
A1017,1017,0,2,2,82,training,0
A1018,1018,0,2,2,350,test,0
A1019,1019,0,2,2,265,validation,0
A1020,1020,0,2,2,33,training,0
A1021,1021,0,2,2,24,training,0
A1022,1022,0,2,2,303,validation,0
A1023,1023,0,2,2,361,test,0
A1024,1024,0,2,2,212,training,0
A1025,1025,0,2,2,314,validation,0
A1026,1026,0,2,2,288,validation,0
A1027,1027,0,2,2,28,training,0
A1028,1028,0,2,2,266,validation,0
A1029,1029,0,2,2,333,test,0
A1030,1030,0,2,2,132,training,0
A1031,1031,0,2,2,360,test,0
A1032,1032,0,2,2,351,test,0
A1033,1033,0,2,2,295,validation,0
A1034,1034,0,2,2,340,test,0
A1035,1035,0,2,2,319,validation,0
A1036,1036,0,2,2,94,training,0
A1037,1037,0,2,2,243,training,0
A1038,1038,0,2,2,63,training,0
A1039,1039,0,2,2,118,training,0
A1040,1040,0,2,2,173,training,0
A1041,1041,0,2,2,87,training,0
A1042,1042,0,2,2,211,training,0
A1043,1043,0,2,2,249,training,0
A1044,1044,0,2,2,171,training,0
A1045,1045,0,2,2,49,training,0
A1046,1046,0,2,2,59,training,0
A1047,1047,0,2,2,258,training,0
A1048,1048,0,2,2,170,training,0
A1049,1049,0,2,2,184,training,0
A1050,1050,0,2,2,60,training,0
A1051,1051,0,2,2,152,training,0
A1052,1052,0,2,2,356,test,0
A1053,1053,0,2,2,149,training,0
A1054,1054,0,2,2,11,training,0
A1055,1055,0,2,2,364,test,0
A1056,1056,0,2,2,129,training,0
A1057,1057,0,2,2,137,training,0
A1058,1058,0,2,2,247,training,0
A1059,1059,0,2,2,217,training,0
A1060,1060,0,2,2,202,training,0
A1061,1061,0,2,2,44,training,0
A1062,1062,0,2,2,321,test,0
A1063,1063,0,2,2,113,training,0
A1064,1064,0,2,2,329,test,0
A1065,1065,0,2,2,370,test,0
A1066,1066,0,2,2,302,validation,0
A1067,1067,0,2,2,208,training,0
A1068,1068,0,2,2,128,training,0
A1069,1069,0,2,2,89,training,0
A1070,1070,0,2,2,130,training,0
A1071,1071,0,2,2,357,test,0
A1072,1072,0,2,2,51,training,0
A1073,1073,0,2,2,4,training,0
A1074,1074,0,2,2,138,training,0
A1075,1075,0,2,2,6,training,0
A1076,1076,0,2,2,220,training,0
A1077,1077,0,2,2,289,validation,0
A1078,1078,0,2,2,13,training,0
A1079,1079,0,2,2,362,test,0
A1080,1080,0,2,2,227,training,0
A1081,1081,0,2,2,50,training,0
A1082,1082,0,2,2,81,training,0
A1083,1083,0,2,2,66,training,0
A1084,1084,0,2,2,127,training,0
A1085,1085,0,2,2,160,training,0
A1086,1086,0,2,2,136,training,0
A1087,1087,0,2,2,358,test,0
A1088,1088,0,2,2,144,training,0
A1089,1089,0,2,2,188,training,0
A1090,1090,0,2,2,38,training,0
A1091,1091,0,2,2,35,training,0
A1092,1092,0,2,2,353,test,0
A1093,1093,0,2,2,300,validation,0
A1094,1094,0,2,2,174,training,0
A1095,1095,0,2,2,99,training,0
A1096,1096,0,2,2,47,training,0
A1097,1097,0,2,2,169,training,0
A1098,1098,0,2,2,371,test,0
A1099,1099,0,2,2,126,training,0
A1100,1100,0,2,2,215,training,0
A1101,1101,0,2,2,31,training,0
A1102,1102,0,2,2,267,validation,0
A1103,1103,0,2,2,229,training,0
A1104,1104,0,2,2,204,training,0
A1105,1105,0,2,2,228,training,0
A1106,1106,0,2,2,283,validation,0
A1107,1107,0,2,2,216,training,0
A1108,1108,0,2,2,191,training,0
A1109,1109,0,2,2,22,training,0
A1110,1110,0,2,2,103,training,0
A1111,1111,0,2,2,376,test,0
A1112,1112,0,2,2,206,training,0
A1113,1113,0,2,2,108,training,0
A1114,1114,0,2,2,88,training,0
A1115,1115,0,2,2,109,training,0
A1116,1116,0,2,2,355,test,0
A1117,1117,0,2,2,0,training,0
A1118,1118,0,2,2,181,training,0
A1119,1119,0,2,2,205,training,0
A1120,1120,0,2,2,40,training,0
A1121,1121,0,2,2,172,training,0
A1122,1122,0,2,2,16,training,0
A1123,1123,0,2,2,279,validation,0
A1124,1124,0,2,2,139,training,0
A1125,1125,0,2,2,36,training,0
A1126,1126,0,2,2,163,training,0
A1127,1127,0,2,2,344,test,0
A1128,1128,0,2,2,310,validation,0
A1129,1129,0,2,2,164,training,0
A1130,1130,0,2,2,346,test,0
A1131,1131,0,2,2,77,training,0
A1132,1132,0,2,2,338,test,0
A1133,1133,0,2,2,120,training,0
A1134,1134,1,0,3,59,training,0
A1135,1135,1,0,3,98,training,0
A1136,1136,1,0,3,37,training,0
A1137,1137,1,0,3,205,training,0
A1138,1138,1,0,3,249,training,0
A1139,1139,1,0,3,314,validation,0
A1140,1140,1,0,3,356,test,0
A1141,1141,1,0,3,74,training,0
A1142,1142,1,0,3,116,training,0
A1143,1143,1,0,3,65,training,0
A1144,1144,1,0,3,239,training,0
A1145,1145,1,0,3,26,training,0
A1146,1146,1,0,3,85,training,0
A1147,1147,1,0,3,326,test,0
A1148,1148,1,0,3,365,test,0
A1149,1149,1,0,3,63,training,0
A1150,1150,1,0,3,29,training,0
A1151,1151,1,0,3,103,training,0
A1152,1152,1,0,3,10,training,0
A1153,1153,1,0,3,114,training,0
A1154,1154,1,0,3,343,test,0
A1155,1155,1,0,3,313,validation,0
A1156,1156,1,0,3,44,training,0
A1157,1157,1,0,3,11,training,0
A1158,1158,1,0,3,176,training,0
A1159,1159,1,0,3,72,training,0
A1160,1160,1,0,3,172,training,0
A1161,1161,1,0,3,55,training,0
A1162,1162,1,0,3,128,training,0
A1163,1163,1,0,3,232,training,0
A1164,1164,1,0,3,97,training,0
A1165,1165,1,0,3,120,training,0
A1166,1166,1,0,3,364,test,0
A1167,1167,1,0,3,253,training,0
A1168,1168,1,0,3,22,training,0
A1169,1169,1,0,3,295,validation,0
A1170,1170,1,0,3,178,training,0
A1171,1171,1,0,3,377,test,0
A1172,1172,1,0,3,157,training,0
A1173,1173,1,0,3,317,validation,0
A1174,1174,1,0,3,255,training,0
A1175,1175,1,0,3,141,training,0
A1176,1176,1,0,3,357,test,0
A1177,1177,1,0,3,299,validation,0
A1178,1178,1,0,3,331,test,0
A1179,1179,1,0,3,316,validation,0
A1180,1180,1,0,3,142,training,0
A1181,1181,1,0,3,340,test,0
A1182,1182,1,0,3,106,training,0
A1183,1183,1,0,3,138,training,0
A1184,1184,1,0,3,19,training,0
A1185,1185,1,0,3,312,validation,0
A1186,1186,1,0,3,99,training,0
A1187,1187,1,0,3,240,training,0
A1188,1188,1,0,3,15,training,0
A1189,1189,1,0,3,173,training,0
A1190,1190,1,0,3,220,training,0
A1191,1191,1,0,3,89,training,0
A1192,1192,1,0,3,57,training,0
A1193,1193,1,0,3,215,training,0
A1194,1194,1,0,3,325,test,0
A1195,1195,1,0,3,101,training,0
A1196,1196,1,0,3,96,training,0
A1197,1197,1,0,3,179,training,0
A1198,1198,1,0,3,256,training,0
A1199,1199,1,0,3,196,training,0
A1200,1200,1,0,3,257,training,0
A1201,1201,1,0,3,49,training,0
A1202,1202,1,0,3,328,test,0
A1203,1203,1,0,3,254,training,0
A1204,1204,1,0,3,2,training,0
A1205,1205,1,0,3,197,training,0
A1206,1206,1,0,3,195,training,0
A1207,1207,1,0,3,252,training,0
A1208,1208,1,0,3,170,training,0
A1209,1209,1,0,3,80,training,0
A1210,1210,1,0,3,199,training,0
A1211,1211,1,0,3,250,training,0
A1212,1212,1,0,3,203,training,0
A1213,1213,1,0,3,71,training,0
A1214,1214,1,0,3,346,test,0
A1215,1215,1,0,3,336,test,0
A1216,1216,1,0,3,226,training,0
A1217,1217,1,0,3,169,training,0
A1218,1218,1,0,3,94,training,0
A1219,1219,1,0,3,294,validation,0
A1220,1220,1,0,3,88,training,0
A1221,1221,1,0,3,320,validation,0
A1222,1222,1,0,3,248,training,0
A1223,1223,1,0,3,217,training,0
A1224,1224,1,0,3,301,validation,0
A1225,1225,1,0,3,277,validation,0
A1226,1226,1,0,3,185,training,0
A1227,1227,1,0,3,371,test,0
A1228,1228,1,0,3,118,training,0
A1229,1229,1,0,3,292,validation,0
A1230,1230,1,0,3,281,validation,0
A1231,1231,1,0,3,177,training,0
A1232,1232,1,0,3,181,training,0
A1233,1233,1,0,3,43,training,0
A1234,1234,1,0,3,20,training,0
A1235,1235,1,0,3,32,training,0
A1236,1236,1,0,3,66,training,0
A1237,1237,1,0,3,219,training,0
A1238,1238,1,0,3,212,training,0
A1239,1239,1,0,3,321,test,0
A1240,1240,1,0,3,122,training,0
A1241,1241,1,0,3,335,test,0
A1242,1242,1,0,3,288,validation,0
A1243,1243,1,0,3,291,validation,0
A1244,1244,1,0,3,144,training,0
A1245,1245,1,0,3,23,training,0
A1246,1246,1,0,3,76,training,0
A1247,1247,1,0,3,349,test,0
A1248,1248,1,0,3,315,validation,0
A1249,1249,1,0,3,285,validation,0
A1250,1250,1,0,3,213,training,0
A1251,1251,1,0,3,77,training,0
A1252,1252,1,0,3,8,training,0
A1253,1253,1,0,3,304,validation,0
A1254,1254,1,0,3,115,training,0
A1255,1255,1,0,3,17,training,0
A1256,1256,1,0,3,318,validation,0
A1257,1257,1,0,3,358,test,0
A1258,1258,1,0,3,310,validation,0
A1259,1259,1,0,3,337,test,0
A1260,1260,1,0,3,107,training,0
A1261,1261,1,0,3,251,training,0
A1262,1262,1,0,3,211,training,0
A1263,1263,1,0,3,121,training,0
A1264,1264,1,0,3,51,training,0
A1265,1265,1,0,3,275,validation,0
A1266,1266,1,0,3,109,training,0
A1267,1267,1,0,3,204,training,0
A1268,1268,1,0,3,187,training,0
A1269,1269,1,0,3,91,training,0
A1270,1270,1,0,3,13,training,0
A1271,1271,1,0,3,280,validation,0
A1272,1272,1,0,3,262,training,0
A1273,1273,1,0,3,154,training,0
A1274,1274,1,0,3,87,training,0
A1275,1275,1,0,3,206,training,0
A1276,1276,1,0,3,188,training,0
A1277,1277,1,0,3,153,training,0
A1278,1278,1,0,3,180,training,0
A1279,1279,1,0,3,161,training,0
A1280,1280,1,0,3,259,training,0
A1281,1281,1,0,3,362,test,0
A1282,1282,1,0,3,347,test,0
A1283,1283,1,0,3,30,training,0
A1284,1284,1,0,3,221,training,0
A1285,1285,1,0,3,184,training,0
A1286,1286,1,0,3,6,training,0
A1287,1287,1,0,3,269,validation,0
A1288,1288,1,0,3,305,validation,0
A1289,1289,1,0,3,231,training,0
A1290,1290,1,0,3,73,training,0
A1291,1291,1,0,3,9,training,0
A1292,1292,1,0,3,165,training,0
A1293,1293,1,0,3,233,training,0
A1294,1294,1,0,3,25,training,0
A1295,1295,1,0,3,265,validation,0
A1296,1296,1,0,3,159,training,0
A1297,1297,1,0,3,350,test,0
A1298,1298,1,0,3,306,validation,0
A1299,1299,1,0,3,237,training,0
A1300,1300,1,0,3,68,training,0
A1301,1301,1,0,3,75,training,0
A1302,1302,1,0,3,360,test,0
A1303,1303,1,0,3,267,validation,0
A1304,1304,1,0,3,110,training,0
A1305,1305,1,0,3,18,training,0
A1306,1306,1,0,3,69,training,0
A1307,1307,1,0,3,223,training,0
A1308,1308,1,0,3,140,training,0
A1309,1309,1,0,3,56,training,0
A1310,1310,1,0,3,270,validation,0
A1311,1311,1,0,3,174,training,0
A1312,1312,1,0,3,131,training,0
A1313,1313,1,0,3,171,training,0
A1314,1314,1,0,3,36,training,0
A1315,1315,1,0,3,132,training,0
A1316,1316,1,0,3,38,training,0
A1317,1317,1,0,3,146,training,0
A1318,1318,1,0,3,192,training,0
A1319,1319,1,0,3,147,training,0
A1320,1320,1,0,3,111,training,0
A1321,1321,1,0,3,274,validation,0
A1322,1322,1,0,3,92,training,0
A1323,1323,1,0,3,52,training,0
A1324,1324,1,0,3,190,training,0
A1325,1325,1,0,3,112,training,0
A1326,1326,1,0,3,5,training,0
A1327,1327,1,0,3,309,validation,0
A1328,1328,1,0,3,367,test,0
A1329,1329,1,0,3,324,test,0
A1330,1330,1,0,3,60,training,0
A1331,1331,1,0,3,160,training,0
A1332,1332,1,0,3,351,test,0
A1333,1333,1,0,3,319,validation,0
A1334,1334,1,0,3,278,validation,0
A1335,1335,1,0,3,70,training,0
A1336,1336,1,0,3,263,training,0
A1337,1337,1,0,3,286,validation,0
A1338,1338,1,0,3,208,training,0
A1339,1339,1,0,3,296,validation,0
A1340,1340,1,0,3,218,training,0
A1341,1341,1,0,3,293,validation,0
A1342,1342,1,0,3,333,test,0
A1343,1343,1,0,3,276,validation,0
A1344,1344,1,0,3,372,test,0
A1345,1345,1,0,3,353,test,0
A1346,1346,1,0,3,228,training,0
A1347,1347,1,0,3,245,training,0
A1348,1348,1,0,3,282,validation,0
A1349,1349,1,0,3,24,training,0
A1350,1350,1,0,3,323,test,0
A1351,1351,1,0,3,361,test,0
A1352,1352,1,0,3,151,training,0
A1353,1353,1,0,3,186,training,0
A1354,1354,1,0,3,50,training,0
A1355,1355,1,0,3,3,training,0
A1356,1356,1,0,3,137,training,0
A1357,1357,1,0,3,342,test,0
A1358,1358,1,0,3,224,training,0
A1359,1359,1,0,3,327,test,0
A1360,1360,1,0,3,14,training,0
A1361,1361,1,0,3,64,training,0
A1362,1362,1,0,3,198,training,0
A1363,1363,1,0,3,100,training,0
A1364,1364,1,0,3,193,training,0
A1365,1365,1,0,3,16,training,0
A1366,1366,1,0,3,243,training,0
A1367,1367,1,0,3,108,training,0
A1368,1368,1,0,3,284,validation,0
A1369,1369,1,0,3,234,training,0
A1370,1370,1,0,3,375,test,0
A1371,1371,1,0,3,40,training,0
A1372,1372,1,0,3,53,training,0
A1373,1373,1,0,3,124,training,0
A1374,1374,1,0,3,119,training,0
A1375,1375,1,0,3,21,training,0
A1376,1376,1,0,3,279,validation,0
A1377,1377,1,0,3,355,test,0
A1378,1378,1,0,3,363,test,0
A1379,1379,1,0,3,54,training,0
A1380,1380,1,0,3,210,training,0
A1381,1381,1,0,3,164,training,0
A1382,1382,1,0,3,4,training,0
A1383,1383,1,0,3,28,training,0
A1384,1384,1,0,3,12,training,0
A1385,1385,1,0,3,189,training,0
A1386,1386,1,0,3,117,training,0
A1387,1387,1,0,3,258,training,0
A1388,1388,1,0,3,344,test,0
A1389,1389,1,0,3,191,training,0
A1390,1390,1,0,3,35,training,0
A1391,1391,1,0,3,31,training,0
A1392,1392,1,0,3,78,training,0
A1393,1393,1,0,3,302,validation,0
A1394,1394,1,0,3,339,test,0
A1395,1395,1,0,3,136,training,0
A1396,1396,1,0,3,62,training,0
A1397,1397,1,0,3,216,training,0
A1398,1398,1,0,3,287,validation,0
A1399,1399,1,0,3,225,training,0
A1400,1400,1,0,3,307,validation,0
A1401,1401,1,0,3,244,training,0
A1402,1402,1,0,3,242,training,0
A1403,1403,1,0,3,90,training,0
A1404,1404,1,0,3,123,training,0
A1405,1405,1,0,3,330,test,0
A1406,1406,1,0,3,264,validation,0
A1407,1407,1,0,3,341,test,0
A1408,1408,1,0,3,268,validation,0
A1409,1409,1,0,3,145,training,0
A1410,1410,1,0,3,332,test,0
A1411,1411,1,0,3,83,training,0
A1412,1412,1,0,3,201,training,0
A1413,1413,1,0,3,135,training,0
A1414,1414,1,0,3,338,test,0
A1415,1415,1,0,3,202,training,0
A1416,1416,1,0,3,48,training,0
A1417,1417,1,0,3,182,training,0
A1418,1418,1,0,3,42,training,0
A1419,1419,1,0,3,290,validation,0
A1420,1420,1,0,3,329,test,0
A1421,1421,1,0,3,34,training,0
A1422,1422,1,0,3,58,training,0
A1423,1423,1,0,3,104,training,0
A1424,1424,1,0,3,241,training,0
A1425,1425,1,0,3,148,training,0
A1426,1426,1,0,3,345,test,0
A1427,1427,1,0,3,194,training,0
A1428,1428,1,0,3,7,training,0
A1429,1429,1,0,3,297,validation,0
A1430,1430,1,0,3,247,training,0
A1431,1431,1,0,3,235,training,0
A1432,1432,1,0,3,93,training,0
A1433,1433,1,0,3,126,training,0
A1434,1434,1,0,3,369,test,0
A1435,1435,1,0,3,261,training,0
A1436,1436,1,0,3,134,training,0
A1437,1437,1,0,3,45,training,0
A1438,1438,1,0,3,155,training,0
A1439,1439,1,0,3,102,training,0
A1440,1440,1,0,3,209,training,0
A1441,1441,1,0,3,373,test,0
A1442,1442,1,0,3,354,test,0
A1443,1443,1,0,3,163,training,0
A1444,1444,1,0,3,82,training,0
A1445,1445,1,0,3,359,test,0
A1446,1446,1,0,3,334,test,0
A1447,1447,1,0,3,86,training,0
A1448,1448,1,0,3,152,training,0
A1449,1449,1,0,3,129,training,0
A1450,1450,1,0,3,272,validation,0
A1451,1451,1,0,3,0,training,0
A1452,1452,1,0,3,41,training,0
A1453,1453,1,0,3,47,training,0
A1454,1454,1,0,3,273,validation,0
A1455,1455,1,0,3,61,training,0
A1456,1456,1,0,3,1,training,0
A1457,1457,1,0,3,67,training,0
A1458,1458,1,0,3,105,training,0
A1459,1459,1,0,3,95,training,0
A1460,1460,1,0,3,260,training,0
A1461,1461,1,0,3,230,training,0
A1462,1462,1,0,3,143,training,0
A1463,1463,1,0,3,158,training,0
A1464,1464,1,0,3,46,training,0
A1465,1465,1,0,3,183,training,0
A1466,1466,1,0,3,283,validation,0
A1467,1467,1,0,3,271,validation,0
A1468,1468,1,0,3,352,test,0
A1469,1469,1,0,3,162,training,0
A1470,1470,1,0,3,214,training,0
A1471,1471,1,0,3,311,validation,0
A1472,1472,1,0,3,374,test,0
A1473,1473,1,0,3,156,training,0
A1474,1474,1,0,3,130,training,0
A1475,1475,1,0,3,289,validation,0
A1476,1476,1,0,3,246,training,0
A1477,1477,1,0,3,227,training,0
A1478,1478,1,0,3,229,training,0
A1479,1479,1,0,3,308,validation,0
A1480,1480,1,0,3,236,training,0
A1481,1481,1,0,3,207,training,0
A1482,1482,1,0,3,298,validation,0
A1483,1483,1,0,3,175,training,0
A1484,1484,1,0,3,303,validation,0
A1485,1485,1,0,3,166,training,0
A1486,1486,1,0,3,27,training,0
A1487,1487,1,0,3,133,training,0
A1488,1488,1,0,3,84,training,0
A1489,1489,1,0,3,167,training,0
A1490,1490,1,0,3,168,training,0
A1491,1491,1,0,3,79,training,0
A1492,1492,1,0,3,150,training,0
A1493,1493,1,0,3,300,validation,0
A1494,1494,1,0,3,376,test,0
A1495,1495,1,0,3,370,test,0
A1496,1496,1,0,3,368,test,0
A1497,1497,1,0,3,149,training,0
A1498,1498,1,0,3,127,training,0
A1499,1499,1,0,3,139,training,0
A1500,1500,1,0,3,113,training,0
A1501,1501,1,0,3,366,test,0
A1502,1502,1,0,3,322,test,0
A1503,1503,1,0,3,81,training,0
A1504,1504,1,0,3,125,training,0
A1505,1505,1,0,3,348,test,0
A1506,1506,1,0,3,200,training,0
A1507,1507,1,0,3,33,training,0
A1508,1508,1,0,3,222,training,0
A1509,1509,1,0,3,238,training,0
A1510,1510,1,0,3,266,validation,0
A1511,1511,1,0,3,39,training,0
A1512,1512,1,1,4,240,training,0
A1513,1513,1,1,4,347,test,0
A1514,1514,1,1,4,212,training,0
A1515,1515,1,1,4,24,training,0
A1516,1516,1,1,4,327,test,0
A1517,1517,1,1,4,29,training,0
A1518,1518,1,1,4,35,training,0
A1519,1519,1,1,4,200,training,0
A1520,1520,1,1,4,59,training,0
A1521,1521,1,1,4,312,validation,0
A1522,1522,1,1,4,190,training,0
A1523,1523,1,1,4,176,training,0
A1524,1524,1,1,4,49,training,0
A1525,1525,1,1,4,152,training,0
A1526,1526,1,1,4,324,test,0
A1527,1527,1,1,4,76,training,0
A1528,1528,1,1,4,354,test,0
A1529,1529,1,1,4,254,training,0
A1530,1530,1,1,4,218,training,0
A1531,1531,1,1,4,258,training,0
A1532,1532,1,1,4,140,training,0
A1533,1533,1,1,4,136,training,0
A1534,1534,1,1,4,33,training,0
A1535,1535,1,1,4,319,validation,0
A1536,1536,1,1,4,60,training,0
A1537,1537,1,1,4,124,training,0
A1538,1538,1,1,4,278,validation,0
A1539,1539,1,1,4,43,training,0
A1540,1540,1,1,4,98,training,0
A1541,1541,1,1,4,154,training,0
A1542,1542,1,1,4,135,training,0
A1543,1543,1,1,4,113,training,0
A1544,1544,1,1,4,168,training,0
A1545,1545,1,1,4,163,training,0
A1546,1546,1,1,4,18,training,0
A1547,1547,1,1,4,295,validation,0
A1548,1548,1,1,4,282,validation,0
A1549,1549,1,1,4,74,training,0
A1550,1550,1,1,4,150,training,0
A1551,1551,1,1,4,23,training,0
A1552,1552,1,1,4,241,training,0
A1553,1553,1,1,4,250,training,0
A1554,1554,1,1,4,291,validation,0
A1555,1555,1,1,4,308,validation,0
A1556,1556,1,1,4,182,training,0
A1557,1557,1,1,4,294,validation,0
A1558,1558,1,1,4,183,training,0
A1559,1559,1,1,4,289,validation,0
A1560,1560,1,1,4,107,training,0
A1561,1561,1,1,4,27,training,0
A1562,1562,1,1,4,146,training,0
A1563,1563,1,1,4,172,training,0
A1564,1564,1,1,4,317,validation,0
A1565,1565,1,1,4,9,training,0
A1566,1566,1,1,4,346,test,0
A1567,1567,1,1,4,257,training,0
A1568,1568,1,1,4,86,training,0
A1569,1569,1,1,4,68,training,0
A1570,1570,1,1,4,186,training,0
A1571,1571,1,1,4,349,test,0
A1572,1572,1,1,4,358,test,0
A1573,1573,1,1,4,70,training,0
A1574,1574,1,1,4,330,test,0
A1575,1575,1,1,4,299,validation,0
A1576,1576,1,1,4,224,training,0
A1577,1577,1,1,4,143,training,0
A1578,1578,1,1,4,14,training,0
A1579,1579,1,1,4,188,training,0
A1580,1580,1,1,4,185,training,0
A1581,1581,1,1,4,133,training,0
A1582,1582,1,1,4,285,validation,0
A1583,1583,1,1,4,91,training,0
A1584,1584,1,1,4,130,training,0
A1585,1585,1,1,4,73,training,0
A1586,1586,1,1,4,101,training,0
A1587,1587,1,1,4,195,training,0
A1588,1588,1,1,4,199,training,0
A1589,1589,1,1,4,80,training,0
A1590,1590,1,1,4,2,training,0
A1591,1591,1,1,4,249,training,0
A1592,1592,1,1,4,235,training,0
A1593,1593,1,1,4,372,test,0
A1594,1594,1,1,4,207,training,0
A1595,1595,1,1,4,158,training,0
A1596,1596,1,1,4,118,training,0
A1597,1597,1,1,4,128,training,0
A1598,1598,1,1,4,162,training,0
A1599,1599,1,1,4,356,test,0
A1600,1600,1,1,4,208,training,0
A1601,1601,1,1,4,265,validation,0
A1602,1602,1,1,4,156,training,0
A1603,1603,1,1,4,174,training,0
A1604,1604,1,1,4,201,training,0
A1605,1605,1,1,4,125,training,0
A1606,1606,1,1,4,95,training,0
A1607,1607,1,1,4,192,training,0
A1608,1608,1,1,4,309,validation,0
A1609,1609,1,1,4,217,training,0
A1610,1610,1,1,4,283,validation,0
A1611,1611,1,1,4,229,training,0
A1612,1612,1,1,4,58,training,0
A1613,1613,1,1,4,5,training,0
A1614,1614,1,1,4,12,training,0
A1615,1615,1,1,4,315,validation,0
A1616,1616,1,1,4,335,test,0
A1617,1617,1,1,4,274,validation,0
A1618,1618,1,1,4,139,training,0
A1619,1619,1,1,4,6,training,0
A1620,1620,1,1,4,50,training,0
A1621,1621,1,1,4,82,training,0
A1622,1622,1,1,4,238,training,0
A1623,1623,1,1,4,117,training,0
A1624,1624,1,1,4,17,training,0
A1625,1625,1,1,4,47,training,0
A1626,1626,1,1,4,209,training,0
A1627,1627,1,1,4,340,test,0
A1628,1628,1,1,4,38,training,0
A1629,1629,1,1,4,338,test,0
A1630,1630,1,1,4,203,training,0
A1631,1631,1,1,4,343,test,0
A1632,1632,1,1,4,227,training,0
A1633,1633,1,1,4,8,training,0
A1634,1634,1,1,4,169,training,0
A1635,1635,1,1,4,116,training,0
A1636,1636,1,1,4,310,validation,0
A1637,1637,1,1,4,375,test,0
A1638,1638,1,1,4,266,validation,0
A1639,1639,1,1,4,189,training,0
A1640,1640,1,1,4,13,training,0
A1641,1641,1,1,4,303,validation,0
A1642,1642,1,1,4,94,training,0
A1643,1643,1,1,4,99,training,0
A1644,1644,1,1,4,71,training,0
A1645,1645,1,1,4,39,training,0
A1646,1646,1,1,4,15,training,0
A1647,1647,1,1,4,264,validation,0
A1648,1648,1,1,4,369,test,0
A1649,1649,1,1,4,232,training,0
A1650,1650,1,1,4,270,validation,0
A1651,1651,1,1,4,226,training,0
A1652,1652,1,1,4,245,training,0
A1653,1653,1,1,4,166,training,0
A1654,1654,1,1,4,40,training,0
A1655,1655,1,1,4,194,training,0
A1656,1656,1,1,4,364,test,0
A1657,1657,1,1,4,110,training,0
A1658,1658,1,1,4,363,test,0
A1659,1659,1,1,4,256,training,0
A1660,1660,1,1,4,26,training,0
A1661,1661,1,1,4,311,validation,0
A1662,1662,1,1,4,25,training,0
A1663,1663,1,1,4,231,training,0
A1664,1664,1,1,4,342,test,0
A1665,1665,1,1,4,230,training,0
A1666,1666,1,1,4,191,training,0
A1667,1667,1,1,4,187,training,0
A1668,1668,1,1,4,20,training,0
A1669,1669,1,1,4,132,training,0
A1670,1670,1,1,4,179,training,0
A1671,1671,1,1,4,164,training,0
A1672,1672,1,1,4,102,training,0
A1673,1673,1,1,4,284,validation,0
A1674,1674,1,1,4,359,test,0
A1675,1675,1,1,4,352,test,0
A1676,1676,1,1,4,253,training,0
A1677,1677,1,1,4,28,training,0
A1678,1678,1,1,4,322,test,0
A1679,1679,1,1,4,131,training,0
A1680,1680,1,1,4,306,validation,0
A1681,1681,1,1,4,271,validation,0
A1682,1682,1,1,4,21,training,0
A1683,1683,1,1,4,272,validation,0
A1684,1684,1,1,4,178,training,0
A1685,1685,1,1,4,298,validation,0
A1686,1686,1,1,4,126,training,0
A1687,1687,1,1,4,326,test,0
A1688,1688,1,1,4,316,validation,0
A1689,1689,1,1,4,151,training,0
A1690,1690,1,1,4,273,validation,0
A1691,1691,1,1,4,373,test,0
A1692,1692,1,1,4,22,training,0
A1693,1693,1,1,4,198,training,0
A1694,1694,1,1,4,300,validation,0
A1695,1695,1,1,4,115,training,0
A1696,1696,1,1,4,161,training,0
A1697,1697,1,1,4,296,validation,0
A1698,1698,1,1,4,123,training,0
A1699,1699,1,1,4,345,test,0
A1700,1700,1,1,4,260,training,0
A1701,1701,1,1,4,45,training,0
A1702,1702,1,1,4,351,test,0
A1703,1703,1,1,4,121,training,0
A1704,1704,1,1,4,89,training,0
A1705,1705,1,1,4,79,training,0
A1706,1706,1,1,4,175,training,0
A1707,1707,1,1,4,64,training,0
A1708,1708,1,1,4,333,test,0
A1709,1709,1,1,4,220,training,0
A1710,1710,1,1,4,170,training,0
A1711,1711,1,1,4,304,validation,0
A1712,1712,1,1,4,114,training,0
A1713,1713,1,1,4,75,training,0
A1714,1714,1,1,4,247,training,0
A1715,1715,1,1,4,3,training,0
A1716,1716,1,1,4,321,test,0
A1717,1717,1,1,4,366,test,0
A1718,1718,1,1,4,301,validation,0
A1719,1719,1,1,4,137,training,0
A1720,1720,1,1,4,361,test,0
A1721,1721,1,1,4,275,validation,0
A1722,1722,1,1,4,261,training,0
A1723,1723,1,1,4,262,training,0
A1724,1724,1,1,4,292,validation,0
A1725,1725,1,1,4,202,training,0
A1726,1726,1,1,4,149,training,0
A1727,1727,1,1,4,325,test,0
A1728,1728,1,1,4,100,training,0
A1729,1729,1,1,4,46,training,0
A1730,1730,1,1,4,4,training,0
A1731,1731,1,1,4,160,training,0
A1732,1732,1,1,4,337,test,0
A1733,1733,1,1,4,138,training,0
A1734,1734,1,1,4,206,training,0
A1735,1735,1,1,4,214,training,0
A1736,1736,1,1,4,181,training,0
A1737,1737,1,1,4,252,training,0
A1738,1738,1,1,4,277,validation,0
A1739,1739,1,1,4,374,test,0
A1740,1740,1,1,4,288,validation,0
A1741,1741,1,1,4,111,training,0
A1742,1742,1,1,4,90,training,0
A1743,1743,1,1,4,362,test,0
A1744,1744,1,1,4,234,training,0
A1745,1745,1,1,4,210,training,0
A1746,1746,1,1,4,57,training,0
A1747,1747,1,1,4,19,training,0
A1748,1748,1,1,4,184,training,0
A1749,1749,1,1,4,177,training,0
A1750,1750,1,1,4,88,training,0
A1751,1751,1,1,4,255,training,0
A1752,1752,1,1,4,350,test,0
A1753,1753,1,1,4,367,test,0
A1754,1754,1,1,4,134,training,0
A1755,1755,1,1,4,84,training,0
A1756,1756,1,1,4,120,training,0
A1757,1757,1,1,4,109,training,0
A1758,1758,1,1,4,30,training,0
A1759,1759,1,1,4,112,training,0
A1760,1760,1,1,4,31,training,0
A1761,1761,1,1,4,66,training,0
A1762,1762,1,1,4,193,training,0
A1763,1763,1,1,4,348,test,0
A1764,1764,1,1,4,246,training,0
A1765,1765,1,1,4,267,validation,0
A1766,1766,1,1,4,97,training,0
A1767,1767,1,1,4,141,training,0
A1768,1768,1,1,4,34,training,0
A1769,1769,1,1,4,0,training,0
A1770,1770,1,1,4,51,training,0
A1771,1771,1,1,4,171,training,0
A1772,1772,1,1,4,215,training,0
A1773,1773,1,1,4,87,training,0
A1774,1774,1,1,4,328,test,0
A1775,1775,1,1,4,129,training,0
A1776,1776,1,1,4,371,test,0
A1777,1777,1,1,4,263,training,0
A1778,1778,1,1,4,236,training,0
A1779,1779,1,1,4,228,training,0
A1780,1780,1,1,4,93,training,0
A1781,1781,1,1,4,286,validation,0
A1782,1782,1,1,4,7,training,0
A1783,1783,1,1,4,331,test,0
A1784,1784,1,1,4,281,validation,0
A1785,1785,1,1,4,54,training,0
A1786,1786,1,1,4,36,training,0
A1787,1787,1,1,4,165,training,0
A1788,1788,1,1,4,103,training,0
A1789,1789,1,1,4,376,test,0
A1790,1790,1,1,4,159,training,0
A1791,1791,1,1,4,259,training,0
A1792,1792,1,1,4,293,validation,0
A1793,1793,1,1,4,104,training,0
A1794,1794,1,1,4,119,training,0
A1795,1795,1,1,4,244,training,0
A1796,1796,1,1,4,216,training,0
A1797,1797,1,1,4,63,training,0
A1798,1798,1,1,4,142,training,0
A1799,1799,1,1,4,242,training,0
A1800,1800,1,1,4,69,training,0
A1801,1801,1,1,4,106,training,0
A1802,1802,1,1,4,336,test,0
A1803,1803,1,1,4,314,validation,0
A1804,1804,1,1,4,329,test,0
A1805,1805,1,1,4,365,test,0
A1806,1806,1,1,4,127,training,0
A1807,1807,1,1,4,251,training,0
A1808,1808,1,1,4,56,training,0
A1809,1809,1,1,4,196,training,0
A1810,1810,1,1,4,153,training,0
A1811,1811,1,1,4,62,training,0
A1812,1812,1,1,4,269,validation,0
A1813,1813,1,1,4,237,training,0
A1814,1814,1,1,4,48,training,0
A1815,1815,1,1,4,219,training,0
A1816,1816,1,1,4,204,training,0
A1817,1817,1,1,4,148,training,0
A1818,1818,1,1,4,157,training,0
A1819,1819,1,1,4,222,training,0
A1820,1820,1,1,4,96,training,0
A1821,1821,1,1,4,307,validation,0
A1822,1822,1,1,4,318,validation,0
A1823,1823,1,1,4,276,validation,0
A1824,1824,1,1,4,221,training,0
A1825,1825,1,1,4,108,training,0
A1826,1826,1,1,4,332,test,0
A1827,1827,1,1,4,65,training,0
A1828,1828,1,1,4,368,test,0
A1829,1829,1,1,4,223,training,0
A1830,1830,1,1,4,313,validation,0
A1831,1831,1,1,4,213,training,0
A1832,1832,1,1,4,92,training,0
A1833,1833,1,1,4,225,training,0
A1834,1834,1,1,4,61,training,0
A1835,1835,1,1,4,122,training,0
A1836,1836,1,1,4,144,training,0
A1837,1837,1,1,4,323,test,0
A1838,1838,1,1,4,55,training,0
A1839,1839,1,1,4,67,training,0
A1840,1840,1,1,4,105,training,0
A1841,1841,1,1,4,243,training,0
A1842,1842,1,1,4,77,training,0
A1843,1843,1,1,4,360,test,0
A1844,1844,1,1,4,290,validation,0
A1845,1845,1,1,4,320,validation,0
A1846,1846,1,1,4,85,training,0
A1847,1847,1,1,4,37,training,0
A1848,1848,1,1,4,1,training,0
A1849,1849,1,1,4,305,validation,0
A1850,1850,1,1,4,42,training,0
A1851,1851,1,1,4,297,validation,0
A1852,1852,1,1,4,78,training,0
A1853,1853,1,1,4,167,training,0
A1854,1854,1,1,4,353,test,0
A1855,1855,1,1,4,233,training,0
A1856,1856,1,1,4,155,training,0
A1857,1857,1,1,4,370,test,0
A1858,1858,1,1,4,341,test,0
A1859,1859,1,1,4,44,training,0
A1860,1860,1,1,4,334,test,0
A1861,1861,1,1,4,287,validation,0
A1862,1862,1,1,4,279,validation,0
A1863,1863,1,1,4,268,validation,0
A1864,1864,1,1,4,248,training,0
A1865,1865,1,1,4,173,training,0
A1866,1866,1,1,4,180,training,0
A1867,1867,1,1,4,280,validation,0
A1868,1868,1,1,4,355,test,0
A1869,1869,1,1,4,339,test,0
A1870,1870,1,1,4,147,training,0
A1871,1871,1,1,4,16,training,0
A1872,1872,1,1,4,205,training,0
A1873,1873,1,1,4,10,training,0
A1874,1874,1,1,4,377,test,0
A1875,1875,1,1,4,32,training,0
A1876,1876,1,1,4,72,training,0
A1877,1877,1,1,4,53,training,0
A1878,1878,1,1,4,357,test,0
A1879,1879,1,1,4,145,training,0
A1880,1880,1,1,4,11,training,0
A1881,1881,1,1,4,344,test,0
A1882,1882,1,1,4,239,training,0
A1883,1883,1,1,4,41,training,0
A1884,1884,1,1,4,83,training,0
A1885,1885,1,1,4,302,validation,0
A1886,1886,1,1,4,52,training,0
A1887,1887,1,1,4,197,training,0
A1888,1888,1,1,4,81,training,0
A1889,1889,1,1,4,211,training,0
A1890,1890,1,2,5,225,training,0
A1891,1891,1,2,5,342,test,0
A1892,1892,1,2,5,163,training,0
A1893,1893,1,2,5,337,test,0
A1894,1894,1,2,5,354,test,0
A1895,1895,1,2,5,88,training,0
A1896,1896,1,2,5,26,training,0
A1897,1897,1,2,5,324,test,0
A1898,1898,1,2,5,207,training,0
A1899,1899,1,2,5,1,training,0
A1900,1900,1,2,5,52,training,0
A1901,1901,1,2,5,198,training,0
A1902,1902,1,2,5,320,validation,0
A1903,1903,1,2,5,42,training,0
A1904,1904,1,2,5,360,test,0
A1905,1905,1,2,5,199,training,0
A1906,1906,1,2,5,220,training,0
A1907,1907,1,2,5,209,training,0
A1908,1908,1,2,5,2,training,0
A1909,1909,1,2,5,247,training,0
A1910,1910,1,2,5,229,training,0
A1911,1911,1,2,5,200,training,0
A1912,1912,1,2,5,62,training,0
A1913,1913,1,2,5,143,training,0
A1914,1914,1,2,5,155,training,0
A1915,1915,1,2,5,110,training,0
A1916,1916,1,2,5,365,test,0
A1917,1917,1,2,5,237,training,0
A1918,1918,1,2,5,318,validation,0
A1919,1919,1,2,5,107,training,0
A1920,1920,1,2,5,302,validation,0
A1921,1921,1,2,5,157,training,0
A1922,1922,1,2,5,55,training,0
A1923,1923,1,2,5,262,training,0
A1924,1924,1,2,5,307,validation,0
A1925,1925,1,2,5,240,training,0
A1926,1926,1,2,5,194,training,0
A1927,1927,1,2,5,69,training,0
A1928,1928,1,2,5,68,training,0
A1929,1929,1,2,5,185,training,0
A1930,1930,1,2,5,356,test,0
A1931,1931,1,2,5,61,training,0
A1932,1932,1,2,5,329,test,0
A1933,1933,1,2,5,298,validation,0
A1934,1934,1,2,5,132,training,0
A1935,1935,1,2,5,291,validation,0
A1936,1936,1,2,5,208,training,0
A1937,1937,1,2,5,28,training,0
A1938,1938,1,2,5,174,training,0
A1939,1939,1,2,5,120,training,0
A1940,1940,1,2,5,284,validation,0
A1941,1941,1,2,5,246,training,0
A1942,1942,1,2,5,249,training,0
A1943,1943,1,2,5,177,training,0
A1944,1944,1,2,5,23,training,0
A1945,1945,1,2,5,323,test,0
A1946,1946,1,2,5,351,test,0
A1947,1947,1,2,5,93,training,0
A1948,1948,1,2,5,243,training,0
A1949,1949,1,2,5,206,training,0
A1950,1950,1,2,5,214,training,0
A1951,1951,1,2,5,221,training,0
A1952,1952,1,2,5,275,validation,0
A1953,1953,1,2,5,327,test,0
A1954,1954,1,2,5,5,training,0
A1955,1955,1,2,5,108,training,0
A1956,1956,1,2,5,60,training,0
A1957,1957,1,2,5,191,training,0
A1958,1958,1,2,5,53,training,0
A1959,1959,1,2,5,129,training,0
A1960,1960,1,2,5,212,training,0
A1961,1961,1,2,5,277,validation,0
A1962,1962,1,2,5,230,training,0
A1963,1963,1,2,5,140,training,0
A1964,1964,1,2,5,89,training,0
A1965,1965,1,2,5,367,test,0
A1966,1966,1,2,5,83,training,0
A1967,1967,1,2,5,134,training,0
A1968,1968,1,2,5,271,validation,0
A1969,1969,1,2,5,29,training,0
A1970,1970,1,2,5,22,training,0
A1971,1971,1,2,5,156,training,0
A1972,1972,1,2,5,44,training,0
A1973,1973,1,2,5,182,training,0
A1974,1974,1,2,5,372,test,0
A1975,1975,1,2,5,82,training,0
A1976,1976,1,2,5,19,training,0
A1977,1977,1,2,5,263,training,0
A1978,1978,1,2,5,164,training,0
A1979,1979,1,2,5,103,training,0
A1980,1980,1,2,5,152,training,0
A1981,1981,1,2,5,361,test,0
A1982,1982,1,2,5,315,validation,0
A1983,1983,1,2,5,97,training,0
A1984,1984,1,2,5,316,validation,0
A1985,1985,1,2,5,338,test,0
A1986,1986,1,2,5,84,training,0
A1987,1987,1,2,5,317,validation,0
A1988,1988,1,2,5,377,test,0
A1989,1989,1,2,5,241,training,0
A1990,1990,1,2,5,3,training,0
A1991,1991,1,2,5,40,training,0
A1992,1992,1,2,5,10,training,0
A1993,1993,1,2,5,113,training,0
A1994,1994,1,2,5,204,training,0
A1995,1995,1,2,5,92,training,0
A1996,1996,1,2,5,292,validation,0
A1997,1997,1,2,5,49,training,0
A1998,1998,1,2,5,74,training,0
A1999,1999,1,2,5,79,training,0
A2000,2000,1,2,5,15,training,0
A2001,2001,1,2,5,181,training,0
A2002,2002,1,2,5,205,training,0
A2003,2003,1,2,5,158,training,0
A2004,2004,1,2,5,169,training,0
A2005,2005,1,2,5,85,training,0
A2006,2006,1,2,5,268,validation,0
A2007,2007,1,2,5,176,training,0
A2008,2008,1,2,5,147,training,0
A2009,2009,1,2,5,146,training,0
A2010,2010,1,2,5,144,training,0
A2011,2011,1,2,5,348,test,0
A2012,2012,1,2,5,186,training,0
A2013,2013,1,2,5,180,training,0
A2014,2014,1,2,5,172,training,0
A2015,2015,1,2,5,165,training,0
A2016,2016,1,2,5,63,training,0
A2017,2017,1,2,5,96,training,0
A2018,2018,1,2,5,233,training,0
A2019,2019,1,2,5,293,validation,0
A2020,2020,1,2,5,179,training,0
A2021,2021,1,2,5,374,test,0
A2022,2022,1,2,5,223,training,0
A2023,2023,1,2,5,86,training,0
A2024,2024,1,2,5,141,training,0
A2025,2025,1,2,5,184,training,0
A2026,2026,1,2,5,321,test,0
A2027,2027,1,2,5,211,training,0
A2028,2028,1,2,5,274,validation,0
A2029,2029,1,2,5,48,training,0
A2030,2030,1,2,5,64,training,0
A2031,2031,1,2,5,253,training,0
A2032,2032,1,2,5,47,training,0
A2033,2033,1,2,5,116,training,0
A2034,2034,1,2,5,343,test,0
A2035,2035,1,2,5,217,training,0
A2036,2036,1,2,5,7,training,0
A2037,2037,1,2,5,294,validation,0
A2038,2038,1,2,5,167,training,0
A2039,2039,1,2,5,226,training,0
A2040,2040,1,2,5,283,validation,0
A2041,2041,1,2,5,325,test,0
A2042,2042,1,2,5,9,training,0
A2043,2043,1,2,5,46,training,0
A2044,2044,1,2,5,234,training,0
A2045,2045,1,2,5,139,training,0
A2046,2046,1,2,5,280,validation,0
A2047,2047,1,2,5,309,validation,0
A2048,2048,1,2,5,353,test,0
A2049,2049,1,2,5,168,training,0
A2050,2050,1,2,5,8,training,0
A2051,2051,1,2,5,71,training,0
A2052,2052,1,2,5,328,test,0
A2053,2053,1,2,5,364,test,0
A2054,2054,1,2,5,51,training,0
A2055,2055,1,2,5,33,training,0
A2056,2056,1,2,5,4,training,0
A2057,2057,1,2,5,287,validation,0
A2058,2058,1,2,5,154,training,0
A2059,2059,1,2,5,30,training,0
A2060,2060,1,2,5,17,training,0
A2061,2061,1,2,5,285,validation,0
A2062,2062,1,2,5,368,test,0
A2063,2063,1,2,5,295,validation,0
A2064,2064,1,2,5,228,training,0
A2065,2065,1,2,5,81,training,0
A2066,2066,1,2,5,332,test,0
A2067,2067,1,2,5,77,training,0
A2068,2068,1,2,5,27,training,0
A2069,2069,1,2,5,189,training,0
A2070,2070,1,2,5,127,training,0
A2071,2071,1,2,5,43,training,0
A2072,2072,1,2,5,376,test,0
A2073,2073,1,2,5,197,training,0
A2074,2074,1,2,5,160,training,0
A2075,2075,1,2,5,345,test,0
A2076,2076,1,2,5,355,test,0
A2077,2077,1,2,5,341,test,0
A2078,2078,1,2,5,312,validation,0
A2079,2079,1,2,5,250,training,0
A2080,2080,1,2,5,67,training,0
A2081,2081,1,2,5,91,training,0
A2082,2082,1,2,5,373,test,0
A2083,2083,1,2,5,245,training,0
A2084,2084,1,2,5,319,validation,0
A2085,2085,1,2,5,300,validation,0
A2086,2086,1,2,5,39,training,0
A2087,2087,1,2,5,34,training,0
A2088,2088,1,2,5,11,training,0
A2089,2089,1,2,5,297,validation,0
A2090,2090,1,2,5,193,training,0
A2091,2091,1,2,5,70,training,0
A2092,2092,1,2,5,192,training,0
A2093,2093,1,2,5,130,training,0
A2094,2094,1,2,5,126,training,0
A2095,2095,1,2,5,105,training,0
A2096,2096,1,2,5,78,training,0
A2097,2097,1,2,5,118,training,0
A2098,2098,1,2,5,18,training,0
A2099,2099,1,2,5,346,test,0
A2100,2100,1,2,5,14,training,0
A2101,2101,1,2,5,190,training,0
A2102,2102,1,2,5,104,training,0
A2103,2103,1,2,5,215,training,0
A2104,2104,1,2,5,13,training,0
A2105,2105,1,2,5,75,training,0
A2106,2106,1,2,5,12,training,0
A2107,2107,1,2,5,149,training,0
A2108,2108,1,2,5,288,validation,0
A2109,2109,1,2,5,359,test,0
A2110,2110,1,2,5,251,training,0
A2111,2111,1,2,5,73,training,0
A2112,2112,1,2,5,41,training,0
A2113,2113,1,2,5,87,training,0
A2114,2114,1,2,5,218,training,0
A2115,2115,1,2,5,260,training,0
A2116,2116,1,2,5,136,training,0
A2117,2117,1,2,5,273,validation,0
A2118,2118,1,2,5,227,training,0
A2119,2119,1,2,5,371,test,0
A2120,2120,1,2,5,135,training,0
A2121,2121,1,2,5,258,training,0
A2122,2122,1,2,5,219,training,0
A2123,2123,1,2,5,57,training,0
A2124,2124,1,2,5,162,training,0
A2125,2125,1,2,5,0,training,0
A2126,2126,1,2,5,101,training,0
A2127,2127,1,2,5,305,validation,0
A2128,2128,1,2,5,269,validation,0
A2129,2129,1,2,5,25,training,0
A2130,2130,1,2,5,352,test,0
A2131,2131,1,2,5,117,training,0
A2132,2132,1,2,5,123,training,0
A2133,2133,1,2,5,115,training,0
A2134,2134,1,2,5,161,training,0
A2135,2135,1,2,5,38,training,0
A2136,2136,1,2,5,311,validation,0
A2137,2137,1,2,5,99,training,0
A2138,2138,1,2,5,58,training,0
A2139,2139,1,2,5,222,training,0
A2140,2140,1,2,5,37,training,0
A2141,2141,1,2,5,36,training,0
A2142,2142,1,2,5,344,test,0
A2143,2143,1,2,5,330,test,0
A2144,2144,1,2,5,175,training,0
A2145,2145,1,2,5,16,training,0
A2146,2146,1,2,5,159,training,0
A2147,2147,1,2,5,265,validation,0
A2148,2148,1,2,5,336,test,0
A2149,2149,1,2,5,333,test,0
A2150,2150,1,2,5,242,training,0
A2151,2151,1,2,5,366,test,0
A2152,2152,1,2,5,232,training,0
A2153,2153,1,2,5,278,validation,0
A2154,2154,1,2,5,282,validation,0
A2155,2155,1,2,5,238,training,0
A2156,2156,1,2,5,303,validation,0
A2157,2157,1,2,5,255,training,0
A2158,2158,1,2,5,95,training,0
A2159,2159,1,2,5,72,training,0
A2160,2160,1,2,5,308,validation,0
A2161,2161,1,2,5,137,training,0
A2162,2162,1,2,5,80,training,0
A2163,2163,1,2,5,331,test,0
A2164,2164,1,2,5,119,training,0
A2165,2165,1,2,5,148,training,0
A2166,2166,1,2,5,112,training,0
A2167,2167,1,2,5,203,training,0
A2168,2168,1,2,5,187,training,0
A2169,2169,1,2,5,133,training,0
A2170,2170,1,2,5,257,training,0
A2171,2171,1,2,5,45,training,0
A2172,2172,1,2,5,259,training,0
A2173,2173,1,2,5,54,training,0
A2174,2174,1,2,5,310,validation,0
A2175,2175,1,2,5,304,validation,0
A2176,2176,1,2,5,76,training,0
A2177,2177,1,2,5,231,training,0
A2178,2178,1,2,5,173,training,0
A2179,2179,1,2,5,236,training,0
A2180,2180,1,2,5,306,validation,0
A2181,2181,1,2,5,35,training,0
A2182,2182,1,2,5,145,training,0
A2183,2183,1,2,5,224,training,0
A2184,2184,1,2,5,202,training,0
A2185,2185,1,2,5,296,validation,0
A2186,2186,1,2,5,239,training,0
A2187,2187,1,2,5,94,training,0
A2188,2188,1,2,5,334,test,0
A2189,2189,1,2,5,90,training,0
A2190,2190,1,2,5,122,training,0
A2191,2191,1,2,5,138,training,0
A2192,2192,1,2,5,289,validation,0
A2193,2193,1,2,5,100,training,0
A2194,2194,1,2,5,188,training,0
A2195,2195,1,2,5,301,validation,0
A2196,2196,1,2,5,124,training,0
A2197,2197,1,2,5,213,training,0
A2198,2198,1,2,5,111,training,0
A2199,2199,1,2,5,272,validation,0
A2200,2200,1,2,5,128,training,0
A2201,2201,1,2,5,66,training,0
A2202,2202,1,2,5,322,test,0
A2203,2203,1,2,5,125,training,0
A2204,2204,1,2,5,166,training,0
A2205,2205,1,2,5,290,validation,0
A2206,2206,1,2,5,195,training,0
A2207,2207,1,2,5,362,test,0
A2208,2208,1,2,5,279,validation,0
A2209,2209,1,2,5,210,training,0
A2210,2210,1,2,5,31,training,0
A2211,2211,1,2,5,170,training,0
A2212,2212,1,2,5,151,training,0
A2213,2213,1,2,5,339,test,0
A2214,2214,1,2,5,335,test,0
A2215,2215,1,2,5,276,validation,0
A2216,2216,1,2,5,326,test,0
A2217,2217,1,2,5,171,training,0
A2218,2218,1,2,5,201,training,0
A2219,2219,1,2,5,266,validation,0
A2220,2220,1,2,5,50,training,0
A2221,2221,1,2,5,109,training,0
A2222,2222,1,2,5,350,test,0
A2223,2223,1,2,5,98,training,0
A2224,2224,1,2,5,121,training,0
A2225,2225,1,2,5,314,validation,0
A2226,2226,1,2,5,142,training,0
A2227,2227,1,2,5,131,training,0
A2228,2228,1,2,5,153,training,0
A2229,2229,1,2,5,183,training,0
A2230,2230,1,2,5,20,training,0
A2231,2231,1,2,5,299,validation,0
A2232,2232,1,2,5,114,training,0
A2233,2233,1,2,5,150,training,0
A2234,2234,1,2,5,313,validation,0
A2235,2235,1,2,5,21,training,0
A2236,2236,1,2,5,196,training,0
A2237,2237,1,2,5,56,training,0
A2238,2238,1,2,5,370,test,0
A2239,2239,1,2,5,358,test,0
A2240,2240,1,2,5,24,training,0
A2241,2241,1,2,5,248,training,0
A2242,2242,1,2,5,59,training,0
A2243,2243,1,2,5,102,training,0
A2244,2244,1,2,5,32,training,0
A2245,2245,1,2,5,267,validation,0
A2246,2246,1,2,5,106,training,0
A2247,2247,1,2,5,261,training,0
A2248,2248,1,2,5,369,test,0
A2249,2249,1,2,5,281,validation,0
A2250,2250,1,2,5,256,training,0
A2251,2251,1,2,5,347,test,0
A2252,2252,1,2,5,244,training,0
A2253,2253,1,2,5,357,test,0
A2254,2254,1,2,5,286,validation,0
A2255,2255,1,2,5,254,training,0
A2256,2256,1,2,5,363,test,0
A2257,2257,1,2,5,216,training,0
A2258,2258,1,2,5,349,test,0
A2259,2259,1,2,5,340,test,0
A2260,2260,1,2,5,252,training,0
A2261,2261,1,2,5,65,training,0
A2262,2262,1,2,5,264,validation,0
A2263,2263,1,2,5,6,training,0
A2264,2264,1,2,5,235,training,0
A2265,2265,1,2,5,270,validation,0
A2266,2266,1,2,5,375,test,0
A2267,2267,1,2,5,178,training,0
A2268,2268,2,0,6,133,training,0
A2269,2269,2,0,6,368,test,0
A2270,2270,2,0,6,356,test,0
A2271,2271,2,0,6,370,test,0
A2272,2272,2,0,6,45,training,0
A2273,2273,2,0,6,97,training,0
A2274,2274,2,0,6,262,training,0
A2275,2275,2,0,6,241,training,0
A2276,2276,2,0,6,305,validation,0
A2277,2277,2,0,6,177,training,0
A2278,2278,2,0,6,348,test,0
A2279,2279,2,0,6,250,training,0
A2280,2280,2,0,6,214,training,0
A2281,2281,2,0,6,239,training,0
A2282,2282,2,0,6,193,training,0
A2283,2283,2,0,6,15,training,0
A2284,2284,2,0,6,299,validation,0
A2285,2285,2,0,6,86,training,0
A2286,2286,2,0,6,75,training,0
A2287,2287,2,0,6,20,training,0
A2288,2288,2,0,6,312,validation,0
A2289,2289,2,0,6,8,training,0
A2290,2290,2,0,6,120,training,0
A2291,2291,2,0,6,351,test,0
A2292,2292,2,0,6,363,test,0
A2293,2293,2,0,6,124,training,0
A2294,2294,2,0,6,227,training,0
A2295,2295,2,0,6,145,training,0
A2296,2296,2,0,6,102,training,0
A2297,2297,2,0,6,364,test,0
A2298,2298,2,0,6,184,training,0
A2299,2299,2,0,6,31,training,0
A2300,2300,2,0,6,176,training,0
A2301,2301,2,0,6,152,training,0
A2302,2302,2,0,6,180,training,0
A2303,2303,2,0,6,32,training,0
A2304,2304,2,0,6,325,test,0
A2305,2305,2,0,6,246,training,0
A2306,2306,2,0,6,65,training,0
A2307,2307,2,0,6,115,training,0
A2308,2308,2,0,6,236,training,0
A2309,2309,2,0,6,136,training,0
A2310,2310,2,0,6,90,training,0
A2311,2311,2,0,6,292,validation,0
A2312,2312,2,0,6,253,training,0
A2313,2313,2,0,6,310,validation,0
A2314,2314,2,0,6,40,training,0
A2315,2315,2,0,6,205,training,0
A2316,2316,2,0,6,37,training,0
A2317,2317,2,0,6,175,training,0
A2318,2318,2,0,6,242,training,0
A2319,2319,2,0,6,359,test,0
A2320,2320,2,0,6,59,training,0
A2321,2321,2,0,6,166,training,0
A2322,2322,2,0,6,92,training,0
A2323,2323,2,0,6,201,training,0
A2324,2324,2,0,6,306,validation,0
A2325,2325,2,0,6,103,training,0
A2326,2326,2,0,6,225,training,0
A2327,2327,2,0,6,321,test,0
A2328,2328,2,0,6,271,validation,0
A2329,2329,2,0,6,213,training,0
A2330,2330,2,0,6,83,training,0
A2331,2331,2,0,6,13,training,0
A2332,2332,2,0,6,304,validation,0
A2333,2333,2,0,6,329,test,0
A2334,2334,2,0,6,311,validation,0
A2335,2335,2,0,6,334,test,0
A2336,2336,2,0,6,261,training,0
A2337,2337,2,0,6,303,validation,0
A2338,2338,2,0,6,365,test,0
A2339,2339,2,0,6,335,test,0
A2340,2340,2,0,6,318,validation,0
A2341,2341,2,0,6,147,training,0
A2342,2342,2,0,6,284,validation,0
A2343,2343,2,0,6,49,training,0
A2344,2344,2,0,6,207,training,0
A2345,2345,2,0,6,73,training,0
A2346,2346,2,0,6,220,training,0
A2347,2347,2,0,6,308,validation,0
A2348,2348,2,0,6,223,training,0
A2349,2349,2,0,6,53,training,0
A2350,2350,2,0,6,148,training,0
A2351,2351,2,0,6,134,training,0
A2352,2352,2,0,6,52,training,0
A2353,2353,2,0,6,121,training,0
A2354,2354,2,0,6,70,training,0
A2355,2355,2,0,6,270,validation,0
A2356,2356,2,0,6,71,training,0
A2357,2357,2,0,6,61,training,0
A2358,2358,2,0,6,203,training,0
A2359,2359,2,0,6,72,training,0
A2360,2360,2,0,6,376,test,0
A2361,2361,2,0,6,232,training,0
A2362,2362,2,0,6,95,training,0
A2363,2363,2,0,6,14,training,0
A2364,2364,2,0,6,286,validation,0
A2365,2365,2,0,6,338,test,0
A2366,2366,2,0,6,60,training,0
A2367,2367,2,0,6,240,training,0
A2368,2368,2,0,6,255,training,0
A2369,2369,2,0,6,150,training,0
A2370,2370,2,0,6,77,training,0
A2371,2371,2,0,6,244,training,0
A2372,2372,2,0,6,256,training,0
A2373,2373,2,0,6,161,training,0
A2374,2374,2,0,6,129,training,0
A2375,2375,2,0,6,107,training,0
A2376,2376,2,0,6,332,test,0
A2377,2377,2,0,6,156,training,0
A2378,2378,2,0,6,196,training,0
A2379,2379,2,0,6,362,test,0
A2380,2380,2,0,6,88,training,0
A2381,2381,2,0,6,285,validation,0
A2382,2382,2,0,6,369,test,0
A2383,2383,2,0,6,87,training,0
A2384,2384,2,0,6,326,test,0
A2385,2385,2,0,6,110,training,0
A2386,2386,2,0,6,309,validation,0
A2387,2387,2,0,6,164,training,0
A2388,2388,2,0,6,266,validation,0
A2389,2389,2,0,6,265,validation,0
A2390,2390,2,0,6,151,training,0
A2391,2391,2,0,6,230,training,0
A2392,2392,2,0,6,35,training,0
A2393,2393,2,0,6,324,test,0
A2394,2394,2,0,6,174,training,0
A2395,2395,2,0,6,352,test,0
A2396,2396,2,0,6,198,training,0
A2397,2397,2,0,6,248,training,0
A2398,2398,2,0,6,51,training,0
A2399,2399,2,0,6,263,training,0
A2400,2400,2,0,6,218,training,0
A2401,2401,2,0,6,204,training,0
A2402,2402,2,0,6,99,training,0
A2403,2403,2,0,6,76,training,0
A2404,2404,2,0,6,154,training,0
A2405,2405,2,0,6,282,validation,0
A2406,2406,2,0,6,126,training,0
A2407,2407,2,0,6,140,training,0
A2408,2408,2,0,6,0,training,0
A2409,2409,2,0,6,267,validation,0
A2410,2410,2,0,6,173,training,0
A2411,2411,2,0,6,247,training,0
A2412,2412,2,0,6,57,training,0
A2413,2413,2,0,6,297,validation,0
A2414,2414,2,0,6,355,test,0
A2415,2415,2,0,6,354,test,0
A2416,2416,2,0,6,101,training,0
A2417,2417,2,0,6,350,test,0
A2418,2418,2,0,6,128,training,0
A2419,2419,2,0,6,367,test,0
A2420,2420,2,0,6,345,test,0
A2421,2421,2,0,6,275,validation,0
A2422,2422,2,0,6,222,training,0
A2423,2423,2,0,6,125,training,0
A2424,2424,2,0,6,47,training,0
A2425,2425,2,0,6,182,training,0
A2426,2426,2,0,6,55,training,0
A2427,2427,2,0,6,22,training,0
A2428,2428,2,0,6,165,training,0
A2429,2429,2,0,6,139,training,0
A2430,2430,2,0,6,155,training,0
A2431,2431,2,0,6,235,training,0
A2432,2432,2,0,6,158,training,0
A2433,2433,2,0,6,357,test,0
A2434,2434,2,0,6,373,test,0
A2435,2435,2,0,6,340,test,0
A2436,2436,2,0,6,44,training,0
A2437,2437,2,0,6,215,training,0
A2438,2438,2,0,6,291,validation,0
A2439,2439,2,0,6,172,training,0
A2440,2440,2,0,6,245,training,0
A2441,2441,2,0,6,212,training,0
A2442,2442,2,0,6,62,training,0
A2443,2443,2,0,6,64,training,0
A2444,2444,2,0,6,116,training,0
A2445,2445,2,0,6,258,training,0
A2446,2446,2,0,6,34,training,0
A2447,2447,2,0,6,149,training,0
A2448,2448,2,0,6,366,test,0
A2449,2449,2,0,6,30,training,0
A2450,2450,2,0,6,287,validation,0
A2451,2451,2,0,6,344,test,0
A2452,2452,2,0,6,74,training,0
A2453,2453,2,0,6,229,training,0
A2454,2454,2,0,6,360,test,0
A2455,2455,2,0,6,243,training,0
A2456,2456,2,0,6,333,test,0
A2457,2457,2,0,6,216,training,0
A2458,2458,2,0,6,281,validation,0
A2459,2459,2,0,6,80,training,0
A2460,2460,2,0,6,94,training,0
A2461,2461,2,0,6,234,training,0
A2462,2462,2,0,6,322,test,0
A2463,2463,2,0,6,85,training,0
A2464,2464,2,0,6,127,training,0
A2465,2465,2,0,6,43,training,0
A2466,2466,2,0,6,273,validation,0
A2467,2467,2,0,6,272,validation,0
A2468,2468,2,0,6,24,training,0
A2469,2469,2,0,6,181,training,0
A2470,2470,2,0,6,200,training,0
A2471,2471,2,0,6,319,validation,0
A2472,2472,2,0,6,106,training,0
A2473,2473,2,0,6,112,training,0
A2474,2474,2,0,6,372,test,0
A2475,2475,2,0,6,268,validation,0
A2476,2476,2,0,6,144,training,0
A2477,2477,2,0,6,224,training,0
A2478,2478,2,0,6,1,training,0
A2479,2479,2,0,6,320,validation,0
A2480,2480,2,0,6,5,training,0
A2481,2481,2,0,6,68,training,0
A2482,2482,2,0,6,191,training,0
A2483,2483,2,0,6,143,training,0
A2484,2484,2,0,6,188,training,0
A2485,2485,2,0,6,276,validation,0
A2486,2486,2,0,6,249,training,0
A2487,2487,2,0,6,66,training,0
A2488,2488,2,0,6,187,training,0
A2489,2489,2,0,6,79,training,0
A2490,2490,2,0,6,361,test,0
A2491,2491,2,0,6,100,training,0
A2492,2492,2,0,6,82,training,0
A2493,2493,2,0,6,194,training,0
A2494,2494,2,0,6,27,training,0
A2495,2495,2,0,6,358,test,0
A2496,2496,2,0,6,374,test,0
A2497,2497,2,0,6,119,training,0
A2498,2498,2,0,6,84,training,0
A2499,2499,2,0,6,42,training,0
A2500,2500,2,0,6,12,training,0
A2501,2501,2,0,6,63,training,0
A2502,2502,2,0,6,343,test,0
A2503,2503,2,0,6,3,training,0
A2504,2504,2,0,6,254,training,0
A2505,2505,2,0,6,117,training,0
A2506,2506,2,0,6,81,training,0
A2507,2507,2,0,6,341,test,0
A2508,2508,2,0,6,18,training,0
A2509,2509,2,0,6,163,training,0
A2510,2510,2,0,6,28,training,0
A2511,2511,2,0,6,183,training,0
A2512,2512,2,0,6,197,training,0
A2513,2513,2,0,6,283,validation,0
A2514,2514,2,0,6,39,training,0
A2515,2515,2,0,6,137,training,0
A2516,2516,2,0,6,330,test,0
A2517,2517,2,0,6,186,training,0
A2518,2518,2,0,6,19,training,0
A2519,2519,2,0,6,209,training,0
A2520,2520,2,0,6,264,validation,0
A2521,2521,2,0,6,171,training,0
A2522,2522,2,0,6,178,training,0
A2523,2523,2,0,6,300,validation,0
A2524,2524,2,0,6,279,validation,0
A2525,2525,2,0,6,146,training,0
A2526,2526,2,0,6,11,training,0
A2527,2527,2,0,6,159,training,0
A2528,2528,2,0,6,141,training,0
A2529,2529,2,0,6,118,training,0
A2530,2530,2,0,6,336,test,0
A2531,2531,2,0,6,293,validation,0
A2532,2532,2,0,6,323,test,0
A2533,2533,2,0,6,317,validation,0
A2534,2534,2,0,6,342,test,0
A2535,2535,2,0,6,290,validation,0
A2536,2536,2,0,6,301,validation,0
A2537,2537,2,0,6,16,training,0
A2538,2538,2,0,6,111,training,0
A2539,2539,2,0,6,108,training,0
A2540,2540,2,0,6,78,training,0
A2541,2541,2,0,6,17,training,0
A2542,2542,2,0,6,257,training,0
A2543,2543,2,0,6,130,training,0
A2544,2544,2,0,6,33,training,0
A2545,2545,2,0,6,202,training,0
A2546,2546,2,0,6,278,validation,0
A2547,2547,2,0,6,29,training,0
A2548,2548,2,0,6,160,training,0
A2549,2549,2,0,6,132,training,0
A2550,2550,2,0,6,89,training,0
A2551,2551,2,0,6,280,validation,0
A2552,2552,2,0,6,289,validation,0
A2553,2553,2,0,6,251,training,0
A2554,2554,2,0,6,331,test,0
A2555,2555,2,0,6,238,training,0
A2556,2556,2,0,6,58,training,0
A2557,2557,2,0,6,211,training,0
A2558,2558,2,0,6,48,training,0
A2559,2559,2,0,6,98,training,0
A2560,2560,2,0,6,46,training,0
A2561,2561,2,0,6,26,training,0
A2562,2562,2,0,6,269,validation,0
A2563,2563,2,0,6,337,test,0
A2564,2564,2,0,6,162,training,0
A2565,2565,2,0,6,199,training,0
A2566,2566,2,0,6,260,training,0
A2567,2567,2,0,6,377,test,0
A2568,2568,2,0,6,327,test,0
A2569,2569,2,0,6,50,training,0
A2570,2570,2,0,6,169,training,0
A2571,2571,2,0,6,231,training,0
A2572,2572,2,0,6,4,training,0
A2573,2573,2,0,6,9,training,0
A2574,2574,2,0,6,228,training,0
A2575,2575,2,0,6,36,training,0
A2576,2576,2,0,6,371,test,0
A2577,2577,2,0,6,69,training,0
A2578,2578,2,0,6,353,test,0
A2579,2579,2,0,6,259,training,0
A2580,2580,2,0,6,109,training,0
A2581,2581,2,0,6,346,test,0
A2582,2582,2,0,6,315,validation,0
A2583,2583,2,0,6,313,validation,0
A2584,2584,2,0,6,10,training,0
A2585,2585,2,0,6,221,training,0
A2586,2586,2,0,6,210,training,0
A2587,2587,2,0,6,274,validation,0
A2588,2588,2,0,6,135,training,0
A2589,2589,2,0,6,302,validation,0
A2590,2590,2,0,6,23,training,0
A2591,2591,2,0,6,105,training,0
A2592,2592,2,0,6,316,validation,0
A2593,2593,2,0,6,349,test,0
A2594,2594,2,0,6,277,validation,0
A2595,2595,2,0,6,195,training,0
A2596,2596,2,0,6,298,validation,0
A2597,2597,2,0,6,7,training,0
A2598,2598,2,0,6,185,training,0
A2599,2599,2,0,6,56,training,0
A2600,2600,2,0,6,190,training,0
A2601,2601,2,0,6,54,training,0
A2602,2602,2,0,6,233,training,0
A2603,2603,2,0,6,206,training,0
A2604,2604,2,0,6,38,training,0
A2605,2605,2,0,6,219,training,0
A2606,2606,2,0,6,123,training,0
A2607,2607,2,0,6,170,training,0
A2608,2608,2,0,6,375,test,0
A2609,2609,2,0,6,104,training,0
A2610,2610,2,0,6,113,training,0
A2611,2611,2,0,6,25,training,0
A2612,2612,2,0,6,179,training,0
A2613,2613,2,0,6,157,training,0
A2614,2614,2,0,6,294,validation,0
A2615,2615,2,0,6,91,training,0
A2616,2616,2,0,6,328,test,0
A2617,2617,2,0,6,288,validation,0
A2618,2618,2,0,6,167,training,0
A2619,2619,2,0,6,122,training,0
A2620,2620,2,0,6,67,training,0
A2621,2621,2,0,6,339,test,0
A2622,2622,2,0,6,295,validation,0
A2623,2623,2,0,6,226,training,0
A2624,2624,2,0,6,307,validation,0
A2625,2625,2,0,6,2,training,0
A2626,2626,2,0,6,21,training,0
A2627,2627,2,0,6,93,training,0
A2628,2628,2,0,6,252,training,0
A2629,2629,2,0,6,192,training,0
A2630,2630,2,0,6,142,training,0
A2631,2631,2,0,6,41,training,0
A2632,2632,2,0,6,208,training,0
A2633,2633,2,0,6,296,validation,0
A2634,2634,2,0,6,138,training,0
A2635,2635,2,0,6,96,training,0
A2636,2636,2,0,6,237,training,0
A2637,2637,2,0,6,217,training,0
A2638,2638,2,0,6,153,training,0
A2639,2639,2,0,6,168,training,0
A2640,2640,2,0,6,189,training,0
A2641,2641,2,0,6,6,training,0
A2642,2642,2,0,6,114,training,0
A2643,2643,2,0,6,131,training,0
A2644,2644,2,0,6,314,validation,0
A2645,2645,2,0,6,347,test,0
A2646,2646,2,1,7,252,training,0
A2647,2647,2,1,7,373,test,0
A2648,2648,2,1,7,85,training,0
A2649,2649,2,1,7,35,training,0
A2650,2650,2,1,7,341,test,0
A2651,2651,2,1,7,75,training,0
A2652,2652,2,1,7,375,test,0
A2653,2653,2,1,7,44,training,0
A2654,2654,2,1,7,253,training,0
A2655,2655,2,1,7,360,test,0
A2656,2656,2,1,7,207,training,0
A2657,2657,2,1,7,73,training,0
A2658,2658,2,1,7,281,validation,0
A2659,2659,2,1,7,156,training,0
A2660,2660,2,1,7,256,training,0
A2661,2661,2,1,7,325,test,0
A2662,2662,2,1,7,101,training,0
A2663,2663,2,1,7,257,training,0
A2664,2664,2,1,7,153,training,0
A2665,2665,2,1,7,273,validation,0
A2666,2666,2,1,7,105,training,0
A2667,2667,2,1,7,88,training,0
A2668,2668,2,1,7,104,training,0
A2669,2669,2,1,7,170,training,0
A2670,2670,2,1,7,86,training,0
A2671,2671,2,1,7,123,training,0
A2672,2672,2,1,7,87,training,0
A2673,2673,2,1,7,361,test,0
A2674,2674,2,1,7,246,training,0
A2675,2675,2,1,7,304,validation,0
A2676,2676,2,1,7,366,test,0
A2677,2677,2,1,7,187,training,0
A2678,2678,2,1,7,38,training,0
A2679,2679,2,1,7,173,training,0
A2680,2680,2,1,7,224,training,0
A2681,2681,2,1,7,319,validation,0
A2682,2682,2,1,7,18,training,0
A2683,2683,2,1,7,274,validation,0
A2684,2684,2,1,7,349,test,0
A2685,2685,2,1,7,29,training,0
A2686,2686,2,1,7,118,training,0
A2687,2687,2,1,7,20,training,0
A2688,2688,2,1,7,268,validation,0
A2689,2689,2,1,7,8,training,0
A2690,2690,2,1,7,103,training,0
A2691,2691,2,1,7,284,validation,0
A2692,2692,2,1,7,315,validation,0
A2693,2693,2,1,7,198,training,0
A2694,2694,2,1,7,137,training,0
A2695,2695,2,1,7,272,validation,0
A2696,2696,2,1,7,79,training,0
A2697,2697,2,1,7,376,test,0
A2698,2698,2,1,7,12,training,0
A2699,2699,2,1,7,16,training,0
A2700,2700,2,1,7,51,training,0
A2701,2701,2,1,7,62,training,0
A2702,2702,2,1,7,135,training,0
A2703,2703,2,1,7,229,training,0
A2704,2704,2,1,7,331,test,0
A2705,2705,2,1,7,204,training,0
A2706,2706,2,1,7,217,training,0
A2707,2707,2,1,7,159,training,0
A2708,2708,2,1,7,160,training,0
A2709,2709,2,1,7,334,test,0
A2710,2710,2,1,7,65,training,0
A2711,2711,2,1,7,57,training,0
A2712,2712,2,1,7,33,training,0
A2713,2713,2,1,7,248,training,0
A2714,2714,2,1,7,175,training,0
A2715,2715,2,1,7,64,training,0
A2716,2716,2,1,7,236,training,0
A2717,2717,2,1,7,23,training,0
A2718,2718,2,1,7,345,test,0
A2719,2719,2,1,7,296,validation,0
A2720,2720,2,1,7,250,training,0
A2721,2721,2,1,7,108,training,0
A2722,2722,2,1,7,295,validation,0
A2723,2723,2,1,7,285,validation,0
A2724,2724,2,1,7,13,training,0
A2725,2725,2,1,7,157,training,0
A2726,2726,2,1,7,4,training,0
A2727,2727,2,1,7,184,training,0
A2728,2728,2,1,7,303,validation,0
A2729,2729,2,1,7,95,training,0
A2730,2730,2,1,7,194,training,0
A2731,2731,2,1,7,369,test,0
A2732,2732,2,1,7,254,training,0
A2733,2733,2,1,7,219,training,0
A2734,2734,2,1,7,332,test,0
A2735,2735,2,1,7,259,training,0
A2736,2736,2,1,7,94,training,0
A2737,2737,2,1,7,255,training,0
A2738,2738,2,1,7,191,training,0
A2739,2739,2,1,7,199,training,0
A2740,2740,2,1,7,72,training,0
A2741,2741,2,1,7,275,validation,0
A2742,2742,2,1,7,176,training,0
A2743,2743,2,1,7,265,validation,0
A2744,2744,2,1,7,121,training,0
A2745,2745,2,1,7,143,training,0
A2746,2746,2,1,7,280,validation,0
A2747,2747,2,1,7,114,training,0
A2748,2748,2,1,7,327,test,0
A2749,2749,2,1,7,363,test,0
A2750,2750,2,1,7,144,training,0
A2751,2751,2,1,7,112,training,0
A2752,2752,2,1,7,185,training,0
A2753,2753,2,1,7,110,training,0
A2754,2754,2,1,7,329,test,0
A2755,2755,2,1,7,357,test,0
A2756,2756,2,1,7,125,training,0
A2757,2757,2,1,7,368,test,0
A2758,2758,2,1,7,84,training,0
A2759,2759,2,1,7,116,training,0
A2760,2760,2,1,7,24,training,0
A2761,2761,2,1,7,271,validation,0
A2762,2762,2,1,7,22,training,0
A2763,2763,2,1,7,169,training,0
A2764,2764,2,1,7,96,training,0
A2765,2765,2,1,7,289,validation,0
A2766,2766,2,1,7,226,training,0
A2767,2767,2,1,7,67,training,0
A2768,2768,2,1,7,41,training,0
A2769,2769,2,1,7,124,training,0
A2770,2770,2,1,7,264,validation,0
A2771,2771,2,1,7,228,training,0
A2772,2772,2,1,7,43,training,0
A2773,2773,2,1,7,69,training,0
A2774,2774,2,1,7,234,training,0
A2775,2775,2,1,7,130,training,0
A2776,2776,2,1,7,297,validation,0
A2777,2777,2,1,7,294,validation,0
A2778,2778,2,1,7,17,training,0
A2779,2779,2,1,7,31,training,0
A2780,2780,2,1,7,377,test,0
A2781,2781,2,1,7,278,validation,0
A2782,2782,2,1,7,189,training,0
A2783,2783,2,1,7,287,validation,0
A2784,2784,2,1,7,97,training,0
A2785,2785,2,1,7,163,training,0
A2786,2786,2,1,7,309,validation,0
A2787,2787,2,1,7,150,training,0
A2788,2788,2,1,7,326,test,0
A2789,2789,2,1,7,344,test,0
A2790,2790,2,1,7,15,training,0
A2791,2791,2,1,7,145,training,0
A2792,2792,2,1,7,337,test,0
A2793,2793,2,1,7,186,training,0
A2794,2794,2,1,7,107,training,0
A2795,2795,2,1,7,122,training,0
A2796,2796,2,1,7,346,test,0
A2797,2797,2,1,7,30,training,0
A2798,2798,2,1,7,183,training,0
A2799,2799,2,1,7,3,training,0
A2800,2800,2,1,7,109,training,0
A2801,2801,2,1,7,196,training,0
A2802,2802,2,1,7,177,training,0
A2803,2803,2,1,7,262,training,0
A2804,2804,2,1,7,260,training,0
A2805,2805,2,1,7,155,training,0
A2806,2806,2,1,7,134,training,0
A2807,2807,2,1,7,146,training,0
A2808,2808,2,1,7,311,validation,0
A2809,2809,2,1,7,154,training,0
A2810,2810,2,1,7,330,test,0
A2811,2811,2,1,7,206,training,0
A2812,2812,2,1,7,10,training,0
A2813,2813,2,1,7,249,training,0
A2814,2814,2,1,7,68,training,0
A2815,2815,2,1,7,317,validation,0
A2816,2816,2,1,7,310,validation,0
A2817,2817,2,1,7,232,training,0
A2818,2818,2,1,7,270,validation,0
A2819,2819,2,1,7,286,validation,0
A2820,2820,2,1,7,178,training,0
A2821,2821,2,1,7,223,training,0
A2822,2822,2,1,7,115,training,0
A2823,2823,2,1,7,358,test,0
A2824,2824,2,1,7,142,training,0
A2825,2825,2,1,7,192,training,0
A2826,2826,2,1,7,83,training,0
A2827,2827,2,1,7,243,training,0
A2828,2828,2,1,7,365,test,0
A2829,2829,2,1,7,39,training,0
A2830,2830,2,1,7,351,test,0
A2831,2831,2,1,7,321,test,0
A2832,2832,2,1,7,158,training,0
A2833,2833,2,1,7,2,training,0
A2834,2834,2,1,7,179,training,0
A2835,2835,2,1,7,233,training,0
A2836,2836,2,1,7,276,validation,0
A2837,2837,2,1,7,6,training,0
A2838,2838,2,1,7,230,training,0
A2839,2839,2,1,7,90,training,0
A2840,2840,2,1,7,48,training,0
A2841,2841,2,1,7,300,validation,0
A2842,2842,2,1,7,212,training,0
A2843,2843,2,1,7,197,training,0
A2844,2844,2,1,7,258,training,0
A2845,2845,2,1,7,1,training,0
A2846,2846,2,1,7,348,test,0
A2847,2847,2,1,7,59,training,0
A2848,2848,2,1,7,50,training,0
A2849,2849,2,1,7,28,training,0
A2850,2850,2,1,7,55,training,0
A2851,2851,2,1,7,298,validation,0
A2852,2852,2,1,7,9,training,0
A2853,2853,2,1,7,63,training,0
A2854,2854,2,1,7,293,validation,0
A2855,2855,2,1,7,302,validation,0
A2856,2856,2,1,7,58,training,0
A2857,2857,2,1,7,242,training,0
A2858,2858,2,1,7,93,training,0
A2859,2859,2,1,7,237,training,0
A2860,2860,2,1,7,283,validation,0
A2861,2861,2,1,7,91,training,0
A2862,2862,2,1,7,99,training,0
A2863,2863,2,1,7,136,training,0
A2864,2864,2,1,7,371,test,0
A2865,2865,2,1,7,37,training,0
A2866,2866,2,1,7,0,training,0
A2867,2867,2,1,7,347,test,0
A2868,2868,2,1,7,279,validation,0
A2869,2869,2,1,7,81,training,0
A2870,2870,2,1,7,305,validation,0
A2871,2871,2,1,7,215,training,0
A2872,2872,2,1,7,267,validation,0
A2873,2873,2,1,7,308,validation,0
A2874,2874,2,1,7,131,training,0
A2875,2875,2,1,7,353,test,0
A2876,2876,2,1,7,76,training,0
A2877,2877,2,1,7,205,training,0
A2878,2878,2,1,7,235,training,0
A2879,2879,2,1,7,314,validation,0
A2880,2880,2,1,7,111,training,0
A2881,2881,2,1,7,171,training,0
A2882,2882,2,1,7,78,training,0
A2883,2883,2,1,7,26,training,0
A2884,2884,2,1,7,312,validation,0
A2885,2885,2,1,7,208,training,0
A2886,2886,2,1,7,119,training,0
A2887,2887,2,1,7,32,training,0
A2888,2888,2,1,7,201,training,0
A2889,2889,2,1,7,56,training,0
A2890,2890,2,1,7,14,training,0
A2891,2891,2,1,7,46,training,0
A2892,2892,2,1,7,74,training,0
A2893,2893,2,1,7,352,test,0
A2894,2894,2,1,7,53,training,0
A2895,2895,2,1,7,324,test,0
A2896,2896,2,1,7,318,validation,0
A2897,2897,2,1,7,162,training,0
A2898,2898,2,1,7,138,training,0
A2899,2899,2,1,7,133,training,0
A2900,2900,2,1,7,139,training,0
A2901,2901,2,1,7,277,validation,0
A2902,2902,2,1,7,241,training,0
A2903,2903,2,1,7,214,training,0
A2904,2904,2,1,7,34,training,0
A2905,2905,2,1,7,151,training,0
A2906,2906,2,1,7,140,training,0
A2907,2907,2,1,7,251,training,0
A2908,2908,2,1,7,117,training,0
A2909,2909,2,1,7,181,training,0
A2910,2910,2,1,7,218,training,0
A2911,2911,2,1,7,290,validation,0
A2912,2912,2,1,7,282,validation,0
A2913,2913,2,1,7,231,training,0
A2914,2914,2,1,7,164,training,0
A2915,2915,2,1,7,323,test,0
A2916,2916,2,1,7,42,training,0
A2917,2917,2,1,7,343,test,0
A2918,2918,2,1,7,313,validation,0
A2919,2919,2,1,7,127,training,0
A2920,2920,2,1,7,320,validation,0
A2921,2921,2,1,7,102,training,0
A2922,2922,2,1,7,66,training,0
A2923,2923,2,1,7,52,training,0
A2924,2924,2,1,7,355,test,0
A2925,2925,2,1,7,362,test,0
A2926,2926,2,1,7,306,validation,0
A2927,2927,2,1,7,292,validation,0
A2928,2928,2,1,7,60,training,0
A2929,2929,2,1,7,354,test,0
A2930,2930,2,1,7,240,training,0
A2931,2931,2,1,7,328,test,0
A2932,2932,2,1,7,167,training,0
A2933,2933,2,1,7,211,training,0
A2934,2934,2,1,7,92,training,0
A2935,2935,2,1,7,364,test,0
A2936,2936,2,1,7,82,training,0
A2937,2937,2,1,7,80,training,0
A2938,2938,2,1,7,47,training,0
A2939,2939,2,1,7,190,training,0
A2940,2940,2,1,7,100,training,0
A2941,2941,2,1,7,213,training,0
A2942,2942,2,1,7,247,training,0
A2943,2943,2,1,7,152,training,0
A2944,2944,2,1,7,128,training,0
A2945,2945,2,1,7,70,training,0
A2946,2946,2,1,7,372,test,0
A2947,2947,2,1,7,263,training,0
A2948,2948,2,1,7,77,training,0
A2949,2949,2,1,7,370,test,0
A2950,2950,2,1,7,98,training,0
A2951,2951,2,1,7,336,test,0
A2952,2952,2,1,7,209,training,0
A2953,2953,2,1,7,322,test,0
A2954,2954,2,1,7,19,training,0
A2955,2955,2,1,7,54,training,0
A2956,2956,2,1,7,168,training,0
A2957,2957,2,1,7,203,training,0
A2958,2958,2,1,7,359,test,0
A2959,2959,2,1,7,244,training,0
A2960,2960,2,1,7,11,training,0
A2961,2961,2,1,7,216,training,0
A2962,2962,2,1,7,342,test,0
A2963,2963,2,1,7,113,training,0
A2964,2964,2,1,7,316,validation,0
A2965,2965,2,1,7,126,training,0
A2966,2966,2,1,7,374,test,0
A2967,2967,2,1,7,180,training,0
A2968,2968,2,1,7,195,training,0
A2969,2969,2,1,7,148,training,0
A2970,2970,2,1,7,220,training,0
A2971,2971,2,1,7,132,training,0
A2972,2972,2,1,7,193,training,0
A2973,2973,2,1,7,61,training,0
A2974,2974,2,1,7,338,test,0
A2975,2975,2,1,7,129,training,0
A2976,2976,2,1,7,21,training,0
A2977,2977,2,1,7,291,validation,0
A2978,2978,2,1,7,222,training,0
A2979,2979,2,1,7,7,training,0
A2980,2980,2,1,7,301,validation,0
A2981,2981,2,1,7,27,training,0
A2982,2982,2,1,7,210,training,0
A2983,2983,2,1,7,269,validation,0
A2984,2984,2,1,7,335,test,0
A2985,2985,2,1,7,202,training,0
A2986,2986,2,1,7,166,training,0
A2987,2987,2,1,7,165,training,0
A2988,2988,2,1,7,120,training,0
A2989,2989,2,1,7,147,training,0
A2990,2990,2,1,7,89,training,0
A2991,2991,2,1,7,245,training,0
A2992,2992,2,1,7,299,validation,0
A2993,2993,2,1,7,367,test,0
A2994,2994,2,1,7,288,validation,0
A2995,2995,2,1,7,200,training,0
A2996,2996,2,1,7,188,training,0
A2997,2997,2,1,7,227,training,0
A2998,2998,2,1,7,261,training,0
A2999,2999,2,1,7,71,training,0
A3000,3000,2,1,7,5,training,0
A3001,3001,2,1,7,239,training,0
A3002,3002,2,1,7,149,training,0
A3003,3003,2,1,7,350,test,0
A3004,3004,2,1,7,307,validation,0
A3005,3005,2,1,7,25,training,0
A3006,3006,2,1,7,40,training,0
A3007,3007,2,1,7,339,test,0
A3008,3008,2,1,7,221,training,0
A3009,3009,2,1,7,333,test,0
A3010,3010,2,1,7,106,training,0
A3011,3011,2,1,7,225,training,0
A3012,3012,2,1,7,238,training,0
A3013,3013,2,1,7,174,training,0
A3014,3014,2,1,7,36,training,0
A3015,3015,2,1,7,141,training,0
A3016,3016,2,1,7,340,test,0
A3017,3017,2,1,7,266,validation,0
A3018,3018,2,1,7,161,training,0
A3019,3019,2,1,7,182,training,0
A3020,3020,2,1,7,172,training,0
A3021,3021,2,1,7,45,training,0
A3022,3022,2,1,7,356,test,0
A3023,3023,2,1,7,49,training,0
A3024,3024,2,2,8,323,test,0
A3025,3025,2,2,8,195,training,0
A3026,3026,2,2,8,254,training,0
A3027,3027,2,2,8,182,training,0
A3028,3028,2,2,8,66,training,0
A3029,3029,2,2,8,256,training,0
A3030,3030,2,2,8,146,training,0
A3031,3031,2,2,8,189,training,0
A3032,3032,2,2,8,13,training,0
A3033,3033,2,2,8,100,training,0
A3034,3034,2,2,8,96,training,0
A3035,3035,2,2,8,52,training,0
A3036,3036,2,2,8,59,training,0
A3037,3037,2,2,8,377,test,0
A3038,3038,2,2,8,221,training,0
A3039,3039,2,2,8,58,training,0
A3040,3040,2,2,8,244,training,0
A3041,3041,2,2,8,148,training,0
A3042,3042,2,2,8,209,training,0
A3043,3043,2,2,8,376,test,0
A3044,3044,2,2,8,129,training,0
A3045,3045,2,2,8,234,training,0
A3046,3046,2,2,8,42,training,0
A3047,3047,2,2,8,31,training,0
A3048,3048,2,2,8,279,validation,0
A3049,3049,2,2,8,55,training,0
A3050,3050,2,2,8,340,test,0
A3051,3051,2,2,8,154,training,0
A3052,3052,2,2,8,107,training,0
A3053,3053,2,2,8,22,training,0
A3054,3054,2,2,8,370,test,0
A3055,3055,2,2,8,284,validation,0
A3056,3056,2,2,8,363,test,0
A3057,3057,2,2,8,350,test,0
A3058,3058,2,2,8,345,test,0
A3059,3059,2,2,8,123,training,0
A3060,3060,2,2,8,125,training,0
A3061,3061,2,2,8,314,validation,0
A3062,3062,2,2,8,170,training,0
A3063,3063,2,2,8,245,training,0
A3064,3064,2,2,8,9,training,0
A3065,3065,2,2,8,355,test,0
A3066,3066,2,2,8,153,training,0
A3067,3067,2,2,8,198,training,0
A3068,3068,2,2,8,40,training,0
A3069,3069,2,2,8,222,training,0
A3070,3070,2,2,8,317,validation,0
A3071,3071,2,2,8,81,training,0
A3072,3072,2,2,8,26,training,0
A3073,3073,2,2,8,335,test,0
A3074,3074,2,2,8,229,training,0
A3075,3075,2,2,8,131,training,0
A3076,3076,2,2,8,37,training,0
A3077,3077,2,2,8,1,training,0
A3078,3078,2,2,8,324,test,0
A3079,3079,2,2,8,369,test,0
A3080,3080,2,2,8,272,validation,0
A3081,3081,2,2,8,60,training,0
A3082,3082,2,2,8,214,training,0
A3083,3083,2,2,8,267,validation,0
A3084,3084,2,2,8,311,validation,0
A3085,3085,2,2,8,97,training,0
A3086,3086,2,2,8,130,training,0
A3087,3087,2,2,8,372,test,0
A3088,3088,2,2,8,57,training,0
A3089,3089,2,2,8,141,training,0
A3090,3090,2,2,8,116,training,0
A3091,3091,2,2,8,71,training,0
A3092,3092,2,2,8,78,training,0
A3093,3093,2,2,8,286,validation,0
A3094,3094,2,2,8,53,training,0
A3095,3095,2,2,8,111,training,0
A3096,3096,2,2,8,211,training,0
A3097,3097,2,2,8,308,validation,0
A3098,3098,2,2,8,255,training,0
A3099,3099,2,2,8,331,test,0
A3100,3100,2,2,8,250,training,0
A3101,3101,2,2,8,166,training,0
A3102,3102,2,2,8,264,validation,0
A3103,3103,2,2,8,21,training,0
A3104,3104,2,2,8,351,test,0
A3105,3105,2,2,8,36,training,0
A3106,3106,2,2,8,334,test,0
A3107,3107,2,2,8,29,training,0
A3108,3108,2,2,8,105,training,0
A3109,3109,2,2,8,359,test,0
A3110,3110,2,2,8,45,training,0
A3111,3111,2,2,8,103,training,0
A3112,3112,2,2,8,293,validation,0
A3113,3113,2,2,8,296,validation,0
A3114,3114,2,2,8,263,training,0
A3115,3115,2,2,8,174,training,0
A3116,3116,2,2,8,230,training,0
A3117,3117,2,2,8,210,training,0
A3118,3118,2,2,8,138,training,0
A3119,3119,2,2,8,228,training,0
A3120,3120,2,2,8,313,validation,0
A3121,3121,2,2,8,374,test,0
A3122,3122,2,2,8,158,training,0
A3123,3123,2,2,8,3,training,0
A3124,3124,2,2,8,142,training,0
A3125,3125,2,2,8,65,training,0
A3126,3126,2,2,8,226,training,0
A3127,3127,2,2,8,223,training,0
A3128,3128,2,2,8,295,validation,0
A3129,3129,2,2,8,199,training,0
A3130,3130,2,2,8,179,training,0
A3131,3131,2,2,8,212,training,0
A3132,3132,2,2,8,164,training,0
A3133,3133,2,2,8,140,training,0
A3134,3134,2,2,8,300,validation,0
A3135,3135,2,2,8,110,training,0
A3136,3136,2,2,8,176,training,0
A3137,3137,2,2,8,278,validation,0
A3138,3138,2,2,8,102,training,0
A3139,3139,2,2,8,83,training,0
A3140,3140,2,2,8,367,test,0
A3141,3141,2,2,8,215,training,0
A3142,3142,2,2,8,122,training,0
A3143,3143,2,2,8,187,training,0
A3144,3144,2,2,8,149,training,0
A3145,3145,2,2,8,99,training,0
A3146,3146,2,2,8,338,test,0
A3147,3147,2,2,8,346,test,0
A3148,3148,2,2,8,326,test,0
A3149,3149,2,2,8,118,training,0
A3150,3150,2,2,8,120,training,0
A3151,3151,2,2,8,225,training,0
A3152,3152,2,2,8,151,training,0
A3153,3153,2,2,8,241,training,0
A3154,3154,2,2,8,54,training,0
A3155,3155,2,2,8,43,training,0
A3156,3156,2,2,8,48,training,0
A3157,3157,2,2,8,160,training,0
A3158,3158,2,2,8,337,test,0
A3159,3159,2,2,8,84,training,0
A3160,3160,2,2,8,56,training,0
A3161,3161,2,2,8,76,training,0
A3162,3162,2,2,8,294,validation,0
A3163,3163,2,2,8,321,test,0
A3164,3164,2,2,8,366,test,0
A3165,3165,2,2,8,126,training,0
A3166,3166,2,2,8,27,training,0
A3167,3167,2,2,8,196,training,0
A3168,3168,2,2,8,67,training,0
A3169,3169,2,2,8,162,training,0
A3170,3170,2,2,8,239,training,0
A3171,3171,2,2,8,15,training,0
A3172,3172,2,2,8,280,validation,0
A3173,3173,2,2,8,332,test,0
A3174,3174,2,2,8,185,training,0
A3175,3175,2,2,8,322,test,0
A3176,3176,2,2,8,269,validation,0
A3177,3177,2,2,8,306,validation,0
A3178,3178,2,2,8,365,test,0
A3179,3179,2,2,8,208,training,0
A3180,3180,2,2,8,202,training,0
A3181,3181,2,2,8,95,training,0
A3182,3182,2,2,8,302,validation,0
A3183,3183,2,2,8,275,validation,0
A3184,3184,2,2,8,133,training,0
A3185,3185,2,2,8,8,training,0
A3186,3186,2,2,8,94,training,0
A3187,3187,2,2,8,144,training,0
A3188,3188,2,2,8,297,validation,0
A3189,3189,2,2,8,4,training,0
A3190,3190,2,2,8,115,training,0
A3191,3191,2,2,8,181,training,0
A3192,3192,2,2,8,356,test,0
A3193,3193,2,2,8,262,training,0
A3194,3194,2,2,8,371,test,0
A3195,3195,2,2,8,24,training,0
A3196,3196,2,2,8,124,training,0
A3197,3197,2,2,8,357,test,0
A3198,3198,2,2,8,177,training,0
A3199,3199,2,2,8,35,training,0
A3200,3200,2,2,8,11,training,0
A3201,3201,2,2,8,98,training,0
A3202,3202,2,2,8,178,training,0
A3203,3203,2,2,8,163,training,0
A3204,3204,2,2,8,216,training,0
A3205,3205,2,2,8,73,training,0
A3206,3206,2,2,8,206,training,0
A3207,3207,2,2,8,38,training,0
A3208,3208,2,2,8,305,validation,0
A3209,3209,2,2,8,79,training,0
A3210,3210,2,2,8,261,training,0
A3211,3211,2,2,8,204,training,0
A3212,3212,2,2,8,207,training,0
A3213,3213,2,2,8,243,training,0
A3214,3214,2,2,8,137,training,0
A3215,3215,2,2,8,303,validation,0
A3216,3216,2,2,8,329,test,0
A3217,3217,2,2,8,242,training,0
A3218,3218,2,2,8,87,training,0
A3219,3219,2,2,8,145,training,0
A3220,3220,2,2,8,34,training,0
A3221,3221,2,2,8,147,training,0
A3222,3222,2,2,8,327,test,0
A3223,3223,2,2,8,291,validation,0
A3224,3224,2,2,8,217,training,0
A3225,3225,2,2,8,119,training,0
A3226,3226,2,2,8,64,training,0
A3227,3227,2,2,8,190,training,0
A3228,3228,2,2,8,33,training,0
A3229,3229,2,2,8,91,training,0
A3230,3230,2,2,8,354,test,0
A3231,3231,2,2,8,19,training,0
A3232,3232,2,2,8,352,test,0
A3233,3233,2,2,8,238,training,0
A3234,3234,2,2,8,233,training,0
A3235,3235,2,2,8,108,training,0
A3236,3236,2,2,8,258,training,0
A3237,3237,2,2,8,307,validation,0
A3238,3238,2,2,8,248,training,0
A3239,3239,2,2,8,273,validation,0
A3240,3240,2,2,8,271,validation,0
A3241,3241,2,2,8,191,training,0
A3242,3242,2,2,8,336,test,0
A3243,3243,2,2,8,193,training,0
A3244,3244,2,2,8,173,training,0
A3245,3245,2,2,8,114,training,0
A3246,3246,2,2,8,203,training,0
A3247,3247,2,2,8,349,test,0
A3248,3248,2,2,8,301,validation,0
A3249,3249,2,2,8,113,training,0
A3250,3250,2,2,8,353,test,0
A3251,3251,2,2,8,330,test,0
A3252,3252,2,2,8,292,validation,0
A3253,3253,2,2,8,319,validation,0
A3254,3254,2,2,8,285,validation,0
A3255,3255,2,2,8,63,training,0
A3256,3256,2,2,8,362,test,0
A3257,3257,2,2,8,240,training,0
A3258,3258,2,2,8,50,training,0
A3259,3259,2,2,8,360,test,0
A3260,3260,2,2,8,246,training,0
A3261,3261,2,2,8,270,validation,0
A3262,3262,2,2,8,373,test,0
A3263,3263,2,2,8,333,test,0
A3264,3264,2,2,8,375,test,0
A3265,3265,2,2,8,276,validation,0
A3266,3266,2,2,8,235,training,0
A3267,3267,2,2,8,197,training,0
A3268,3268,2,2,8,283,validation,0
A3269,3269,2,2,8,134,training,0
A3270,3270,2,2,8,188,training,0
A3271,3271,2,2,8,183,training,0
A3272,3272,2,2,8,2,training,0
A3273,3273,2,2,8,277,validation,0
A3274,3274,2,2,8,150,training,0
A3275,3275,2,2,8,249,training,0
A3276,3276,2,2,8,237,training,0
A3277,3277,2,2,8,364,test,0
A3278,3278,2,2,8,175,training,0
A3279,3279,2,2,8,104,training,0
A3280,3280,2,2,8,128,training,0
A3281,3281,2,2,8,7,training,0
A3282,3282,2,2,8,287,validation,0
A3283,3283,2,2,8,347,test,0
A3284,3284,2,2,8,343,test,0
A3285,3285,2,2,8,47,training,0
A3286,3286,2,2,8,260,training,0
A3287,3287,2,2,8,325,test,0
A3288,3288,2,2,8,49,training,0
A3289,3289,2,2,8,368,test,0
A3290,3290,2,2,8,82,training,0
A3291,3291,2,2,8,341,test,0
A3292,3292,2,2,8,252,training,0
A3293,3293,2,2,8,18,training,0
A3294,3294,2,2,8,117,training,0
A3295,3295,2,2,8,109,training,0
A3296,3296,2,2,8,200,training,0
A3297,3297,2,2,8,25,training,0
A3298,3298,2,2,8,135,training,0
A3299,3299,2,2,8,318,validation,0
A3300,3300,2,2,8,257,training,0
A3301,3301,2,2,8,70,training,0
A3302,3302,2,2,8,316,validation,0
A3303,3303,2,2,8,72,training,0
A3304,3304,2,2,8,247,training,0
A3305,3305,2,2,8,348,test,0
A3306,3306,2,2,8,92,training,0
A3307,3307,2,2,8,12,training,0
A3308,3308,2,2,8,77,training,0
A3309,3309,2,2,8,139,training,0
A3310,3310,2,2,8,41,training,0
A3311,3311,2,2,8,5,training,0
A3312,3312,2,2,8,155,training,0
A3313,3313,2,2,8,143,training,0
A3314,3314,2,2,8,89,training,0
A3315,3315,2,2,8,186,training,0
A3316,3316,2,2,8,74,training,0
A3317,3317,2,2,8,251,training,0
A3318,3318,2,2,8,46,training,0
A3319,3319,2,2,8,281,validation,0
A3320,3320,2,2,8,184,training,0
A3321,3321,2,2,8,288,validation,0
A3322,3322,2,2,8,328,test,0
A3323,3323,2,2,8,85,training,0
A3324,3324,2,2,8,224,training,0
A3325,3325,2,2,8,86,training,0
A3326,3326,2,2,8,127,training,0
A3327,3327,2,2,8,51,training,0
A3328,3328,2,2,8,290,validation,0
A3329,3329,2,2,8,358,test,0
A3330,3330,2,2,8,14,training,0
A3331,3331,2,2,8,205,training,0
A3332,3332,2,2,8,236,training,0
A3333,3333,2,2,8,39,training,0
A3334,3334,2,2,8,171,training,0
A3335,3335,2,2,8,304,validation,0
A3336,3336,2,2,8,309,validation,0
A3337,3337,2,2,8,361,test,0
A3338,3338,2,2,8,231,training,0
A3339,3339,2,2,8,320,validation,0
A3340,3340,2,2,8,152,training,0
A3341,3341,2,2,8,20,training,0
A3342,3342,2,2,8,28,training,0
A3343,3343,2,2,8,232,training,0
A3344,3344,2,2,8,299,validation,0
A3345,3345,2,2,8,265,validation,0
A3346,3346,2,2,8,312,validation,0
A3347,3347,2,2,8,101,training,0
A3348,3348,2,2,8,310,validation,0
A3349,3349,2,2,8,167,training,0
A3350,3350,2,2,8,339,test,0
A3351,3351,2,2,8,165,training,0
A3352,3352,2,2,8,159,training,0
A3353,3353,2,2,8,344,test,0
A3354,3354,2,2,8,192,training,0
A3355,3355,2,2,8,157,training,0
A3356,3356,2,2,8,213,training,0
A3357,3357,2,2,8,289,validation,0
A3358,3358,2,2,8,194,training,0
A3359,3359,2,2,8,161,training,0
A3360,3360,2,2,8,80,training,0
A3361,3361,2,2,8,268,validation,0
A3362,3362,2,2,8,172,training,0
A3363,3363,2,2,8,93,training,0
A3364,3364,2,2,8,274,validation,0
A3365,3365,2,2,8,218,training,0
A3366,3366,2,2,8,88,training,0
A3367,3367,2,2,8,259,training,0
A3368,3368,2,2,8,315,validation,0
A3369,3369,2,2,8,266,validation,0
A3370,3370,2,2,8,0,training,0
A3371,3371,2,2,8,180,training,0
A3372,3372,2,2,8,30,training,0
A3373,3373,2,2,8,201,training,0
A3374,3374,2,2,8,61,training,0
A3375,3375,2,2,8,156,training,0
A3376,3376,2,2,8,136,training,0
A3377,3377,2,2,8,219,training,0
A3378,3378,2,2,8,168,training,0
A3379,3379,2,2,8,10,training,0
A3380,3380,2,2,8,23,training,0
A3381,3381,2,2,8,90,training,0
A3382,3382,2,2,8,121,training,0
A3383,3383,2,2,8,44,training,0
A3384,3384,2,2,8,169,training,0
A3385,3385,2,2,8,6,training,0
A3386,3386,2,2,8,62,training,0
A3387,3387,2,2,8,17,training,0
A3388,3388,2,2,8,253,training,0
A3389,3389,2,2,8,220,training,0
A3390,3390,2,2,8,132,training,0
A3391,3391,2,2,8,112,training,0
A3392,3392,2,2,8,106,training,0
A3393,3393,2,2,8,69,training,0
A3394,3394,2,2,8,227,training,0
A3395,3395,2,2,8,282,validation,0
A3396,3396,2,2,8,68,training,0
A3397,3397,2,2,8,298,validation,0
A3398,3398,2,2,8,16,training,0
A3399,3399,2,2,8,75,training,0
A3400,3400,2,2,8,32,training,0
A3401,3401,2,2,8,342,test,0
A3402,3402,3,0,9,48,training,0
A3403,3403,3,0,9,29,training,0
A3404,3404,3,0,9,339,test,0
A3405,3405,3,0,9,366,test,0
A3406,3406,3,0,9,323,test,0
A3407,3407,3,0,9,202,training,0
A3408,3408,3,0,9,324,test,0
A3409,3409,3,0,9,270,validation,0
A3410,3410,3,0,9,344,test,0
A3411,3411,3,0,9,7,training,0
A3412,3412,3,0,9,137,training,0
A3413,3413,3,0,9,82,training,0
A3414,3414,3,0,9,353,test,0
A3415,3415,3,0,9,376,test,0
A3416,3416,3,0,9,358,test,0
A3417,3417,3,0,9,65,training,0
A3418,3418,3,0,9,213,training,0
A3419,3419,3,0,9,245,training,0
A3420,3420,3,0,9,130,training,0
A3421,3421,3,0,9,319,validation,0
A3422,3422,3,0,9,99,training,0
A3423,3423,3,0,9,280,validation,0
A3424,3424,3,0,9,167,training,0
A3425,3425,3,0,9,252,training,0
A3426,3426,3,0,9,41,training,0
A3427,3427,3,0,9,103,training,0
A3428,3428,3,0,9,21,training,0
A3429,3429,3,0,9,4,training,0
A3430,3430,3,0,9,13,training,0
A3431,3431,3,0,9,276,validation,0
A3432,3432,3,0,9,229,training,0
A3433,3433,3,0,9,96,training,0
A3434,3434,3,0,9,15,training,0
A3435,3435,3,0,9,199,training,0
A3436,3436,3,0,9,97,training,0
A3437,3437,3,0,9,134,training,0
A3438,3438,3,0,9,109,training,0
A3439,3439,3,0,9,223,training,0
A3440,3440,3,0,9,47,training,0
A3441,3441,3,0,9,105,training,0
A3442,3442,3,0,9,183,training,0
A3443,3443,3,0,9,201,training,0
A3444,3444,3,0,9,257,training,0
A3445,3445,3,0,9,244,training,0
A3446,3446,3,0,9,216,training,0
A3447,3447,3,0,9,121,training,0
A3448,3448,3,0,9,175,training,0
A3449,3449,3,0,9,117,training,0
A3450,3450,3,0,9,144,training,0
A3451,3451,3,0,9,333,test,0
A3452,3452,3,0,9,114,training,0
A3453,3453,3,0,9,95,training,0
A3454,3454,3,0,9,361,test,0
A3455,3455,3,0,9,166,training,0
A3456,3456,3,0,9,235,training,0
A3457,3457,3,0,9,126,training,0
A3458,3458,3,0,9,177,training,0
A3459,3459,3,0,9,278,validation,0
A3460,3460,3,0,9,224,training,0
A3461,3461,3,0,9,174,training,0
A3462,3462,3,0,9,343,test,0
A3463,3463,3,0,9,5,training,0
A3464,3464,3,0,9,374,test,0
A3465,3465,3,0,9,309,validation,0
A3466,3466,3,0,9,248,training,0
A3467,3467,3,0,9,98,training,0
A3468,3468,3,0,9,40,training,0
A3469,3469,3,0,9,259,training,0
A3470,3470,3,0,9,1,training,0
A3471,3471,3,0,9,253,training,0
A3472,3472,3,0,9,147,training,0
A3473,3473,3,0,9,160,training,0
A3474,3474,3,0,9,196,training,0
A3475,3475,3,0,9,8,training,0
A3476,3476,3,0,9,46,training,0
A3477,3477,3,0,9,372,test,0
A3478,3478,3,0,9,67,training,0
A3479,3479,3,0,9,132,training,0
A3480,3480,3,0,9,214,training,0
A3481,3481,3,0,9,20,training,0
A3482,3482,3,0,9,322,test,0
A3483,3483,3,0,9,292,validation,0
A3484,3484,3,0,9,282,validation,0
A3485,3485,3,0,9,359,test,0
A3486,3486,3,0,9,176,training,0
A3487,3487,3,0,9,238,training,0
A3488,3488,3,0,9,28,training,0
A3489,3489,3,0,9,55,training,0
A3490,3490,3,0,9,237,training,0
A3491,3491,3,0,9,311,validation,0
A3492,3492,3,0,9,320,validation,0
A3493,3493,3,0,9,261,training,0
A3494,3494,3,0,9,120,training,0
A3495,3495,3,0,9,138,training,0
A3496,3496,3,0,9,136,training,0
A3497,3497,3,0,9,352,test,0
A3498,3498,3,0,9,251,training,0
A3499,3499,3,0,9,133,training,0
A3500,3500,3,0,9,260,training,0
A3501,3501,3,0,9,119,training,0
A3502,3502,3,0,9,349,test,0
A3503,3503,3,0,9,38,training,0
A3504,3504,3,0,9,12,training,0
A3505,3505,3,0,9,281,validation,0
A3506,3506,3,0,9,185,training,0
A3507,3507,3,0,9,108,training,0
A3508,3508,3,0,9,94,training,0
A3509,3509,3,0,9,81,training,0
A3510,3510,3,0,9,30,training,0
A3511,3511,3,0,9,305,validation,0
A3512,3512,3,0,9,300,validation,0
A3513,3513,3,0,9,189,training,0
A3514,3514,3,0,9,148,training,0
A3515,3515,3,0,9,258,training,0
A3516,3516,3,0,9,68,training,0
A3517,3517,3,0,9,62,training,0
A3518,3518,3,0,9,205,training,0
A3519,3519,3,0,9,218,training,0
A3520,3520,3,0,9,210,training,0
A3521,3521,3,0,9,60,training,0
A3522,3522,3,0,9,332,test,0
A3523,3523,3,0,9,187,training,0
A3524,3524,3,0,9,152,training,0
A3525,3525,3,0,9,200,training,0
A3526,3526,3,0,9,17,training,0
A3527,3527,3,0,9,338,test,0
A3528,3528,3,0,9,228,training,0
A3529,3529,3,0,9,303,validation,0
A3530,3530,3,0,9,89,training,0
A3531,3531,3,0,9,53,training,0
A3532,3532,3,0,9,54,training,0
A3533,3533,3,0,9,211,training,0
A3534,3534,3,0,9,197,training,0
A3535,3535,3,0,9,31,training,0
A3536,3536,3,0,9,217,training,0
A3537,3537,3,0,9,263,training,0
A3538,3538,3,0,9,241,training,0
A3539,3539,3,0,9,58,training,0
A3540,3540,3,0,9,342,test,0
A3541,3541,3,0,9,34,training,0
A3542,3542,3,0,9,291,validation,0
A3543,3543,3,0,9,125,training,0
A3544,3544,3,0,9,226,training,0
A3545,3545,3,0,9,367,test,0
A3546,3546,3,0,9,100,training,0
A3547,3547,3,0,9,306,validation,0
A3548,3548,3,0,9,111,training,0
A3549,3549,3,0,9,314,validation,0
A3550,3550,3,0,9,287,validation,0
A3551,3551,3,0,9,27,training,0
A3552,3552,3,0,9,363,test,0
A3553,3553,3,0,9,356,test,0
A3554,3554,3,0,9,71,training,0
A3555,3555,3,0,9,225,training,0
A3556,3556,3,0,9,347,test,0
A3557,3557,3,0,9,254,training,0
A3558,3558,3,0,9,158,training,0
A3559,3559,3,0,9,168,training,0
A3560,3560,3,0,9,315,validation,0
A3561,3561,3,0,9,14,training,0
A3562,3562,3,0,9,182,training,0
A3563,3563,3,0,9,368,test,0
A3564,3564,3,0,9,294,validation,0
A3565,3565,3,0,9,249,training,0
A3566,3566,3,0,9,127,training,0
A3567,3567,3,0,9,77,training,0
A3568,3568,3,0,9,154,training,0
A3569,3569,3,0,9,271,validation,0
A3570,3570,3,0,9,145,training,0
A3571,3571,3,0,9,3,training,0
A3572,3572,3,0,9,142,training,0
A3573,3573,3,0,9,212,training,0
A3574,3574,3,0,9,302,validation,0
A3575,3575,3,0,9,190,training,0
A3576,3576,3,0,9,207,training,0
A3577,3577,3,0,9,295,validation,0
A3578,3578,3,0,9,164,training,0
A3579,3579,3,0,9,297,validation,0
A3580,3580,3,0,9,262,training,0
A3581,3581,3,0,9,246,training,0
A3582,3582,3,0,9,18,training,0
A3583,3583,3,0,9,184,training,0
A3584,3584,3,0,9,288,validation,0
A3585,3585,3,0,9,49,training,0
A3586,3586,3,0,9,337,test,0
A3587,3587,3,0,9,135,training,0
A3588,3588,3,0,9,44,training,0
A3589,3589,3,0,9,227,training,0
A3590,3590,3,0,9,25,training,0
A3591,3591,3,0,9,268,validation,0
A3592,3592,3,0,9,73,training,0
A3593,3593,3,0,9,208,training,0
A3594,3594,3,0,9,87,training,0
A3595,3595,3,0,9,76,training,0
A3596,3596,3,0,9,310,validation,0
A3597,3597,3,0,9,301,validation,0
A3598,3598,3,0,9,313,validation,0
A3599,3599,3,0,9,193,training,0
A3600,3600,3,0,9,316,validation,0
A3601,3601,3,0,9,19,training,0
A3602,3602,3,0,9,112,training,0
A3603,3603,3,0,9,267,validation,0
A3604,3604,3,0,9,93,training,0
A3605,3605,3,0,9,186,training,0
A3606,3606,3,0,9,106,training,0
A3607,3607,3,0,9,243,training,0
A3608,3608,3,0,9,369,test,0
A3609,3609,3,0,9,373,test,0
A3610,3610,3,0,9,239,training,0
A3611,3611,3,0,9,59,training,0
A3612,3612,3,0,9,325,test,0
A3613,3613,3,0,9,308,validation,0
A3614,3614,3,0,9,131,training,0
A3615,3615,3,0,9,173,training,0
A3616,3616,3,0,9,163,training,0
A3617,3617,3,0,9,179,training,0
A3618,3618,3,0,9,139,training,0
A3619,3619,3,0,9,326,test,0
A3620,3620,3,0,9,375,test,0
A3621,3621,3,0,9,266,validation,0
A3622,3622,3,0,9,231,training,0
A3623,3623,3,0,9,279,validation,0
A3624,3624,3,0,9,2,training,0
A3625,3625,3,0,9,240,training,0
A3626,3626,3,0,9,293,validation,0
A3627,3627,3,0,9,64,training,0
A3628,3628,3,0,9,122,training,0
A3629,3629,3,0,9,0,training,0
A3630,3630,3,0,9,312,validation,0
A3631,3631,3,0,9,340,test,0
A3632,3632,3,0,9,83,training,0
A3633,3633,3,0,9,335,test,0
A3634,3634,3,0,9,354,test,0
A3635,3635,3,0,9,156,training,0
A3636,3636,3,0,9,36,training,0
A3637,3637,3,0,9,90,training,0
A3638,3638,3,0,9,180,training,0
A3639,3639,3,0,9,42,training,0
A3640,3640,3,0,9,92,training,0
A3641,3641,3,0,9,32,training,0
A3642,3642,3,0,9,250,training,0
A3643,3643,3,0,9,242,training,0
A3644,3644,3,0,9,169,training,0
A3645,3645,3,0,9,269,validation,0
A3646,3646,3,0,9,78,training,0
A3647,3647,3,0,9,124,training,0
A3648,3648,3,0,9,86,training,0
A3649,3649,3,0,9,143,training,0
A3650,3650,3,0,9,159,training,0
A3651,3651,3,0,9,336,test,0
A3652,3652,3,0,9,348,test,0
A3653,3653,3,0,9,256,training,0
A3654,3654,3,0,9,377,test,0
A3655,3655,3,0,9,116,training,0
A3656,3656,3,0,9,150,training,0
A3657,3657,3,0,9,16,training,0
A3658,3658,3,0,9,232,training,0
A3659,3659,3,0,9,102,training,0
A3660,3660,3,0,9,72,training,0
A3661,3661,3,0,9,296,validation,0
A3662,3662,3,0,9,203,training,0
A3663,3663,3,0,9,215,training,0
A3664,3664,3,0,9,45,training,0
A3665,3665,3,0,9,52,training,0
A3666,3666,3,0,9,255,training,0
A3667,3667,3,0,9,85,training,0
A3668,3668,3,0,9,57,training,0
A3669,3669,3,0,9,66,training,0
A3670,3670,3,0,9,146,training,0
A3671,3671,3,0,9,321,test,0
A3672,3672,3,0,9,370,test,0
A3673,3673,3,0,9,155,training,0
A3674,3674,3,0,9,273,validation,0
A3675,3675,3,0,9,75,training,0
A3676,3676,3,0,9,91,training,0
A3677,3677,3,0,9,277,validation,0
A3678,3678,3,0,9,80,training,0
A3679,3679,3,0,9,351,test,0
A3680,3680,3,0,9,39,training,0
A3681,3681,3,0,9,328,test,0
A3682,3682,3,0,9,345,test,0
A3683,3683,3,0,9,153,training,0
A3684,3684,3,0,9,33,training,0
A3685,3685,3,0,9,79,training,0
A3686,3686,3,0,9,290,validation,0
A3687,3687,3,0,9,317,validation,0
A3688,3688,3,0,9,221,training,0
A3689,3689,3,0,9,299,validation,0
A3690,3690,3,0,9,115,training,0
A3691,3691,3,0,9,149,training,0
A3692,3692,3,0,9,107,training,0
A3693,3693,3,0,9,329,test,0
A3694,3694,3,0,9,289,validation,0
A3695,3695,3,0,9,161,training,0
A3696,3696,3,0,9,84,training,0
A3697,3697,3,0,9,274,validation,0
A3698,3698,3,0,9,357,test,0
A3699,3699,3,0,9,330,test,0
A3700,3700,3,0,9,129,training,0
A3701,3701,3,0,9,331,test,0
A3702,3702,3,0,9,118,training,0
A3703,3703,3,0,9,101,training,0
A3704,3704,3,0,9,43,training,0
A3705,3705,3,0,9,172,training,0
A3706,3706,3,0,9,298,validation,0
A3707,3707,3,0,9,365,test,0
A3708,3708,3,0,9,11,training,0
A3709,3709,3,0,9,206,training,0
A3710,3710,3,0,9,9,training,0
A3711,3711,3,0,9,275,validation,0
A3712,3712,3,0,9,327,test,0
A3713,3713,3,0,9,151,training,0
A3714,3714,3,0,9,284,validation,0
A3715,3715,3,0,9,286,validation,0
A3716,3716,3,0,9,234,training,0
A3717,3717,3,0,9,74,training,0
A3718,3718,3,0,9,285,validation,0
A3719,3719,3,0,9,10,training,0
A3720,3720,3,0,9,371,test,0
A3721,3721,3,0,9,318,validation,0
A3722,3722,3,0,9,272,validation,0
A3723,3723,3,0,9,209,training,0
A3724,3724,3,0,9,61,training,0
A3725,3725,3,0,9,188,training,0
A3726,3726,3,0,9,307,validation,0
A3727,3727,3,0,9,162,training,0
A3728,3728,3,0,9,50,training,0
A3729,3729,3,0,9,364,test,0
A3730,3730,3,0,9,170,training,0
A3731,3731,3,0,9,194,training,0
A3732,3732,3,0,9,362,test,0
A3733,3733,3,0,9,70,training,0
A3734,3734,3,0,9,171,training,0
A3735,3735,3,0,9,51,training,0
A3736,3736,3,0,9,360,test,0
A3737,3737,3,0,9,35,training,0
A3738,3738,3,0,9,230,training,0
A3739,3739,3,0,9,128,training,0
A3740,3740,3,0,9,165,training,0
A3741,3741,3,0,9,191,training,0
A3742,3742,3,0,9,110,training,0
A3743,3743,3,0,9,346,test,0
A3744,3744,3,0,9,264,validation,0
A3745,3745,3,0,9,63,training,0
A3746,3746,3,0,9,283,validation,0
A3747,3747,3,0,9,236,training,0
A3748,3748,3,0,9,37,training,0
A3749,3749,3,0,9,24,training,0
A3750,3750,3,0,9,56,training,0
A3751,3751,3,0,9,265,validation,0
A3752,3752,3,0,9,341,test,0
A3753,3753,3,0,9,178,training,0
A3754,3754,3,0,9,123,training,0
A3755,3755,3,0,9,69,training,0
A3756,3756,3,0,9,23,training,0
A3757,3757,3,0,9,195,training,0
A3758,3758,3,0,9,6,training,0
A3759,3759,3,0,9,219,training,0
A3760,3760,3,0,9,181,training,0
A3761,3761,3,0,9,222,training,0
A3762,3762,3,0,9,140,training,0
A3763,3763,3,0,9,26,training,0
A3764,3764,3,0,9,355,test,0
A3765,3765,3,0,9,192,training,0
A3766,3766,3,0,9,350,test,0
A3767,3767,3,0,9,141,training,0
A3768,3768,3,0,9,88,training,0
A3769,3769,3,0,9,198,training,0
A3770,3770,3,0,9,334,test,0
A3771,3771,3,0,9,304,validation,0
A3772,3772,3,0,9,104,training,0
A3773,3773,3,0,9,247,training,0
A3774,3774,3,0,9,157,training,0
A3775,3775,3,0,9,204,training,0
A3776,3776,3,0,9,22,training,0
A3777,3777,3,0,9,113,training,0
A3778,3778,3,0,9,233,training,0
A3779,3779,3,0,9,220,training,0
A3780,3780,3,1,10,276,validation,0
A3781,3781,3,1,10,28,training,0
A3782,3782,3,1,10,82,training,0
A3783,3783,3,1,10,24,training,0
A3784,3784,3,1,10,45,training,0
A3785,3785,3,1,10,334,test,0
A3786,3786,3,1,10,349,test,0
A3787,3787,3,1,10,127,training,0
A3788,3788,3,1,10,105,training,0
A3789,3789,3,1,10,14,training,0
A3790,3790,3,1,10,360,test,0
A3791,3791,3,1,10,8,training,0
A3792,3792,3,1,10,70,training,0
A3793,3793,3,1,10,171,training,0
A3794,3794,3,1,10,165,training,0
A3795,3795,3,1,10,74,training,0
A3796,3796,3,1,10,91,training,0
A3797,3797,3,1,10,296,validation,0
A3798,3798,3,1,10,341,test,0
A3799,3799,3,1,10,273,validation,0
A3800,3800,3,1,10,263,training,0
A3801,3801,3,1,10,303,validation,0
A3802,3802,3,1,10,183,training,0
A3803,3803,3,1,10,23,training,0
A3804,3804,3,1,10,22,training,0
A3805,3805,3,1,10,194,training,0
A3806,3806,3,1,10,337,test,0
A3807,3807,3,1,10,361,test,0
A3808,3808,3,1,10,247,training,0
A3809,3809,3,1,10,321,test,0
A3810,3810,3,1,10,199,training,0
A3811,3811,3,1,10,212,training,0
A3812,3812,3,1,10,143,training,0
A3813,3813,3,1,10,202,training,0
A3814,3814,3,1,10,235,training,0
A3815,3815,3,1,10,87,training,0
A3816,3816,3,1,10,140,training,0
A3817,3817,3,1,10,333,test,0
A3818,3818,3,1,10,317,validation,0
A3819,3819,3,1,10,79,training,0
A3820,3820,3,1,10,1,training,0
A3821,3821,3,1,10,53,training,0
A3822,3822,3,1,10,78,training,0
A3823,3823,3,1,10,316,validation,0
A3824,3824,3,1,10,2,training,0
A3825,3825,3,1,10,187,training,0
A3826,3826,3,1,10,5,training,0
A3827,3827,3,1,10,366,test,0
A3828,3828,3,1,10,93,training,0
A3829,3829,3,1,10,42,training,0
A3830,3830,3,1,10,120,training,0
A3831,3831,3,1,10,76,training,0
A3832,3832,3,1,10,319,validation,0
A3833,3833,3,1,10,249,training,0
A3834,3834,3,1,10,129,training,0
A3835,3835,3,1,10,56,training,0
A3836,3836,3,1,10,167,training,0
A3837,3837,3,1,10,354,test,0
A3838,3838,3,1,10,328,test,0
A3839,3839,3,1,10,234,training,0
A3840,3840,3,1,10,347,test,0
A3841,3841,3,1,10,0,training,0
A3842,3842,3,1,10,262,training,0
A3843,3843,3,1,10,370,test,0
A3844,3844,3,1,10,46,training,0
A3845,3845,3,1,10,229,training,0
A3846,3846,3,1,10,92,training,0
A3847,3847,3,1,10,89,training,0
A3848,3848,3,1,10,373,test,0
A3849,3849,3,1,10,329,test,0
A3850,3850,3,1,10,139,training,0
A3851,3851,3,1,10,153,training,0
A3852,3852,3,1,10,121,training,0
A3853,3853,3,1,10,7,training,0
A3854,3854,3,1,10,372,test,0
A3855,3855,3,1,10,17,training,0
A3856,3856,3,1,10,288,validation,0
A3857,3857,3,1,10,135,training,0
A3858,3858,3,1,10,115,training,0
A3859,3859,3,1,10,348,test,0
A3860,3860,3,1,10,246,training,0
A3861,3861,3,1,10,332,test,0
A3862,3862,3,1,10,106,training,0
A3863,3863,3,1,10,88,training,0
A3864,3864,3,1,10,259,training,0
A3865,3865,3,1,10,31,training,0
A3866,3866,3,1,10,144,training,0
A3867,3867,3,1,10,32,training,0
A3868,3868,3,1,10,122,training,0
A3869,3869,3,1,10,251,training,0
A3870,3870,3,1,10,54,training,0
A3871,3871,3,1,10,227,training,0
A3872,3872,3,1,10,67,training,0
A3873,3873,3,1,10,21,training,0
A3874,3874,3,1,10,352,test,0
A3875,3875,3,1,10,217,training,0
A3876,3876,3,1,10,322,test,0
A3877,3877,3,1,10,118,training,0
A3878,3878,3,1,10,55,training,0
A3879,3879,3,1,10,312,validation,0
A3880,3880,3,1,10,186,training,0
A3881,3881,3,1,10,41,training,0
A3882,3882,3,1,10,59,training,0
A3883,3883,3,1,10,85,training,0
A3884,3884,3,1,10,134,training,0
A3885,3885,3,1,10,323,test,0
A3886,3886,3,1,10,343,test,0
A3887,3887,3,1,10,280,validation,0
A3888,3888,3,1,10,170,training,0
A3889,3889,3,1,10,188,training,0
A3890,3890,3,1,10,283,validation,0
A3891,3891,3,1,10,346,test,0
A3892,3892,3,1,10,232,training,0
A3893,3893,3,1,10,3,training,0
A3894,3894,3,1,10,169,training,0
A3895,3895,3,1,10,345,test,0
A3896,3896,3,1,10,19,training,0
A3897,3897,3,1,10,156,training,0
A3898,3898,3,1,10,310,validation,0
A3899,3899,3,1,10,138,training,0
A3900,3900,3,1,10,362,test,0
A3901,3901,3,1,10,277,validation,0
A3902,3902,3,1,10,315,validation,0
A3903,3903,3,1,10,331,test,0
A3904,3904,3,1,10,58,training,0
A3905,3905,3,1,10,33,training,0
A3906,3906,3,1,10,10,training,0
A3907,3907,3,1,10,110,training,0
A3908,3908,3,1,10,64,training,0
A3909,3909,3,1,10,267,validation,0
A3910,3910,3,1,10,60,training,0
A3911,3911,3,1,10,102,training,0
A3912,3912,3,1,10,195,training,0
A3913,3913,3,1,10,158,training,0
A3914,3914,3,1,10,209,training,0
A3915,3915,3,1,10,239,training,0
A3916,3916,3,1,10,81,training,0
A3917,3917,3,1,10,314,validation,0
A3918,3918,3,1,10,177,training,0
A3919,3919,3,1,10,282,validation,0
A3920,3920,3,1,10,248,training,0
A3921,3921,3,1,10,90,training,0
A3922,3922,3,1,10,168,training,0
A3923,3923,3,1,10,68,training,0
A3924,3924,3,1,10,9,training,0
A3925,3925,3,1,10,174,training,0
A3926,3926,3,1,10,40,training,0
A3927,3927,3,1,10,367,test,0
A3928,3928,3,1,10,103,training,0
A3929,3929,3,1,10,258,training,0
A3930,3930,3,1,10,207,training,0
A3931,3931,3,1,10,111,training,0
A3932,3932,3,1,10,95,training,0
A3933,3933,3,1,10,113,training,0
A3934,3934,3,1,10,292,validation,0
A3935,3935,3,1,10,311,validation,0
A3936,3936,3,1,10,336,test,0
A3937,3937,3,1,10,338,test,0
A3938,3938,3,1,10,163,training,0
A3939,3939,3,1,10,57,training,0
A3940,3940,3,1,10,197,training,0
A3941,3941,3,1,10,271,validation,0
A3942,3942,3,1,10,275,validation,0
A3943,3943,3,1,10,254,training,0
A3944,3944,3,1,10,286,validation,0
A3945,3945,3,1,10,108,training,0
A3946,3946,3,1,10,114,training,0
A3947,3947,3,1,10,290,validation,0
A3948,3948,3,1,10,335,test,0
A3949,3949,3,1,10,20,training,0
A3950,3950,3,1,10,52,training,0
A3951,3951,3,1,10,201,training,0
A3952,3952,3,1,10,116,training,0
A3953,3953,3,1,10,15,training,0
A3954,3954,3,1,10,176,training,0
A3955,3955,3,1,10,272,validation,0
A3956,3956,3,1,10,107,training,0
A3957,3957,3,1,10,192,training,0
A3958,3958,3,1,10,101,training,0
A3959,3959,3,1,10,166,training,0
A3960,3960,3,1,10,243,training,0
A3961,3961,3,1,10,141,training,0
A3962,3962,3,1,10,244,training,0
A3963,3963,3,1,10,125,training,0
A3964,3964,3,1,10,326,test,0
A3965,3965,3,1,10,182,training,0
A3966,3966,3,1,10,351,test,0
A3967,3967,3,1,10,281,validation,0
A3968,3968,3,1,10,161,training,0
A3969,3969,3,1,10,369,test,0
A3970,3970,3,1,10,318,validation,0
A3971,3971,3,1,10,363,test,0
A3972,3972,3,1,10,228,training,0
A3973,3973,3,1,10,307,validation,0
A3974,3974,3,1,10,206,training,0
A3975,3975,3,1,10,257,training,0
A3976,3976,3,1,10,180,training,0
A3977,3977,3,1,10,18,training,0
A3978,3978,3,1,10,241,training,0
A3979,3979,3,1,10,84,training,0
A3980,3980,3,1,10,63,training,0
A3981,3981,3,1,10,357,test,0
A3982,3982,3,1,10,293,validation,0
A3983,3983,3,1,10,66,training,0
A3984,3984,3,1,10,305,validation,0
A3985,3985,3,1,10,44,training,0
A3986,3986,3,1,10,175,training,0
A3987,3987,3,1,10,179,training,0
A3988,3988,3,1,10,253,training,0
A3989,3989,3,1,10,178,training,0
A3990,3990,3,1,10,291,validation,0
A3991,3991,3,1,10,172,training,0
A3992,3992,3,1,10,149,training,0
A3993,3993,3,1,10,268,validation,0
A3994,3994,3,1,10,98,training,0
A3995,3995,3,1,10,302,validation,0
A3996,3996,3,1,10,73,training,0
A3997,3997,3,1,10,173,training,0
A3998,3998,3,1,10,204,training,0
A3999,3999,3,1,10,83,training,0
A4000,4000,3,1,10,196,training,0
A4001,4001,3,1,10,250,training,0
A4002,4002,3,1,10,342,test,0
A4003,4003,3,1,10,191,training,0
A4004,4004,3,1,10,99,training,0
A4005,4005,3,1,10,208,training,0
A4006,4006,3,1,10,294,validation,0
A4007,4007,3,1,10,86,training,0
A4008,4008,3,1,10,306,validation,0
A4009,4009,3,1,10,62,training,0
A4010,4010,3,1,10,339,test,0
A4011,4011,3,1,10,25,training,0
A4012,4012,3,1,10,65,training,0
A4013,4013,3,1,10,237,training,0
A4014,4014,3,1,10,375,test,0
A4015,4015,3,1,10,270,validation,0
A4016,4016,3,1,10,164,training,0
A4017,4017,3,1,10,245,training,0
A4018,4018,3,1,10,137,training,0
A4019,4019,3,1,10,12,training,0
A4020,4020,3,1,10,131,training,0
A4021,4021,3,1,10,49,training,0
A4022,4022,3,1,10,301,validation,0
A4023,4023,3,1,10,364,test,0
A4024,4024,3,1,10,230,training,0
A4025,4025,3,1,10,355,test,0
A4026,4026,3,1,10,350,test,0
A4027,4027,3,1,10,132,training,0
A4028,4028,3,1,10,126,training,0
A4029,4029,3,1,10,330,test,0
A4030,4030,3,1,10,223,training,0
A4031,4031,3,1,10,189,training,0
A4032,4032,3,1,10,358,test,0
A4033,4033,3,1,10,214,training,0
A4034,4034,3,1,10,36,training,0
A4035,4035,3,1,10,130,training,0
A4036,4036,3,1,10,287,validation,0
A4037,4037,3,1,10,265,validation,0
A4038,4038,3,1,10,225,training,0
A4039,4039,3,1,10,157,training,0
A4040,4040,3,1,10,320,validation,0
A4041,4041,3,1,10,146,training,0
A4042,4042,3,1,10,216,training,0
A4043,4043,3,1,10,123,training,0
A4044,4044,3,1,10,43,training,0
A4045,4045,3,1,10,30,training,0
A4046,4046,3,1,10,284,validation,0
A4047,4047,3,1,10,16,training,0
A4048,4048,3,1,10,147,training,0
A4049,4049,3,1,10,255,training,0
A4050,4050,3,1,10,221,training,0
A4051,4051,3,1,10,231,training,0
A4052,4052,3,1,10,240,training,0
A4053,4053,3,1,10,96,training,0
A4054,4054,3,1,10,374,test,0
A4055,4055,3,1,10,289,validation,0
A4056,4056,3,1,10,13,training,0
A4057,4057,3,1,10,218,training,0
A4058,4058,3,1,10,308,validation,0
A4059,4059,3,1,10,94,training,0
A4060,4060,3,1,10,203,training,0
A4061,4061,3,1,10,39,training,0
A4062,4062,3,1,10,47,training,0
A4063,4063,3,1,10,313,validation,0
A4064,4064,3,1,10,72,training,0
A4065,4065,3,1,10,269,validation,0
A4066,4066,3,1,10,4,training,0
A4067,4067,3,1,10,29,training,0
A4068,4068,3,1,10,344,test,0
A4069,4069,3,1,10,124,training,0
A4070,4070,3,1,10,150,training,0
A4071,4071,3,1,10,80,training,0
A4072,4072,3,1,10,159,training,0
A4073,4073,3,1,10,48,training,0
A4074,4074,3,1,10,50,training,0
A4075,4075,3,1,10,285,validation,0
A4076,4076,3,1,10,224,training,0
A4077,4077,3,1,10,71,training,0
A4078,4078,3,1,10,300,validation,0
A4079,4079,3,1,10,309,validation,0
A4080,4080,3,1,10,324,test,0
A4081,4081,3,1,10,236,training,0
A4082,4082,3,1,10,109,training,0
A4083,4083,3,1,10,77,training,0
A4084,4084,3,1,10,97,training,0
A4085,4085,3,1,10,279,validation,0
A4086,4086,3,1,10,264,validation,0
A4087,4087,3,1,10,133,training,0
A4088,4088,3,1,10,104,training,0
A4089,4089,3,1,10,252,training,0
A4090,4090,3,1,10,327,test,0
A4091,4091,3,1,10,181,training,0
A4092,4092,3,1,10,155,training,0
A4093,4093,3,1,10,190,training,0
A4094,4094,3,1,10,117,training,0
A4095,4095,3,1,10,304,validation,0
A4096,4096,3,1,10,219,training,0
A4097,4097,3,1,10,160,training,0
A4098,4098,3,1,10,299,validation,0
A4099,4099,3,1,10,260,training,0
A4100,4100,3,1,10,34,training,0
A4101,4101,3,1,10,377,test,0
A4102,4102,3,1,10,220,training,0
A4103,4103,3,1,10,26,training,0
A4104,4104,3,1,10,148,training,0
A4105,4105,3,1,10,27,training,0
A4106,4106,3,1,10,365,test,0
A4107,4107,3,1,10,274,validation,0
A4108,4108,3,1,10,325,test,0
A4109,4109,3,1,10,205,training,0
A4110,4110,3,1,10,368,test,0
A4111,4111,3,1,10,200,training,0
A4112,4112,3,1,10,154,training,0
A4113,4113,3,1,10,376,test,0
A4114,4114,3,1,10,256,training,0
A4115,4115,3,1,10,278,validation,0
A4116,4116,3,1,10,298,validation,0
A4117,4117,3,1,10,37,training,0
A4118,4118,3,1,10,353,test,0
A4119,4119,3,1,10,211,training,0
A4120,4120,3,1,10,193,training,0
A4121,4121,3,1,10,213,training,0
A4122,4122,3,1,10,356,test,0
A4123,4123,3,1,10,371,test,0
A4124,4124,3,1,10,51,training,0
A4125,4125,3,1,10,75,training,0
A4126,4126,3,1,10,238,training,0
A4127,4127,3,1,10,6,training,0
A4128,4128,3,1,10,184,training,0
A4129,4129,3,1,10,119,training,0
A4130,4130,3,1,10,295,validation,0
A4131,4131,3,1,10,128,training,0
A4132,4132,3,1,10,112,training,0
A4133,4133,3,1,10,35,training,0
A4134,4134,3,1,10,145,training,0
A4135,4135,3,1,10,242,training,0
A4136,4136,3,1,10,136,training,0
A4137,4137,3,1,10,222,training,0
A4138,4138,3,1,10,261,training,0
A4139,4139,3,1,10,142,training,0
A4140,4140,3,1,10,215,training,0
A4141,4141,3,1,10,297,validation,0
A4142,4142,3,1,10,151,training,0
A4143,4143,3,1,10,38,training,0
A4144,4144,3,1,10,340,test,0
A4145,4145,3,1,10,198,training,0
A4146,4146,3,1,10,61,training,0
A4147,4147,3,1,10,162,training,0
A4148,4148,3,1,10,185,training,0
A4149,4149,3,1,10,226,training,0
A4150,4150,3,1,10,100,training,0
A4151,4151,3,1,10,152,training,0
A4152,4152,3,1,10,11,training,0
A4153,4153,3,1,10,266,validation,0
A4154,4154,3,1,10,359,test,0
A4155,4155,3,1,10,210,training,0
A4156,4156,3,1,10,69,training,0
A4157,4157,3,1,10,233,training,0
A4158,4158,3,2,11,287,validation,0
A4159,4159,3,2,11,13,training,0
A4160,4160,3,2,11,51,training,0
A4161,4161,3,2,11,127,training,0
A4162,4162,3,2,11,90,training,0
A4163,4163,3,2,11,231,training,0
A4164,4164,3,2,11,107,training,0
A4165,4165,3,2,11,259,training,0
A4166,4166,3,2,11,212,training,0
A4167,4167,3,2,11,168,training,0
A4168,4168,3,2,11,189,training,0
A4169,4169,3,2,11,126,training,0
A4170,4170,3,2,11,178,training,0
A4171,4171,3,2,11,224,training,0
A4172,4172,3,2,11,350,test,0
A4173,4173,3,2,11,28,training,0
A4174,4174,3,2,11,3,training,0
A4175,4175,3,2,11,115,training,0
A4176,4176,3,2,11,327,test,0
A4177,4177,3,2,11,316,validation,0
A4178,4178,3,2,11,360,test,0
A4179,4179,3,2,11,288,validation,0
A4180,4180,3,2,11,85,training,0
A4181,4181,3,2,11,281,validation,0
A4182,4182,3,2,11,63,training,0
A4183,4183,3,2,11,297,validation,0
A4184,4184,3,2,11,177,training,0
A4185,4185,3,2,11,291,validation,0
A4186,4186,3,2,11,93,training,0
A4187,4187,3,2,11,267,validation,0
A4188,4188,3,2,11,328,test,0
A4189,4189,3,2,11,147,training,0
A4190,4190,3,2,11,11,training,0
A4191,4191,3,2,11,251,training,0
A4192,4192,3,2,11,371,test,0
A4193,4193,3,2,11,322,test,0
A4194,4194,3,2,11,80,training,0
A4195,4195,3,2,11,205,training,0
A4196,4196,3,2,11,252,training,0
A4197,4197,3,2,11,35,training,0
A4198,4198,3,2,11,363,test,0
A4199,4199,3,2,11,315,validation,0
A4200,4200,3,2,11,274,validation,0
A4201,4201,3,2,11,46,training,0
A4202,4202,3,2,11,227,training,0
A4203,4203,3,2,11,193,training,0
A4204,4204,3,2,11,52,training,0
A4205,4205,3,2,11,230,training,0
A4206,4206,3,2,11,313,validation,0
A4207,4207,3,2,11,221,training,0
A4208,4208,3,2,11,292,validation,0
A4209,4209,3,2,11,21,training,0
A4210,4210,3,2,11,256,training,0
A4211,4211,3,2,11,241,training,0
A4212,4212,3,2,11,194,training,0
A4213,4213,3,2,11,100,training,0
A4214,4214,3,2,11,376,test,0
A4215,4215,3,2,11,162,training,0
A4216,4216,3,2,11,173,training,0
A4217,4217,3,2,11,43,training,0
A4218,4218,3,2,11,344,test,0
A4219,4219,3,2,11,335,test,0
A4220,4220,3,2,11,176,training,0
A4221,4221,3,2,11,226,training,0
A4222,4222,3,2,11,62,training,0
A4223,4223,3,2,11,377,test,0
A4224,4224,3,2,11,142,training,0
A4225,4225,3,2,11,117,training,0
A4226,4226,3,2,11,197,training,0
A4227,4227,3,2,11,207,training,0
A4228,4228,3,2,11,340,test,0
A4229,4229,3,2,11,8,training,0
A4230,4230,3,2,11,186,training,0
A4231,4231,3,2,11,56,training,0
A4232,4232,3,2,11,50,training,0
A4233,4233,3,2,11,342,test,0
A4234,4234,3,2,11,298,validation,0
A4235,4235,3,2,11,192,training,0
A4236,4236,3,2,11,158,training,0
A4237,4237,3,2,11,54,training,0
A4238,4238,3,2,11,229,training,0
A4239,4239,3,2,11,254,training,0
A4240,4240,3,2,11,102,training,0
A4241,4241,3,2,11,271,validation,0
A4242,4242,3,2,11,96,training,0
A4243,4243,3,2,11,38,training,0
A4244,4244,3,2,11,139,training,0
A4245,4245,3,2,11,275,validation,0
A4246,4246,3,2,11,23,training,0
A4247,4247,3,2,11,301,validation,0
A4248,4248,3,2,11,161,training,0
A4249,4249,3,2,11,76,training,0
A4250,4250,3,2,11,311,validation,0
A4251,4251,3,2,11,282,validation,0
A4252,4252,3,2,11,353,test,0
A4253,4253,3,2,11,34,training,0
A4254,4254,3,2,11,164,training,0
A4255,4255,3,2,11,285,validation,0
A4256,4256,3,2,11,60,training,0
A4257,4257,3,2,11,347,test,0
A4258,4258,3,2,11,84,training,0
A4259,4259,3,2,11,157,training,0
A4260,4260,3,2,11,211,training,0
A4261,4261,3,2,11,225,training,0
A4262,4262,3,2,11,368,test,0
A4263,4263,3,2,11,120,training,0
A4264,4264,3,2,11,296,validation,0
A4265,4265,3,2,11,196,training,0
A4266,4266,3,2,11,7,training,0
A4267,4267,3,2,11,318,validation,0
A4268,4268,3,2,11,355,test,0
A4269,4269,3,2,11,220,training,0
A4270,4270,3,2,11,250,training,0
A4271,4271,3,2,11,239,training,0
A4272,4272,3,2,11,181,training,0
A4273,4273,3,2,11,4,training,0
A4274,4274,3,2,11,242,training,0
A4275,4275,3,2,11,302,validation,0
A4276,4276,3,2,11,66,training,0
A4277,4277,3,2,11,83,training,0
A4278,4278,3,2,11,348,test,0
A4279,4279,3,2,11,87,training,0
A4280,4280,3,2,11,364,test,0
A4281,4281,3,2,11,188,training,0
A4282,4282,3,2,11,123,training,0
A4283,4283,3,2,11,25,training,0
A4284,4284,3,2,11,106,training,0
A4285,4285,3,2,11,338,test,0
A4286,4286,3,2,11,236,training,0
A4287,4287,3,2,11,6,training,0
A4288,4288,3,2,11,58,training,0
A4289,4289,3,2,11,216,training,0
A4290,4290,3,2,11,332,test,0
A4291,4291,3,2,11,222,training,0
A4292,4292,3,2,11,77,training,0
A4293,4293,3,2,11,204,training,0
A4294,4294,3,2,11,143,training,0
A4295,4295,3,2,11,228,training,0
A4296,4296,3,2,11,169,training,0
A4297,4297,3,2,11,140,training,0
A4298,4298,3,2,11,105,training,0
A4299,4299,3,2,11,195,training,0
A4300,4300,3,2,11,64,training,0
A4301,4301,3,2,11,124,training,0
A4302,4302,3,2,11,325,test,0
A4303,4303,3,2,11,154,training,0
A4304,4304,3,2,11,183,training,0
A4305,4305,3,2,11,279,validation,0
A4306,4306,3,2,11,214,training,0
A4307,4307,3,2,11,88,training,0
A4308,4308,3,2,11,268,validation,0
A4309,4309,3,2,11,125,training,0
A4310,4310,3,2,11,266,validation,0
A4311,4311,3,2,11,149,training,0
A4312,4312,3,2,11,72,training,0
A4313,4313,3,2,11,180,training,0
A4314,4314,3,2,11,303,validation,0
A4315,4315,3,2,11,170,training,0
A4316,4316,3,2,11,104,training,0
A4317,4317,3,2,11,372,test,0
A4318,4318,3,2,11,174,training,0
A4319,4319,3,2,11,346,test,0
A4320,4320,3,2,11,314,validation,0
A4321,4321,3,2,11,210,training,0
A4322,4322,3,2,11,1,training,0
A4323,4323,3,2,11,277,validation,0
A4324,4324,3,2,11,320,validation,0
A4325,4325,3,2,11,237,training,0
A4326,4326,3,2,11,289,validation,0
A4327,4327,3,2,11,263,training,0
A4328,4328,3,2,11,167,training,0
A4329,4329,3,2,11,155,training,0
A4330,4330,3,2,11,111,training,0
A4331,4331,3,2,11,358,test,0
A4332,4332,3,2,11,270,validation,0
A4333,4333,3,2,11,81,training,0
A4334,4334,3,2,11,136,training,0
A4335,4335,3,2,11,356,test,0
A4336,4336,3,2,11,116,training,0
A4337,4337,3,2,11,283,validation,0
A4338,4338,3,2,11,47,training,0
A4339,4339,3,2,11,294,validation,0
A4340,4340,3,2,11,354,test,0
A4341,4341,3,2,11,30,training,0
A4342,4342,3,2,11,179,training,0
A4343,4343,3,2,11,55,training,0
A4344,4344,3,2,11,29,training,0
A4345,4345,3,2,11,91,training,0
A4346,4346,3,2,11,172,training,0
A4347,4347,3,2,11,129,training,0
A4348,4348,3,2,11,41,training,0
A4349,4349,3,2,11,97,training,0
A4350,4350,3,2,11,326,test,0
A4351,4351,3,2,11,369,test,0
A4352,4352,3,2,11,0,training,0
A4353,4353,3,2,11,40,training,0
A4354,4354,3,2,11,262,training,0
A4355,4355,3,2,11,160,training,0
A4356,4356,3,2,11,15,training,0
A4357,4357,3,2,11,269,validation,0
A4358,4358,3,2,11,65,training,0
A4359,4359,3,2,11,272,validation,0
A4360,4360,3,2,11,247,training,0
A4361,4361,3,2,11,132,training,0
A4362,4362,3,2,11,138,training,0
A4363,4363,3,2,11,345,test,0
A4364,4364,3,2,11,234,training,0
A4365,4365,3,2,11,286,validation,0
A4366,4366,3,2,11,351,test,0
A4367,4367,3,2,11,114,training,0
A4368,4368,3,2,11,362,test,0
A4369,4369,3,2,11,199,training,0
A4370,4370,3,2,11,70,training,0
A4371,4371,3,2,11,92,training,0
A4372,4372,3,2,11,166,training,0
A4373,4373,3,2,11,133,training,0
A4374,4374,3,2,11,253,training,0
A4375,4375,3,2,11,59,training,0
A4376,4376,3,2,11,94,training,0
A4377,4377,3,2,11,19,training,0
A4378,4378,3,2,11,333,test,0
A4379,4379,3,2,11,306,validation,0
A4380,4380,3,2,11,44,training,0
A4381,4381,3,2,11,148,training,0
A4382,4382,3,2,11,209,training,0
A4383,4383,3,2,11,223,training,0
A4384,4384,3,2,11,144,training,0
A4385,4385,3,2,11,42,training,0
A4386,4386,3,2,11,99,training,0
A4387,4387,3,2,11,374,test,0
A4388,4388,3,2,11,295,validation,0
A4389,4389,3,2,11,238,training,0
A4390,4390,3,2,11,14,training,0
A4391,4391,3,2,11,79,training,0
A4392,4392,3,2,11,68,training,0
A4393,4393,3,2,11,89,training,0
A4394,4394,3,2,11,373,test,0
A4395,4395,3,2,11,201,training,0
A4396,4396,3,2,11,185,training,0
A4397,4397,3,2,11,12,training,0
A4398,4398,3,2,11,137,training,0
A4399,4399,3,2,11,191,training,0
A4400,4400,3,2,11,130,training,0
A4401,4401,3,2,11,246,training,0
A4402,4402,3,2,11,361,test,0
A4403,4403,3,2,11,305,validation,0
A4404,4404,3,2,11,336,test,0
A4405,4405,3,2,11,284,validation,0
A4406,4406,3,2,11,101,training,0
A4407,4407,3,2,11,321,test,0
A4408,4408,3,2,11,71,training,0
A4409,4409,3,2,11,122,training,0
A4410,4410,3,2,11,324,test,0
A4411,4411,3,2,11,69,training,0
A4412,4412,3,2,11,31,training,0
A4413,4413,3,2,11,152,training,0
A4414,4414,3,2,11,278,validation,0
A4415,4415,3,2,11,219,training,0
A4416,4416,3,2,11,202,training,0
A4417,4417,3,2,11,159,training,0
A4418,4418,3,2,11,365,test,0
A4419,4419,3,2,11,16,training,0
A4420,4420,3,2,11,33,training,0
A4421,4421,3,2,11,309,validation,0
A4422,4422,3,2,11,171,training,0
A4423,4423,3,2,11,39,training,0
A4424,4424,3,2,11,233,training,0
A4425,4425,3,2,11,249,training,0
A4426,4426,3,2,11,304,validation,0
A4427,4427,3,2,11,235,training,0
A4428,4428,3,2,11,49,training,0
A4429,4429,3,2,11,57,training,0
A4430,4430,3,2,11,108,training,0
A4431,4431,3,2,11,82,training,0
A4432,4432,3,2,11,24,training,0
A4433,4433,3,2,11,36,training,0
A4434,4434,3,2,11,156,training,0
A4435,4435,3,2,11,293,validation,0
A4436,4436,3,2,11,255,training,0
A4437,4437,3,2,11,261,training,0
A4438,4438,3,2,11,48,training,0
A4439,4439,3,2,11,175,training,0
A4440,4440,3,2,11,245,training,0
A4441,4441,3,2,11,110,training,0
A4442,4442,3,2,11,257,training,0
A4443,4443,3,2,11,323,test,0
A4444,4444,3,2,11,331,test,0
A4445,4445,3,2,11,317,validation,0
A4446,4446,3,2,11,258,training,0
A4447,4447,3,2,11,339,test,0
A4448,4448,3,2,11,232,training,0
A4449,4449,3,2,11,37,training,0
A4450,4450,3,2,11,290,validation,0
A4451,4451,3,2,11,135,training,0
A4452,4452,3,2,11,349,test,0
A4453,4453,3,2,11,134,training,0
A4454,4454,3,2,11,366,test,0
A4455,4455,3,2,11,357,test,0
A4456,4456,3,2,11,10,training,0
A4457,4457,3,2,11,163,training,0
A4458,4458,3,2,11,240,training,0
A4459,4459,3,2,11,165,training,0
A4460,4460,3,2,11,22,training,0
A4461,4461,3,2,11,182,training,0
A4462,4462,3,2,11,264,validation,0
A4463,4463,3,2,11,312,validation,0
A4464,4464,3,2,11,273,validation,0
A4465,4465,3,2,11,2,training,0
A4466,4466,3,2,11,329,test,0
A4467,4467,3,2,11,73,training,0
A4468,4468,3,2,11,244,training,0
A4469,4469,3,2,11,280,validation,0
A4470,4470,3,2,11,20,training,0
A4471,4471,3,2,11,190,training,0
A4472,4472,3,2,11,5,training,0
A4473,4473,3,2,11,17,training,0
A4474,4474,3,2,11,32,training,0
A4475,4475,3,2,11,330,test,0
A4476,4476,3,2,11,299,validation,0
A4477,4477,3,2,11,370,test,0
A4478,4478,3,2,11,150,training,0
A4479,4479,3,2,11,367,test,0
A4480,4480,3,2,11,213,training,0
A4481,4481,3,2,11,67,training,0
A4482,4482,3,2,11,18,training,0
A4483,4483,3,2,11,337,test,0
A4484,4484,3,2,11,334,test,0
A4485,4485,3,2,11,53,training,0
A4486,4486,3,2,11,95,training,0
A4487,4487,3,2,11,243,training,0
A4488,4488,3,2,11,128,training,0
A4489,4489,3,2,11,198,training,0
A4490,4490,3,2,11,308,validation,0
A4491,4491,3,2,11,341,test,0
A4492,4492,3,2,11,208,training,0
A4493,4493,3,2,11,310,validation,0
A4494,4494,3,2,11,300,validation,0
A4495,4495,3,2,11,112,training,0
A4496,4496,3,2,11,75,training,0
A4497,4497,3,2,11,352,test,0
A4498,4498,3,2,11,203,training,0
A4499,4499,3,2,11,375,test,0
A4500,4500,3,2,11,319,validation,0
A4501,4501,3,2,11,200,training,0
A4502,4502,3,2,11,265,validation,0
A4503,4503,3,2,11,153,training,0
A4504,4504,3,2,11,61,training,0
A4505,4505,3,2,11,27,training,0
A4506,4506,3,2,11,343,test,0
A4507,4507,3,2,11,109,training,0
A4508,4508,3,2,11,187,training,0
A4509,4509,3,2,11,206,training,0
A4510,4510,3,2,11,215,training,0
A4511,4511,3,2,11,217,training,0
A4512,4512,3,2,11,218,training,0
A4513,4513,3,2,11,113,training,0
A4514,4514,3,2,11,151,training,0
A4515,4515,3,2,11,98,training,0
A4516,4516,3,2,11,146,training,0
A4517,4517,3,2,11,276,validation,0
A4518,4518,3,2,11,86,training,0
A4519,4519,3,2,11,260,training,0
A4520,4520,3,2,11,307,validation,0
A4521,4521,3,2,11,359,test,0
A4522,4522,3,2,11,121,training,0
A4523,4523,3,2,11,119,training,0
A4524,4524,3,2,11,248,training,0
A4525,4525,3,2,11,45,training,0
A4526,4526,3,2,11,141,training,0
A4527,4527,3,2,11,184,training,0
A4528,4528,3,2,11,145,training,0
A4529,4529,3,2,11,9,training,0
A4530,4530,3,2,11,103,training,0
A4531,4531,3,2,11,118,training,0
A4532,4532,3,2,11,74,training,0
A4533,4533,3,2,11,78,training,0
A4534,4534,3,2,11,26,training,0
A4535,4535,3,2,11,131,training,0
